Pipeline TCC TFT | início 2026-09-26 01:56:04
Python 3.14.6 | Windows-11-10.0.26200-SP0 | cwd=D:\Estudos\TCC\tft_tcc_uspesalq_v2
Etapas: [1, 2, 3, 4, 5, 6, 7, 8, 9, 10, 11, 12, 13] | keep-going=False | logs em logs\20260926_015604
==========================================================================================
[1/13] extract | 2026-09-26 01:56:04
$ 01_extract.py
------------------------------------------------------------------------------------------
2026-09-26 01:56:05,778 | INFO | 2710 arquivos encontrados em raw

Extraindo:   0%|          | 0/2710 [00:00<?, ?it/s]
Extraindo:   0%|          | 2/2710 [00:00<02:34, 17.51it/s]
Extraindo:   0%|          | 4/2710 [00:00<02:38, 17.11it/s]
Extraindo:   0%|          | 6/2710 [00:00<02:42, 16.63it/s]
Extraindo:   0%|          | 8/2710 [00:00<02:50, 15.82it/s]
Extraindo:   0%|          | 10/2710 [00:00<02:53, 15.59it/s]
Extraindo:   0%|          | 12/2710 [00:00<02:53, 15.58it/s]
Extraindo:   1%|          | 14/2710 [00:00<02:55, 15.34it/s]
Extraindo:   1%|          | 16/2710 [00:01<02:57, 15.14it/s]
Extraindo:   1%|          | 18/2710 [00:01<02:58, 15.05it/s]
Extraindo:   1%|          | 20/2710 [00:01<03:01, 14.82it/s]
Extraindo:   1%|          | 22/2710 [00:01<03:05, 14.47it/s]
Extraindo:   1%|          | 24/2710 [00:01<03:07, 14.34it/s]
Extraindo:   1%|          | 26/2710 [00:01<03:10, 14.07it/s]
Extraindo:   1%|          | 28/2710 [00:03<11:09,  4.01it/s]
Extraindo:   1%|          | 30/2710 [00:03<08:49,  5.06it/s]
Extraindo:   1%|          | 32/2710 [00:03<08:04,  5.53it/s]
Extraindo:   1%|▏         | 34/2710 [00:03<06:40,  6.68it/s]
Extraindo:   1%|▏         | 36/2710 [00:03<05:42,  7.80it/s]
Extraindo:   1%|▏         | 38/2710 [00:04<05:54,  7.54it/s]
Extraindo:   1%|▏         | 40/2710 [00:04<05:07,  8.68it/s]
Extraindo:   2%|▏         | 42/2710 [00:04<04:37,  9.61it/s]
Extraindo:   2%|▏         | 44/2710 [00:04<04:19, 10.27it/s]
Extraindo:   2%|▏         | 46/2710 [00:04<04:07, 10.75it/s]
Extraindo:   2%|▏         | 48/2710 [00:04<04:02, 10.99it/s]
Extraindo:   2%|▏         | 50/2710 [00:05<03:56, 11.25it/s]
Extraindo:   2%|▏         | 52/2710 [00:05<03:51, 11.49it/s]
Extraindo:   2%|▏         | 54/2710 [00:05<03:52, 11.41it/s]
Extraindo:   2%|▏         | 56/2710 [00:05<05:02,  8.78it/s]
Extraindo:   2%|▏         | 58/2710 [00:05<04:36,  9.59it/s]
Extraindo:   2%|▏         | 60/2710 [00:06<04:18, 10.24it/s]
Extraindo:   2%|▏         | 62/2710 [00:06<04:58,  8.87it/s]
Extraindo:   2%|▏         | 64/2710 [00:06<04:27,  9.90it/s]
Extraindo:   2%|▏         | 66/2710 [00:06<04:09, 10.58it/s]
Extraindo:   3%|▎         | 68/2710 [00:06<03:58, 11.07it/s]
Extraindo:   3%|▎         | 70/2710 [00:07<03:50, 11.46it/s]
Extraindo:   3%|▎         | 72/2710 [00:07<03:47, 11.59it/s]
Extraindo:   3%|▎         | 74/2710 [00:07<03:40, 11.96it/s]
Extraindo:   3%|▎         | 76/2710 [00:07<04:25,  9.93it/s]
Extraindo:   3%|▎         | 78/2710 [00:07<04:10, 10.52it/s]
Extraindo:   3%|▎         | 80/2710 [00:07<04:03, 10.80it/s]
Extraindo:   3%|▎         | 82/2710 [00:08<04:51,  9.01it/s]
Extraindo:   3%|▎         | 84/2710 [00:08<04:26,  9.84it/s]
Extraindo:   3%|▎         | 86/2710 [00:08<04:10, 10.46it/s]
Extraindo:   3%|▎         | 88/2710 [00:08<03:58, 10.98it/s]
Extraindo:   3%|▎         | 90/2710 [00:08<03:51, 11.32it/s]
Extraindo:   3%|▎         | 92/2710 [00:09<03:45, 11.59it/s]
Extraindo:   3%|▎         | 94/2710 [00:09<04:31,  9.62it/s]
Extraindo:   4%|▎         | 96/2710 [00:09<04:13, 10.30it/s]
Extraindo:   4%|▎         | 98/2710 [00:09<04:03, 10.73it/s]
Extraindo:   4%|▎         | 100/2710 [00:09<04:00, 10.85it/s]
Extraindo:   4%|▍         | 102/2710 [00:10<03:55, 11.08it/s]
Extraindo:   4%|▍         | 104/2710 [00:10<03:50, 11.30it/s]
Extraindo:   4%|▍         | 106/2710 [00:10<03:47, 11.44it/s]
Extraindo:   4%|▍         | 108/2710 [00:10<03:45, 11.56it/s]
Extraindo:   4%|▍         | 110/2710 [00:10<04:34,  9.46it/s]
Extraindo:   4%|▍         | 112/2710 [00:11<04:19, 10.00it/s]
Extraindo:   4%|▍         | 114/2710 [00:11<04:51,  8.91it/s]
Extraindo:   4%|▍         | 116/2710 [00:11<04:23,  9.85it/s]
Extraindo:   4%|▍         | 118/2710 [00:11<04:06, 10.52it/s]
Extraindo:   4%|▍         | 120/2710 [00:11<04:04, 10.59it/s]
Extraindo:   5%|▍         | 122/2710 [00:11<03:56, 10.93it/s]
Extraindo:   5%|▍         | 124/2710 [00:12<04:37,  9.31it/s]
Extraindo:   5%|▍         | 126/2710 [00:12<04:16, 10.08it/s]
Extraindo:   5%|▍         | 128/2710 [00:12<04:02, 10.65it/s]
Extraindo:   5%|▍         | 130/2710 [00:12<03:52, 11.09it/s]
Extraindo:   5%|▍         | 132/2710 [00:12<03:50, 11.19it/s]
Extraindo:   5%|▍         | 134/2710 [00:13<03:46, 11.35it/s]
Extraindo:   5%|▌         | 136/2710 [00:13<04:36,  9.31it/s]
Extraindo:   5%|▌         | 138/2710 [00:13<04:18,  9.94it/s]
Extraindo:   5%|▌         | 140/2710 [00:13<04:02, 10.58it/s]
Extraindo:   5%|▌         | 142/2710 [00:13<03:53, 11.02it/s]
Extraindo:   5%|▌         | 144/2710 [00:14<03:53, 11.00it/s]
Extraindo:   5%|▌         | 146/2710 [00:14<03:53, 10.98it/s]
Extraindo:   5%|▌         | 148/2710 [00:14<03:51, 11.08it/s]
Extraindo:   6%|▌         | 150/2710 [00:14<04:32,  9.39it/s]
Extraindo:   6%|▌         | 152/2710 [00:14<04:13, 10.10it/s]
Extraindo:   6%|▌         | 154/2710 [00:15<04:49,  8.84it/s]
Extraindo:   6%|▌         | 156/2710 [00:15<04:23,  9.70it/s]
Extraindo:   6%|▌         | 158/2710 [00:15<04:06, 10.37it/s]
Extraindo:   6%|▌         | 160/2710 [00:15<03:51, 11.03it/s]
Extraindo:   6%|▌         | 162/2710 [00:15<03:48, 11.16it/s]
Extraindo:   6%|▌         | 164/2710 [00:16<04:25,  9.57it/s]
Extraindo:   6%|▌         | 166/2710 [00:16<04:09, 10.19it/s]
Extraindo:   6%|▌         | 168/2710 [00:16<03:58, 10.66it/s]
Extraindo:   6%|▋         | 170/2710 [00:16<03:52, 10.93it/s]
Extraindo:   6%|▋         | 172/2710 [00:16<03:56, 10.72it/s]
Extraindo:   6%|▋         | 174/2710 [00:16<03:57, 10.69it/s]
Extraindo:   6%|▋         | 176/2710 [00:17<03:59, 10.59it/s]
Extraindo:   7%|▋         | 178/2710 [00:17<03:59, 10.57it/s]
Extraindo:   7%|▋         | 180/2710 [00:17<03:59, 10.56it/s]
Extraindo:   7%|▋         | 182/2710 [00:17<04:01, 10.48it/s]
Extraindo:   7%|▋         | 184/2710 [00:18<04:58,  8.46it/s]
Extraindo:   7%|▋         | 185/2710 [00:18<04:53,  8.61it/s]
Extraindo:   7%|▋         | 186/2710 [00:18<04:49,  8.71it/s]
Extraindo:   7%|▋         | 187/2710 [00:18<05:46,  7.27it/s]
Extraindo:   7%|▋         | 189/2710 [00:18<04:56,  8.51it/s]
Extraindo:   7%|▋         | 190/2710 [00:18<06:02,  6.96it/s]
Extraindo:   7%|▋         | 192/2710 [00:19<05:06,  8.22it/s]
Extraindo:   7%|▋         | 194/2710 [00:19<04:45,  8.83it/s]
Extraindo:   7%|▋         | 196/2710 [00:19<04:30,  9.31it/s]
Extraindo:   7%|▋         | 198/2710 [00:19<04:17,  9.76it/s]
Extraindo:   7%|▋         | 200/2710 [00:19<04:13,  9.92it/s]
Extraindo:   7%|▋         | 202/2710 [00:20<04:10, 10.02it/s]
Extraindo:   8%|▊         | 204/2710 [00:20<04:01, 10.39it/s]
Extraindo:   8%|▊         | 206/2710 [00:20<03:54, 10.68it/s]
Extraindo:   8%|▊         | 208/2710 [00:20<03:52, 10.77it/s]
Extraindo:   8%|▊         | 210/2710 [00:20<03:56, 10.57it/s]
Extraindo:   8%|▊         | 212/2710 [00:21<03:55, 10.59it/s]
Extraindo:   8%|▊         | 214/2710 [00:21<04:48,  8.65it/s]
Extraindo:   8%|▊         | 215/2710 [00:21<04:46,  8.72it/s]
Extraindo:   8%|▊         | 216/2710 [00:21<04:41,  8.86it/s]
Extraindo:   8%|▊         | 217/2710 [00:21<05:46,  7.20it/s]
Extraindo:   8%|▊         | 219/2710 [00:21<04:57,  8.38it/s]
Extraindo:   8%|▊         | 221/2710 [00:22<04:33,  9.09it/s]
Extraindo:   8%|▊         | 223/2710 [00:22<04:21,  9.50it/s]
Extraindo:   8%|▊         | 225/2710 [00:22<05:04,  8.16it/s]
Extraindo:   8%|▊         | 227/2710 [00:22<04:36,  8.96it/s]
Extraindo:   8%|▊         | 229/2710 [00:23<04:24,  9.38it/s]
Extraindo:   9%|▊         | 231/2710 [00:23<04:13,  9.78it/s]
Extraindo:   9%|▊         | 233/2710 [00:23<04:06, 10.04it/s]
Extraindo:   9%|▊         | 235/2710 [00:23<04:04, 10.14it/s]
Extraindo:   9%|▊         | 237/2710 [00:23<04:00, 10.30it/s]
Extraindo:   9%|▉         | 239/2710 [00:23<04:00, 10.29it/s]
Extraindo:   9%|▉         | 241/2710 [00:24<03:57, 10.41it/s]
Extraindo:   9%|▉         | 243/2710 [00:24<04:38,  8.85it/s]
Extraindo:   9%|▉         | 245/2710 [00:24<05:08,  8.00it/s]
Extraindo:   9%|▉         | 247/2710 [00:24<04:41,  8.76it/s]
Extraindo:   9%|▉         | 249/2710 [00:25<04:20,  9.45it/s]
Extraindo:   9%|▉         | 251/2710 [00:25<04:08,  9.91it/s]
Extraindo:   9%|▉         | 253/2710 [00:25<03:59, 10.27it/s]
Extraindo:   9%|▉         | 255/2710 [00:25<03:54, 10.49it/s]
Extraindo:   9%|▉         | 257/2710 [00:25<03:51, 10.58it/s]
Extraindo:  10%|▉         | 259/2710 [00:26<03:54, 10.43it/s]
Extraindo:  10%|▉         | 261/2710 [00:26<03:54, 10.44it/s]
Extraindo:  10%|▉         | 263/2710 [00:26<04:42,  8.67it/s]
Extraindo:  10%|▉         | 265/2710 [00:26<04:27,  9.15it/s]
Extraindo:  10%|▉         | 267/2710 [00:26<04:18,  9.43it/s]
Extraindo:  10%|▉         | 269/2710 [00:27<04:11,  9.71it/s]
Extraindo:  10%|▉         | 270/2710 [00:27<05:03,  8.04it/s]
Extraindo:  10%|█         | 272/2710 [00:27<04:34,  8.87it/s]
Extraindo:  10%|█         | 274/2710 [00:27<04:16,  9.51it/s]
Extraindo:  10%|█         | 275/2710 [00:27<05:11,  7.83it/s]
Extraindo:  10%|█         | 277/2710 [00:28<04:32,  8.91it/s]
Extraindo:  10%|█         | 279/2710 [00:28<04:16,  9.47it/s]
Extraindo:  10%|█         | 281/2710 [00:28<04:09,  9.74it/s]
Extraindo:  10%|█         | 283/2710 [00:28<04:06,  9.83it/s]
Extraindo:  11%|█         | 285/2710 [00:28<04:05,  9.88it/s]
Extraindo:  11%|█         | 286/2710 [00:28<04:05,  9.89it/s]
Extraindo:  11%|█         | 288/2710 [00:29<04:02,  9.99it/s]
Extraindo:  11%|█         | 290/2710 [00:29<04:03,  9.94it/s]
Extraindo:  11%|█         | 291/2710 [00:29<04:07,  9.76it/s]
Extraindo:  11%|█         | 292/2710 [00:29<04:07,  9.75it/s]
Extraindo:  11%|█         | 293/2710 [00:29<04:09,  9.68it/s]
Extraindo:  11%|█         | 294/2710 [00:29<04:15,  9.46it/s]
Extraindo:  11%|█         | 295/2710 [00:29<04:20,  9.26it/s]
Extraindo:  11%|█         | 296/2710 [00:30<04:23,  9.16it/s]
Extraindo:  11%|█         | 297/2710 [00:30<05:48,  6.93it/s]
Extraindo:  11%|█         | 299/2710 [00:30<06:05,  6.60it/s]
Extraindo:  11%|█         | 301/2710 [00:30<05:13,  7.69it/s]
Extraindo:  11%|█         | 302/2710 [00:30<05:01,  7.99it/s]
Extraindo:  11%|█         | 303/2710 [00:30<04:47,  8.37it/s]
Extraindo:  11%|█▏        | 305/2710 [00:31<04:26,  9.02it/s]
Extraindo:  11%|█▏        | 306/2710 [00:31<05:33,  7.21it/s]
Extraindo:  11%|█▏        | 308/2710 [00:31<04:54,  8.17it/s]
Extraindo:  11%|█▏        | 309/2710 [00:31<04:42,  8.50it/s]
Extraindo:  11%|█▏        | 311/2710 [00:31<04:30,  8.87it/s]
Extraindo:  12%|█▏        | 313/2710 [00:32<04:17,  9.29it/s]
Extraindo:  12%|█▏        | 314/2710 [00:32<04:16,  9.35it/s]
Extraindo:  12%|█▏        | 316/2710 [00:32<04:09,  9.60it/s]
Extraindo:  12%|█▏        | 318/2710 [00:32<04:06,  9.70it/s]
Extraindo:  12%|█▏        | 320/2710 [00:32<04:03,  9.83it/s]
Extraindo:  12%|█▏        | 321/2710 [00:32<04:08,  9.60it/s]
Extraindo:  12%|█▏        | 322/2710 [00:33<04:08,  9.62it/s]
Extraindo:  12%|█▏        | 323/2710 [00:33<04:06,  9.69it/s]
Extraindo:  12%|█▏        | 324/2710 [00:33<05:18,  7.50it/s]
Extraindo:  12%|█▏        | 325/2710 [00:33<04:59,  7.97it/s]
Extraindo:  12%|█▏        | 326/2710 [00:33<04:43,  8.41it/s]
Extraindo:  12%|█▏        | 327/2710 [00:33<04:34,  8.69it/s]
Extraindo:  12%|█▏        | 328/2710 [00:34<07:24,  5.35it/s]
Extraindo:  12%|█▏        | 330/2710 [00:34<05:46,  6.87it/s]
Extraindo:  12%|█▏        | 332/2710 [00:34<04:58,  7.97it/s]
Extraindo:  12%|█▏        | 333/2710 [00:34<04:45,  8.34it/s]
Extraindo:  12%|█▏        | 335/2710 [00:34<04:22,  9.06it/s]
Extraindo:  12%|█▏        | 336/2710 [00:35<06:25,  6.16it/s]
Extraindo:  12%|█▏        | 338/2710 [00:35<05:15,  7.52it/s]
Extraindo:  13%|█▎        | 340/2710 [00:35<04:32,  8.71it/s]
Extraindo:  13%|█▎        | 342/2710 [00:35<04:12,  9.37it/s]
Extraindo:  13%|█▎        | 344/2710 [00:35<03:58,  9.92it/s]
Extraindo:  13%|█▎        | 346/2710 [00:35<03:53, 10.10it/s]
Extraindo:  13%|█▎        | 348/2710 [00:36<03:48, 10.34it/s]
Extraindo:  13%|█▎        | 350/2710 [00:36<03:42, 10.60it/s]
Extraindo:  13%|█▎        | 352/2710 [00:36<04:25,  8.88it/s]
Extraindo:  13%|█▎        | 354/2710 [00:36<04:08,  9.47it/s]
Extraindo:  13%|█▎        | 356/2710 [00:36<04:00,  9.78it/s]
Extraindo:  13%|█▎        | 358/2710 [00:37<03:53, 10.06it/s]
Extraindo:  13%|█▎        | 360/2710 [00:37<03:50, 10.18it/s]
Extraindo:  13%|█▎        | 362/2710 [00:37<03:47, 10.32it/s]
Extraindo:  13%|█▎        | 364/2710 [00:37<03:46, 10.36it/s]
Extraindo:  14%|█▎        | 366/2710 [00:38<04:32,  8.62it/s]
Extraindo:  14%|█▎        | 368/2710 [00:38<04:15,  9.16it/s]
Extraindo:  14%|█▎        | 369/2710 [00:38<04:12,  9.29it/s]
Extraindo:  14%|█▎        | 371/2710 [00:38<04:01,  9.67it/s]
Extraindo:  14%|█▍        | 373/2710 [00:38<04:40,  8.32it/s]
Extraindo:  14%|█▍        | 375/2710 [00:39<04:22,  8.89it/s]
Extraindo:  14%|█▍        | 377/2710 [00:39<04:53,  7.94it/s]
Extraindo:  14%|█▍        | 379/2710 [00:39<04:25,  8.77it/s]
Extraindo:  14%|█▍        | 381/2710 [00:39<04:05,  9.49it/s]
Extraindo:  14%|█▍        | 383/2710 [00:39<03:55,  9.89it/s]
Extraindo:  14%|█▍        | 385/2710 [00:40<03:51, 10.04it/s]
Extraindo:  14%|█▍        | 387/2710 [00:40<03:46, 10.24it/s]
Extraindo:  14%|█▍        | 389/2710 [00:40<03:49, 10.13it/s]
Extraindo:  14%|█▍        | 391/2710 [00:40<03:44, 10.32it/s]
Extraindo:  15%|█▍        | 393/2710 [00:40<03:43, 10.36it/s]
Extraindo:  15%|█▍        | 395/2710 [00:41<03:45, 10.27it/s]
Extraindo:  15%|█▍        | 397/2710 [00:41<04:33,  8.47it/s]
Extraindo:  15%|█▍        | 399/2710 [00:41<04:17,  8.98it/s]
Extraindo:  15%|█▍        | 401/2710 [00:41<04:06,  9.36it/s]
Extraindo:  15%|█▍        | 403/2710 [00:41<03:58,  9.66it/s]
Extraindo:  15%|█▍        | 404/2710 [00:42<04:49,  7.98it/s]
Extraindo:  15%|█▍        | 406/2710 [00:42<04:23,  8.76it/s]
Extraindo:  15%|█▌        | 408/2710 [00:42<04:10,  9.17it/s]
Extraindo:  15%|█▌        | 410/2710 [00:42<04:45,  8.07it/s]
Extraindo:  15%|█▌        | 412/2710 [00:43<04:24,  8.69it/s]
Extraindo:  15%|█▌        | 414/2710 [00:43<04:04,  9.38it/s]
Extraindo:  15%|█▌        | 416/2710 [00:43<03:56,  9.71it/s]
Extraindo:  15%|█▌        | 418/2710 [00:43<03:53,  9.83it/s]
Extraindo:  15%|█▌        | 420/2710 [00:43<03:46, 10.12it/s]
Extraindo:  16%|█▌        | 422/2710 [00:44<03:45, 10.16it/s]
Extraindo:  16%|█▌        | 424/2710 [00:44<03:43, 10.22it/s]
Extraindo:  16%|█▌        | 426/2710 [00:44<03:44, 10.18it/s]
Extraindo:  16%|█▌        | 428/2710 [00:44<04:25,  8.61it/s]
Extraindo:  16%|█▌        | 430/2710 [00:44<04:10,  9.09it/s]
Extraindo:  16%|█▌        | 431/2710 [00:45<04:58,  7.64it/s]
Extraindo:  16%|█▌        | 433/2710 [00:45<04:26,  8.53it/s]
Extraindo:  16%|█▌        | 435/2710 [00:45<04:12,  9.02it/s]
Extraindo:  16%|█▌        | 437/2710 [00:45<03:58,  9.53it/s]
Extraindo:  16%|█▌        | 439/2710 [00:45<03:50,  9.87it/s]
Extraindo:  16%|█▋        | 441/2710 [00:46<03:46, 10.02it/s]
Extraindo:  16%|█▋        | 443/2710 [00:46<03:43, 10.14it/s]
Extraindo:  16%|█▋        | 445/2710 [00:46<03:44, 10.11it/s]
Extraindo:  16%|█▋        | 447/2710 [00:46<03:43, 10.13it/s]
Extraindo:  17%|█▋        | 449/2710 [00:46<04:26,  8.50it/s]
Extraindo:  17%|█▋        | 450/2710 [00:47<04:19,  8.72it/s]
Extraindo:  17%|█▋        | 452/2710 [00:47<04:04,  9.23it/s]
Extraindo:  17%|█▋        | 453/2710 [00:47<04:02,  9.31it/s]
Extraindo:  17%|█▋        | 454/2710 [00:47<03:59,  9.43it/s]
Extraindo:  17%|█▋        | 455/2710 [00:47<03:56,  9.55it/s]
Extraindo:  17%|█▋        | 456/2710 [00:47<03:55,  9.59it/s]
Extraindo:  17%|█▋        | 458/2710 [00:48<05:51,  6.41it/s]
Extraindo:  17%|█▋        | 460/2710 [00:48<04:52,  7.69it/s]
Extraindo:  17%|█▋        | 462/2710 [00:48<04:18,  8.70it/s]
Extraindo:  17%|█▋        | 464/2710 [00:48<04:01,  9.32it/s]
Extraindo:  17%|█▋        | 466/2710 [00:48<03:52,  9.66it/s]
Extraindo:  17%|█▋        | 468/2710 [00:49<03:48,  9.83it/s]
Extraindo:  17%|█▋        | 470/2710 [00:49<03:46,  9.90it/s]
Extraindo:  17%|█▋        | 472/2710 [00:49<03:47,  9.83it/s]
Extraindo:  17%|█▋        | 474/2710 [00:49<03:47,  9.82it/s]
Extraindo:  18%|█▊        | 475/2710 [00:49<03:47,  9.80it/s]
Extraindo:  18%|█▊        | 476/2710 [00:49<03:47,  9.80it/s]
Extraindo:  18%|█▊        | 477/2710 [00:49<03:51,  9.65it/s]
Extraindo:  18%|█▊        | 478/2710 [00:50<03:57,  9.39it/s]
Extraindo:  18%|█▊        | 479/2710 [00:50<03:57,  9.38it/s]
Extraindo:  18%|█▊        | 480/2710 [00:50<03:55,  9.46it/s]
Extraindo:  18%|█▊        | 481/2710 [00:50<03:58,  9.36it/s]
Extraindo:  18%|█▊        | 482/2710 [00:50<03:58,  9.35it/s]
Extraindo:  18%|█▊        | 484/2710 [00:50<04:54,  7.56it/s]
Extraindo:  18%|█▊        | 485/2710 [00:51<05:52,  6.32it/s]
Extraindo:  18%|█▊        | 487/2710 [00:51<04:47,  7.72it/s]
Extraindo:  18%|█▊        | 488/2710 [00:51<05:38,  6.56it/s]
Extraindo:  18%|█▊        | 490/2710 [00:51<04:40,  7.91it/s]
Extraindo:  18%|█▊        | 492/2710 [00:51<04:14,  8.71it/s]
Extraindo:  18%|█▊        | 494/2710 [00:52<03:55,  9.40it/s]
Extraindo:  18%|█▊        | 495/2710 [00:52<03:53,  9.47it/s]
Extraindo:  18%|█▊        | 497/2710 [00:52<03:38, 10.11it/s]
Extraindo:  18%|█▊        | 499/2710 [00:52<03:36, 10.23it/s]
Extraindo:  18%|█▊        | 501/2710 [00:52<03:35, 10.25it/s]
Extraindo:  19%|█▊        | 503/2710 [00:52<03:36, 10.19it/s]
Extraindo:  19%|█▊        | 505/2710 [00:53<03:37, 10.13it/s]
Extraindo:  19%|█▊        | 507/2710 [00:53<03:38, 10.09it/s]
Extraindo:  19%|█▉        | 509/2710 [00:53<03:40, 10.00it/s]
Extraindo:  19%|█▉        | 511/2710 [00:53<03:42,  9.89it/s]
Extraindo:  19%|█▉        | 512/2710 [00:53<04:32,  8.07it/s]
Extraindo:  19%|█▉        | 514/2710 [00:54<04:17,  8.54it/s]
Extraindo:  19%|█▉        | 515/2710 [00:54<04:11,  8.73it/s]
Extraindo:  19%|█▉        | 517/2710 [00:54<04:01,  9.08it/s]
Extraindo:  19%|█▉        | 518/2710 [00:54<04:58,  7.35it/s]
Extraindo:  19%|█▉        | 520/2710 [00:54<04:25,  8.25it/s]
Extraindo:  19%|█▉        | 522/2710 [00:55<04:56,  7.37it/s]
Extraindo:  19%|█▉        | 524/2710 [00:55<04:27,  8.17it/s]
Extraindo:  19%|█▉        | 526/2710 [00:55<04:09,  8.76it/s]
Extraindo:  19%|█▉        | 528/2710 [00:55<03:55,  9.26it/s]
Extraindo:  20%|█▉        | 529/2710 [00:55<03:53,  9.35it/s]
Extraindo:  20%|█▉        | 531/2710 [00:56<03:50,  9.46it/s]
Extraindo:  20%|█▉        | 532/2710 [00:56<03:48,  9.51it/s]
Extraindo:  20%|█▉        | 533/2710 [00:56<03:46,  9.61it/s]
Extraindo:  20%|█▉        | 534/2710 [00:56<03:45,  9.65it/s]
Extraindo:  20%|█▉        | 535/2710 [00:56<03:46,  9.59it/s]
Extraindo:  20%|█▉        | 536/2710 [00:56<03:46,  9.61it/s]
Extraindo:  20%|█▉        | 537/2710 [00:56<03:46,  9.57it/s]
Extraindo:  20%|█▉        | 538/2710 [00:56<05:03,  7.16it/s]
Extraindo:  20%|█▉        | 540/2710 [00:57<04:27,  8.11it/s]
Extraindo:  20%|██        | 542/2710 [00:57<04:07,  8.74it/s]
Extraindo:  20%|██        | 543/2710 [00:57<04:01,  8.96it/s]
Extraindo:  20%|██        | 545/2710 [00:57<03:34, 10.09it/s]
Extraindo:  20%|██        | 547/2710 [00:57<03:39,  9.86it/s]
Extraindo:  20%|██        | 549/2710 [00:58<04:26,  8.11it/s]
Extraindo:  20%|██        | 551/2710 [00:58<04:07,  8.72it/s]
Extraindo:  20%|██        | 553/2710 [00:58<03:58,  9.05it/s]
Extraindo:  20%|██        | 554/2710 [00:58<03:56,  9.11it/s]
Extraindo:  20%|██        | 555/2710 [00:58<03:54,  9.19it/s]
Extraindo:  21%|██        | 556/2710 [00:58<03:52,  9.26it/s]
Extraindo:  21%|██        | 557/2710 [00:58<03:51,  9.29it/s]
Extraindo:  21%|██        | 558/2710 [00:59<03:56,  9.10it/s]
Extraindo:  21%|██        | 559/2710 [00:59<05:04,  7.07it/s]
Extraindo:  21%|██        | 561/2710 [00:59<04:26,  8.06it/s]
Extraindo:  21%|██        | 562/2710 [00:59<04:17,  8.34it/s]
Extraindo:  21%|██        | 563/2710 [00:59<04:10,  8.59it/s]
Extraindo:  21%|██        | 564/2710 [00:59<04:03,  8.83it/s]
Extraindo:  21%|██        | 566/2710 [01:00<04:52,  7.32it/s]
Extraindo:  21%|██        | 567/2710 [01:00<04:34,  7.81it/s]
Extraindo:  21%|██        | 569/2710 [01:00<04:09,  8.57it/s]
Extraindo:  21%|██        | 571/2710 [01:00<03:57,  9.01it/s]
Extraindo:  21%|██        | 572/2710 [01:00<03:53,  9.16it/s]
Extraindo:  21%|██        | 573/2710 [01:00<03:51,  9.25it/s]
Extraindo:  21%|██        | 574/2710 [01:00<03:48,  9.37it/s]
Extraindo:  21%|██        | 575/2710 [01:01<03:45,  9.47it/s]
Extraindo:  21%|██▏       | 576/2710 [01:01<03:47,  9.38it/s]
Extraindo:  21%|██▏       | 577/2710 [01:01<03:44,  9.49it/s]
Extraindo:  21%|██▏       | 578/2710 [01:01<03:41,  9.61it/s]
Extraindo:  21%|██▏       | 579/2710 [01:01<04:57,  7.17it/s]
Extraindo:  21%|██▏       | 581/2710 [01:01<04:17,  8.27it/s]
Extraindo:  22%|██▏       | 583/2710 [01:02<04:02,  8.77it/s]
Extraindo:  22%|██▏       | 584/2710 [01:02<04:00,  8.85it/s]
Extraindo:  22%|██▏       | 585/2710 [01:02<03:56,  9.00it/s]
Extraindo:  22%|██▏       | 587/2710 [01:02<03:46,  9.35it/s]
Extraindo:  22%|██▏       | 588/2710 [01:02<03:47,  9.33it/s]
Extraindo:  22%|██▏       | 589/2710 [01:02<03:48,  9.29it/s]
Extraindo:  22%|██▏       | 590/2710 [01:02<03:48,  9.26it/s]
Extraindo:  22%|██▏       | 591/2710 [01:02<03:50,  9.19it/s]
Extraindo:  22%|██▏       | 592/2710 [01:03<05:07,  6.89it/s]
Extraindo:  22%|██▏       | 594/2710 [01:03<04:24,  8.00it/s]
Extraindo:  22%|██▏       | 595/2710 [01:03<04:17,  8.22it/s]
Extraindo:  22%|██▏       | 596/2710 [01:03<05:14,  6.72it/s]
Extraindo:  22%|██▏       | 598/2710 [01:03<04:34,  7.70it/s]
Extraindo:  22%|██▏       | 600/2710 [01:04<04:09,  8.44it/s]
Extraindo:  22%|██▏       | 601/2710 [01:04<04:10,  8.41it/s]
Extraindo:  22%|██▏       | 602/2710 [01:04<04:06,  8.54it/s]
Extraindo:  22%|██▏       | 603/2710 [01:04<04:03,  8.65it/s]
Extraindo:  22%|██▏       | 604/2710 [01:04<03:59,  8.78it/s]
Extraindo:  22%|██▏       | 605/2710 [01:04<03:57,  8.88it/s]
Extraindo:  22%|██▏       | 606/2710 [01:04<04:11,  8.37it/s]
Extraindo:  22%|██▏       | 607/2710 [01:04<04:15,  8.22it/s]
Extraindo:  22%|██▏       | 608/2710 [01:05<04:24,  7.96it/s]
Extraindo:  22%|██▏       | 609/2710 [01:05<06:08,  5.70it/s]
Extraindo:  23%|██▎       | 610/2710 [01:05<05:36,  6.24it/s]
Extraindo:  23%|██▎       | 611/2710 [01:05<05:16,  6.63it/s]
Extraindo:  23%|██▎       | 612/2710 [01:05<04:54,  7.13it/s]
Extraindo:  23%|██▎       | 613/2710 [01:05<04:37,  7.57it/s]
Extraindo:  23%|██▎       | 614/2710 [01:05<04:18,  8.12it/s]
Extraindo:  23%|██▎       | 616/2710 [01:06<03:59,  8.76it/s]
Extraindo:  23%|██▎       | 617/2710 [01:06<03:53,  8.95it/s]
Extraindo:  23%|██▎       | 618/2710 [01:06<03:50,  9.09it/s]
Extraindo:  23%|██▎       | 619/2710 [01:06<05:02,  6.91it/s]
Extraindo:  23%|██▎       | 620/2710 [01:06<04:44,  7.34it/s]
Extraindo:  23%|██▎       | 622/2710 [01:06<04:07,  8.43it/s]
Extraindo:  23%|██▎       | 623/2710 [01:06<04:02,  8.60it/s]
Extraindo:  23%|██▎       | 624/2710 [01:07<03:57,  8.77it/s]
Extraindo:  23%|██▎       | 625/2710 [01:07<03:54,  8.87it/s]
Extraindo:  23%|██▎       | 626/2710 [01:07<03:50,  9.06it/s]
Extraindo:  23%|██▎       | 627/2710 [01:07<03:45,  9.25it/s]
Extraindo:  23%|██▎       | 628/2710 [01:07<03:48,  9.11it/s]
Extraindo:  23%|██▎       | 629/2710 [01:07<03:51,  9.01it/s]
Extraindo:  23%|██▎       | 630/2710 [01:07<03:51,  9.00it/s]
Extraindo:  23%|██▎       | 631/2710 [01:07<03:48,  9.08it/s]
Extraindo:  23%|██▎       | 632/2710 [01:07<03:46,  9.17it/s]
Extraindo:  23%|██▎       | 633/2710 [01:08<04:58,  6.96it/s]
Extraindo:  23%|██▎       | 634/2710 [01:08<04:35,  7.53it/s]
Extraindo:  23%|██▎       | 635/2710 [01:08<04:16,  8.07it/s]
Extraindo:  23%|██▎       | 636/2710 [01:08<04:05,  8.44it/s]
Extraindo:  24%|██▎       | 637/2710 [01:08<03:57,  8.72it/s]
Extraindo:  24%|██▎       | 638/2710 [01:08<03:52,  8.90it/s]
Extraindo:  24%|██▎       | 639/2710 [01:08<03:49,  9.04it/s]
Extraindo:  24%|██▎       | 640/2710 [01:09<05:09,  6.69it/s]
Extraindo:  24%|██▎       | 641/2710 [01:09<04:41,  7.36it/s]
Extraindo:  24%|██▎       | 643/2710 [01:09<04:08,  8.32it/s]
Extraindo:  24%|██▍       | 644/2710 [01:09<04:00,  8.58it/s]
Extraindo:  24%|██▍       | 645/2710 [01:09<03:57,  8.68it/s]
Extraindo:  24%|██▍       | 646/2710 [01:09<05:21,  6.41it/s]
Extraindo:  24%|██▍       | 647/2710 [01:09<04:51,  7.08it/s]
Extraindo:  24%|██▍       | 648/2710 [01:10<04:34,  7.51it/s]
Extraindo:  24%|██▍       | 649/2710 [01:10<04:28,  7.68it/s]
Extraindo:  24%|██▍       | 651/2710 [01:10<03:58,  8.62it/s]
Extraindo:  24%|██▍       | 653/2710 [01:10<03:43,  9.20it/s]
Extraindo:  24%|██▍       | 654/2710 [01:10<03:41,  9.30it/s]
Extraindo:  24%|██▍       | 655/2710 [01:11<06:47,  5.04it/s]
Extraindo:  24%|██▍       | 656/2710 [01:11<05:59,  5.71it/s]
Extraindo:  24%|██▍       | 657/2710 [01:11<05:20,  6.41it/s]
Extraindo:  24%|██▍       | 659/2710 [01:11<04:30,  7.58it/s]
Extraindo:  24%|██▍       | 660/2710 [01:11<04:20,  7.86it/s]
Extraindo:  24%|██▍       | 661/2710 [01:11<04:10,  8.17it/s]
Extraindo:  24%|██▍       | 662/2710 [01:11<04:00,  8.52it/s]
Extraindo:  24%|██▍       | 663/2710 [01:12<03:54,  8.75it/s]
Extraindo:  25%|██▍       | 664/2710 [01:12<03:49,  8.92it/s]
Extraindo:  25%|██▍       | 665/2710 [01:12<03:49,  8.91it/s]
Extraindo:  25%|██▍       | 666/2710 [01:12<03:47,  8.99it/s]
Extraindo:  25%|██▍       | 668/2710 [01:12<03:40,  9.26it/s]
Extraindo:  25%|██▍       | 669/2710 [01:12<03:38,  9.36it/s]
Extraindo:  25%|██▍       | 670/2710 [01:12<03:39,  9.28it/s]
Extraindo:  25%|██▍       | 671/2710 [01:13<06:04,  5.59it/s]
Extraindo:  25%|██▍       | 673/2710 [01:13<04:50,  7.02it/s]
Extraindo:  25%|██▍       | 674/2710 [01:13<05:32,  6.12it/s]
Extraindo:  25%|██▍       | 676/2710 [01:13<04:36,  7.36it/s]
Extraindo:  25%|██▌       | 678/2710 [01:13<04:02,  8.38it/s]
Extraindo:  25%|██▌       | 680/2710 [01:14<03:45,  9.02it/s]
Extraindo:  25%|██▌       | 681/2710 [01:14<03:41,  9.14it/s]
Extraindo:  25%|██▌       | 683/2710 [01:14<03:29,  9.68it/s]
Extraindo:  25%|██▌       | 685/2710 [01:14<03:23,  9.96it/s]
Extraindo:  25%|██▌       | 687/2710 [01:14<03:21, 10.04it/s]
Extraindo:  25%|██▌       | 689/2710 [01:14<03:24,  9.87it/s]
Extraindo:  25%|██▌       | 690/2710 [01:15<03:24,  9.87it/s]
Extraindo:  25%|██▌       | 691/2710 [01:15<03:31,  9.57it/s]
Extraindo:  26%|██▌       | 692/2710 [01:15<03:30,  9.59it/s]
Extraindo:  26%|██▌       | 693/2710 [01:15<03:35,  9.37it/s]
Extraindo:  26%|██▌       | 694/2710 [01:15<03:34,  9.42it/s]
Extraindo:  26%|██▌       | 695/2710 [01:15<03:33,  9.42it/s]
Extraindo:  26%|██▌       | 696/2710 [01:15<03:35,  9.36it/s]
Extraindo:  26%|██▌       | 697/2710 [01:15<03:34,  9.37it/s]
Extraindo:  26%|██▌       | 698/2710 [01:15<03:31,  9.50it/s]
Extraindo:  26%|██▌       | 699/2710 [01:16<03:36,  9.30it/s]
Extraindo:  26%|██▌       | 700/2710 [01:16<03:40,  9.10it/s]
Extraindo:  26%|██▌       | 701/2710 [01:16<04:57,  6.75it/s]
Extraindo:  26%|██▌       | 702/2710 [01:16<05:52,  5.69it/s]
Extraindo:  26%|██▌       | 704/2710 [01:16<04:37,  7.22it/s]
Extraindo:  26%|██▌       | 705/2710 [01:16<04:20,  7.70it/s]
Extraindo:  26%|██▌       | 706/2710 [01:17<04:05,  8.18it/s]
Extraindo:  26%|██▌       | 707/2710 [01:17<03:57,  8.43it/s]
Extraindo:  26%|██▌       | 709/2710 [01:17<04:42,  7.08it/s]
Extraindo:  26%|██▌       | 711/2710 [01:17<04:09,  8.01it/s]
Extraindo:  26%|██▋       | 712/2710 [01:17<03:59,  8.34it/s]
Extraindo:  26%|██▋       | 713/2710 [01:17<03:50,  8.66it/s]
Extraindo:  26%|██▋       | 715/2710 [01:18<03:37,  9.15it/s]
Extraindo:  26%|██▋       | 716/2710 [01:18<03:39,  9.10it/s]
Extraindo:  26%|██▋       | 717/2710 [01:18<03:36,  9.21it/s]
Extraindo:  26%|██▋       | 718/2710 [01:18<03:37,  9.16it/s]
Extraindo:  27%|██▋       | 720/2710 [01:18<03:27,  9.60it/s]
Extraindo:  27%|██▋       | 722/2710 [01:18<03:21,  9.89it/s]
Extraindo:  27%|██▋       | 723/2710 [01:18<03:30,  9.43it/s]
Extraindo:  27%|██▋       | 724/2710 [01:19<03:35,  9.22it/s]
Extraindo:  27%|██▋       | 725/2710 [01:19<03:37,  9.11it/s]
Extraindo:  27%|██▋       | 726/2710 [01:19<03:36,  9.15it/s]
Extraindo:  27%|██▋       | 727/2710 [01:19<03:35,  9.20it/s]
Extraindo:  27%|██▋       | 728/2710 [01:19<04:49,  6.85it/s]
Extraindo:  27%|██▋       | 729/2710 [01:19<04:25,  7.45it/s]
Extraindo:  27%|██▋       | 730/2710 [01:19<04:13,  7.82it/s]
Extraindo:  27%|██▋       | 731/2710 [01:19<04:00,  8.23it/s]
Extraindo:  27%|██▋       | 732/2710 [01:20<05:14,  6.29it/s]
Extraindo:  27%|██▋       | 734/2710 [01:20<04:18,  7.65it/s]
Extraindo:  27%|██▋       | 735/2710 [01:20<04:04,  8.09it/s]
Extraindo:  27%|██▋       | 737/2710 [01:20<03:49,  8.59it/s]
Extraindo:  27%|██▋       | 738/2710 [01:20<03:49,  8.60it/s]
Extraindo:  27%|██▋       | 739/2710 [01:20<03:47,  8.67it/s]
Extraindo:  27%|██▋       | 740/2710 [01:21<03:47,  8.65it/s]
Extraindo:  27%|██▋       | 741/2710 [01:21<03:49,  8.57it/s]
Extraindo:  27%|██▋       | 742/2710 [01:21<03:52,  8.46it/s]
Extraindo:  27%|██▋       | 743/2710 [01:21<03:51,  8.50it/s]
Extraindo:  27%|██▋       | 744/2710 [01:21<03:49,  8.55it/s]
Extraindo:  27%|██▋       | 745/2710 [01:21<03:45,  8.70it/s]
Extraindo:  28%|██▊       | 746/2710 [01:21<05:05,  6.43it/s]
Extraindo:  28%|██▊       | 747/2710 [01:22<04:45,  6.87it/s]
Extraindo:  28%|██▊       | 748/2710 [01:22<04:28,  7.31it/s]
Extraindo:  28%|██▊       | 749/2710 [01:22<04:38,  7.04it/s]
Extraindo:  28%|██▊       | 750/2710 [01:22<04:55,  6.63it/s]
Extraindo:  28%|██▊       | 751/2710 [01:22<05:17,  6.18it/s]
Extraindo:  28%|██▊       | 752/2710 [01:22<05:36,  5.82it/s]
Extraindo:  28%|██▊       | 753/2710 [01:22<05:30,  5.92it/s]
Extraindo:  28%|██▊       | 754/2710 [01:23<05:12,  6.26it/s]
Extraindo:  28%|██▊       | 755/2710 [01:23<06:28,  5.03it/s]
Extraindo:  28%|██▊       | 756/2710 [01:23<05:36,  5.80it/s]
Extraindo:  28%|██▊       | 757/2710 [01:23<05:02,  6.45it/s]
Extraindo:  28%|██▊       | 758/2710 [01:23<04:35,  7.08it/s]
Extraindo:  28%|██▊       | 759/2710 [01:23<04:14,  7.65it/s]
Extraindo:  28%|██▊       | 760/2710 [01:23<04:02,  8.05it/s]
Extraindo:  28%|██▊       | 761/2710 [01:24<03:52,  8.38it/s]
Extraindo:  28%|██▊       | 762/2710 [01:24<03:46,  8.58it/s]
Extraindo:  28%|██▊       | 763/2710 [01:24<05:02,  6.44it/s]
Extraindo:  28%|██▊       | 764/2710 [01:24<04:30,  7.20it/s]
Extraindo:  28%|██▊       | 765/2710 [01:24<04:09,  7.80it/s]
Extraindo:  28%|██▊       | 766/2710 [01:24<03:58,  8.17it/s]
Extraindo:  28%|██▊       | 767/2710 [01:24<03:49,  8.47it/s]
Extraindo:  28%|██▊       | 768/2710 [01:24<03:42,  8.72it/s]
Extraindo:  28%|██▊       | 769/2710 [01:25<03:38,  8.88it/s]
Extraindo:  28%|██▊       | 770/2710 [01:25<03:40,  8.80it/s]
Extraindo:  28%|██▊       | 771/2710 [01:25<03:41,  8.75it/s]
Extraindo:  28%|██▊       | 772/2710 [01:25<03:40,  8.78it/s]
Extraindo:  29%|██▊       | 773/2710 [01:25<03:39,  8.81it/s]
Extraindo:  29%|██▊       | 774/2710 [01:25<03:37,  8.91it/s]
Extraindo:  29%|██▊       | 775/2710 [01:25<03:32,  9.12it/s]
Extraindo:  29%|██▊       | 776/2710 [01:25<03:33,  9.05it/s]
Extraindo:  29%|██▊       | 777/2710 [01:25<03:34,  9.00it/s]
Extraindo:  29%|██▊       | 778/2710 [01:26<03:31,  9.13it/s]
Extraindo:  29%|██▊       | 779/2710 [01:26<03:35,  8.96it/s]
Extraindo:  29%|██▉       | 780/2710 [01:26<03:37,  8.87it/s]
Extraindo:  29%|██▉       | 781/2710 [01:26<03:33,  9.03it/s]
Extraindo:  29%|██▉       | 782/2710 [01:26<04:55,  6.53it/s]
Extraindo:  29%|██▉       | 783/2710 [01:26<05:47,  5.55it/s]
Extraindo:  29%|██▉       | 784/2710 [01:27<05:04,  6.32it/s]
Extraindo:  29%|██▉       | 785/2710 [01:27<04:33,  7.05it/s]
Extraindo:  29%|██▉       | 786/2710 [01:27<04:11,  7.66it/s]
Extraindo:  29%|██▉       | 787/2710 [01:27<03:58,  8.06it/s]
Extraindo:  29%|██▉       | 788/2710 [01:27<03:45,  8.53it/s]
Extraindo:  29%|██▉       | 789/2710 [01:27<03:35,  8.91it/s]
Extraindo:  29%|██▉       | 790/2710 [01:27<03:29,  9.19it/s]
Extraindo:  29%|██▉       | 791/2710 [01:27<03:25,  9.34it/s]
Extraindo:  29%|██▉       | 792/2710 [01:27<03:27,  9.22it/s]
Extraindo:  29%|██▉       | 793/2710 [01:28<04:43,  6.75it/s]
Extraindo:  29%|██▉       | 794/2710 [01:28<04:20,  7.35it/s]
Extraindo:  29%|██▉       | 795/2710 [01:28<04:01,  7.94it/s]
Extraindo:  29%|██▉       | 797/2710 [01:28<03:37,  8.78it/s]
Extraindo:  29%|██▉       | 798/2710 [01:28<03:33,  8.95it/s]
Extraindo:  29%|██▉       | 799/2710 [01:28<03:31,  9.06it/s]
Extraindo:  30%|██▉       | 800/2710 [01:28<03:30,  9.06it/s]
Extraindo:  30%|██▉       | 801/2710 [01:28<03:28,  9.16it/s]
Extraindo:  30%|██▉       | 802/2710 [01:29<03:27,  9.20it/s]
Extraindo:  30%|██▉       | 803/2710 [01:29<03:28,  9.13it/s]
Extraindo:  30%|██▉       | 804/2710 [01:29<03:31,  9.03it/s]
Extraindo:  30%|██▉       | 805/2710 [01:29<03:29,  9.09it/s]
Extraindo:  30%|██▉       | 806/2710 [01:29<03:28,  9.15it/s]
Extraindo:  30%|██▉       | 807/2710 [01:29<03:30,  9.04it/s]
Extraindo:  30%|██▉       | 808/2710 [01:29<03:31,  8.99it/s]
Extraindo:  30%|██▉       | 809/2710 [01:29<04:48,  6.58it/s]
Extraindo:  30%|██▉       | 810/2710 [01:30<04:19,  7.32it/s]
Extraindo:  30%|██▉       | 811/2710 [01:30<04:01,  7.86it/s]
Extraindo:  30%|██▉       | 812/2710 [01:30<03:56,  8.04it/s]
Extraindo:  30%|███       | 813/2710 [01:30<03:50,  8.24it/s]
Extraindo:  30%|███       | 814/2710 [01:30<03:45,  8.41it/s]
Extraindo:  30%|███       | 815/2710 [01:30<03:42,  8.51it/s]
Extraindo:  30%|███       | 816/2710 [01:30<03:38,  8.68it/s]
Extraindo:  30%|███       | 817/2710 [01:30<03:39,  8.62it/s]
Extraindo:  30%|███       | 818/2710 [01:30<03:38,  8.67it/s]
Extraindo:  30%|███       | 819/2710 [01:31<03:35,  8.76it/s]
Extraindo:  30%|███       | 820/2710 [01:31<04:45,  6.61it/s]
Extraindo:  30%|███       | 821/2710 [01:31<04:22,  7.21it/s]
Extraindo:  30%|███       | 822/2710 [01:31<04:03,  7.75it/s]
Extraindo:  30%|███       | 823/2710 [01:31<03:49,  8.22it/s]
Extraindo:  30%|███       | 824/2710 [01:31<04:58,  6.32it/s]
Extraindo:  30%|███       | 825/2710 [01:31<04:27,  7.03it/s]
Extraindo:  30%|███       | 826/2710 [01:32<04:04,  7.70it/s]
Extraindo:  31%|███       | 827/2710 [01:32<03:52,  8.11it/s]
Extraindo:  31%|███       | 828/2710 [01:32<03:42,  8.45it/s]
Extraindo:  31%|███       | 829/2710 [01:32<03:36,  8.67it/s]
Extraindo:  31%|███       | 830/2710 [01:32<03:36,  8.68it/s]
Extraindo:  31%|███       | 831/2710 [01:32<03:35,  8.74it/s]
Extraindo:  31%|███       | 832/2710 [01:32<03:30,  8.92it/s]
Extraindo:  31%|███       | 833/2710 [01:32<03:31,  8.88it/s]
Extraindo:  31%|███       | 834/2710 [01:32<03:30,  8.93it/s]
Extraindo:  31%|███       | 835/2710 [01:33<04:40,  6.69it/s]
Extraindo:  31%|███       | 836/2710 [01:33<04:13,  7.38it/s]
Extraindo:  31%|███       | 837/2710 [01:33<03:56,  7.93it/s]
Extraindo:  31%|███       | 838/2710 [01:33<03:45,  8.32it/s]
Extraindo:  31%|███       | 839/2710 [01:33<03:38,  8.55it/s]
Extraindo:  31%|███       | 840/2710 [01:33<03:33,  8.74it/s]
Extraindo:  31%|███       | 841/2710 [01:33<03:27,  9.02it/s]
Extraindo:  31%|███       | 842/2710 [01:33<03:23,  9.19it/s]
Extraindo:  31%|███       | 843/2710 [01:34<03:24,  9.11it/s]
Extraindo:  31%|███       | 844/2710 [01:34<03:27,  8.98it/s]
Extraindo:  31%|███       | 845/2710 [01:34<03:28,  8.93it/s]
Extraindo:  31%|███       | 846/2710 [01:34<03:25,  9.05it/s]
Extraindo:  31%|███▏      | 847/2710 [01:34<03:22,  9.19it/s]
Extraindo:  31%|███▏      | 848/2710 [01:34<03:26,  9.00it/s]
Extraindo:  31%|███▏      | 849/2710 [01:34<03:26,  9.02it/s]
Extraindo:  31%|███▏      | 850/2710 [01:34<03:27,  8.97it/s]
Extraindo:  31%|███▏      | 851/2710 [01:34<03:27,  8.97it/s]
Extraindo:  31%|███▏      | 852/2710 [01:35<03:27,  8.95it/s]
Extraindo:  31%|███▏      | 853/2710 [01:35<03:41,  8.38it/s]
Extraindo:  32%|███▏      | 854/2710 [01:35<04:53,  6.32it/s]
Extraindo:  32%|███▏      | 855/2710 [01:35<04:22,  7.06it/s]
Extraindo:  32%|███▏      | 856/2710 [01:35<04:06,  7.53it/s]
Extraindo:  32%|███▏      | 857/2710 [01:35<04:04,  7.57it/s]
Extraindo:  32%|███▏      | 858/2710 [01:36<05:01,  6.14it/s]
Extraindo:  32%|███▏      | 860/2710 [01:36<04:11,  7.37it/s]
Extraindo:  32%|███▏      | 862/2710 [01:36<03:46,  8.15it/s]
Extraindo:  32%|███▏      | 863/2710 [01:36<04:38,  6.64it/s]
Extraindo:  32%|███▏      | 864/2710 [01:36<04:16,  7.19it/s]
Extraindo:  32%|███▏      | 865/2710 [01:36<03:59,  7.72it/s]
Extraindo:  32%|███▏      | 866/2710 [01:36<03:48,  8.07it/s]
Extraindo:  32%|███▏      | 867/2710 [01:37<03:38,  8.45it/s]
Extraindo:  32%|███▏      | 868/2710 [01:37<03:32,  8.66it/s]
Extraindo:  32%|███▏      | 869/2710 [01:37<03:30,  8.76it/s]
Extraindo:  32%|███▏      | 870/2710 [01:37<03:24,  9.02it/s]
Extraindo:  32%|███▏      | 871/2710 [01:37<03:21,  9.12it/s]
Extraindo:  32%|███▏      | 872/2710 [01:37<03:21,  9.10it/s]
Extraindo:  32%|███▏      | 873/2710 [01:37<03:22,  9.08it/s]
Extraindo:  32%|███▏      | 874/2710 [01:37<03:22,  9.08it/s]
Extraindo:  32%|███▏      | 875/2710 [01:37<03:22,  9.07it/s]
Extraindo:  32%|███▏      | 876/2710 [01:38<03:26,  8.89it/s]
Extraindo:  32%|███▏      | 877/2710 [01:38<03:26,  8.87it/s]
Extraindo:  32%|███▏      | 878/2710 [01:38<03:22,  9.05it/s]
Extraindo:  32%|███▏      | 879/2710 [01:38<03:27,  8.82it/s]
Extraindo:  32%|███▏      | 880/2710 [01:38<03:29,  8.73it/s]
Extraindo:  33%|███▎      | 881/2710 [01:38<03:28,  8.76it/s]
Extraindo:  33%|███▎      | 882/2710 [01:38<03:31,  8.64it/s]
Extraindo:  33%|███▎      | 883/2710 [01:38<03:28,  8.75it/s]
Extraindo:  33%|███▎      | 884/2710 [01:38<03:25,  8.89it/s]
Extraindo:  33%|███▎      | 885/2710 [01:39<04:43,  6.44it/s]
Extraindo:  33%|███▎      | 886/2710 [01:39<04:19,  7.03it/s]
Extraindo:  33%|███▎      | 887/2710 [01:39<04:00,  7.58it/s]
Extraindo:  33%|███▎      | 888/2710 [01:39<03:49,  7.95it/s]
Extraindo:  33%|███▎      | 889/2710 [01:39<03:47,  8.00it/s]
Extraindo:  33%|███▎      | 890/2710 [01:39<04:51,  6.23it/s]
Extraindo:  33%|███▎      | 891/2710 [01:40<04:21,  6.96it/s]
Extraindo:  33%|███▎      | 892/2710 [01:40<04:03,  7.46it/s]
Extraindo:  33%|███▎      | 893/2710 [01:40<03:48,  7.93it/s]
Extraindo:  33%|███▎      | 894/2710 [01:40<03:40,  8.22it/s]
Extraindo:  33%|███▎      | 895/2710 [01:40<04:41,  6.45it/s]
Extraindo:  33%|███▎      | 897/2710 [01:40<03:56,  7.65it/s]
Extraindo:  33%|███▎      | 898/2710 [01:40<03:52,  7.78it/s]
Extraindo:  33%|███▎      | 899/2710 [01:41<03:42,  8.16it/s]
Extraindo:  33%|███▎      | 900/2710 [01:41<03:33,  8.46it/s]
Extraindo:  33%|███▎      | 901/2710 [01:41<03:33,  8.48it/s]
Extraindo:  33%|███▎      | 902/2710 [01:41<03:27,  8.69it/s]
Extraindo:  33%|███▎      | 903/2710 [01:41<03:27,  8.72it/s]
Extraindo:  33%|███▎      | 904/2710 [01:41<03:25,  8.81it/s]
Extraindo:  33%|███▎      | 905/2710 [01:41<03:26,  8.74it/s]
Extraindo:  33%|███▎      | 906/2710 [01:41<03:24,  8.83it/s]
Extraindo:  33%|███▎      | 907/2710 [01:41<03:25,  8.76it/s]
Extraindo:  34%|███▎      | 908/2710 [01:42<03:22,  8.89it/s]
Extraindo:  34%|███▎      | 909/2710 [01:42<03:23,  8.85it/s]
Extraindo:  34%|███▎      | 910/2710 [01:42<03:26,  8.72it/s]
Extraindo:  34%|███▎      | 911/2710 [01:42<03:23,  8.82it/s]
Extraindo:  34%|███▎      | 912/2710 [01:42<03:25,  8.75it/s]
Extraindo:  34%|███▎      | 913/2710 [01:42<03:26,  8.69it/s]
Extraindo:  34%|███▎      | 914/2710 [01:42<03:28,  8.59it/s]
Extraindo:  34%|███▍      | 915/2710 [01:42<03:26,  8.67it/s]
Extraindo:  34%|███▍      | 916/2710 [01:43<04:38,  6.44it/s]
Extraindo:  34%|███▍      | 917/2710 [01:43<05:33,  5.38it/s]
Extraindo:  34%|███▍      | 918/2710 [01:43<04:49,  6.19it/s]
Extraindo:  34%|███▍      | 919/2710 [01:43<04:23,  6.80it/s]
Extraindo:  34%|███▍      | 920/2710 [01:43<04:00,  7.46it/s]
Extraindo:  34%|███▍      | 921/2710 [01:43<03:43,  8.00it/s]
Extraindo:  34%|███▍      | 922/2710 [01:43<03:38,  8.17it/s]
Extraindo:  34%|███▍      | 923/2710 [01:44<03:32,  8.41it/s]
Extraindo:  34%|███▍      | 924/2710 [01:44<03:30,  8.50it/s]
Extraindo:  34%|███▍      | 925/2710 [01:44<03:28,  8.55it/s]
Extraindo:  34%|███▍      | 926/2710 [01:44<03:25,  8.67it/s]
Extraindo:  34%|███▍      | 927/2710 [01:44<03:24,  8.74it/s]
Extraindo:  34%|███▍      | 928/2710 [01:44<03:23,  8.78it/s]
Extraindo:  34%|███▍      | 929/2710 [01:44<03:26,  8.61it/s]
Extraindo:  34%|███▍      | 930/2710 [01:44<03:26,  8.62it/s]
Extraindo:  34%|███▍      | 931/2710 [01:44<03:25,  8.65it/s]
Extraindo:  34%|███▍      | 932/2710 [01:45<03:26,  8.63it/s]
Extraindo:  34%|███▍      | 933/2710 [01:45<04:35,  6.45it/s]
Extraindo:  34%|███▍      | 934/2710 [01:45<04:14,  6.97it/s]
Extraindo:  35%|███▍      | 935/2710 [01:45<03:58,  7.44it/s]
Extraindo:  35%|███▍      | 936/2710 [01:45<03:47,  7.81it/s]
Extraindo:  35%|███▍      | 937/2710 [01:45<03:38,  8.10it/s]
Extraindo:  35%|███▍      | 938/2710 [01:45<03:36,  8.20it/s]
Extraindo:  35%|███▍      | 939/2710 [01:45<03:36,  8.19it/s]
Extraindo:  35%|███▍      | 940/2710 [01:46<03:35,  8.22it/s]
Extraindo:  35%|███▍      | 941/2710 [01:46<03:37,  8.13it/s]
Extraindo:  35%|███▍      | 942/2710 [01:46<03:35,  8.20it/s]
Extraindo:  35%|███▍      | 943/2710 [01:46<03:36,  8.18it/s]
Extraindo:  35%|███▍      | 944/2710 [01:46<04:46,  6.17it/s]
Extraindo:  35%|███▍      | 945/2710 [01:46<04:14,  6.93it/s]
Extraindo:  35%|███▍      | 946/2710 [01:47<05:09,  5.70it/s]
Extraindo:  35%|███▍      | 947/2710 [01:47<04:34,  6.42it/s]
Extraindo:  35%|███▍      | 948/2710 [01:47<04:10,  7.02it/s]
Extraindo:  35%|███▌      | 949/2710 [01:47<03:51,  7.60it/s]
Extraindo:  35%|███▌      | 950/2710 [01:47<03:42,  7.92it/s]
Extraindo:  35%|███▌      | 951/2710 [01:47<03:34,  8.22it/s]
Extraindo:  35%|███▌      | 952/2710 [01:47<03:28,  8.44it/s]
Extraindo:  35%|███▌      | 953/2710 [01:47<03:23,  8.63it/s]
Extraindo:  35%|███▌      | 954/2710 [01:47<03:20,  8.76it/s]
Extraindo:  35%|███▌      | 955/2710 [01:48<03:20,  8.77it/s]
Extraindo:  35%|███▌      | 956/2710 [01:48<03:18,  8.82it/s]
Extraindo:  35%|███▌      | 957/2710 [01:48<03:19,  8.78it/s]
Extraindo:  35%|███▌      | 958/2710 [01:48<03:17,  8.88it/s]
Extraindo:  35%|███▌      | 959/2710 [01:48<03:18,  8.82it/s]
Extraindo:  35%|███▌      | 960/2710 [01:48<03:17,  8.86it/s]
Extraindo:  35%|███▌      | 961/2710 [01:48<03:22,  8.63it/s]
Extraindo:  35%|███▌      | 962/2710 [01:48<03:22,  8.63it/s]
Extraindo:  36%|███▌      | 963/2710 [01:49<03:28,  8.37it/s]
Extraindo:  36%|███▌      | 964/2710 [01:49<03:30,  8.30it/s]
Extraindo:  36%|███▌      | 965/2710 [01:49<03:31,  8.24it/s]
Extraindo:  36%|███▌      | 966/2710 [01:49<03:34,  8.14it/s]
Extraindo:  36%|███▌      | 967/2710 [01:49<03:33,  8.15it/s]
Extraindo:  36%|███▌      | 968/2710 [01:49<03:33,  8.17it/s]
Extraindo:  36%|███▌      | 969/2710 [01:49<03:28,  8.34it/s]
Extraindo:  36%|███▌      | 970/2710 [01:50<04:36,  6.29it/s]
Extraindo:  36%|███▌      | 971/2710 [01:50<05:21,  5.42it/s]
Extraindo:  36%|███▌      | 972/2710 [01:50<04:43,  6.12it/s]
Extraindo:  36%|███▌      | 973/2710 [01:50<04:13,  6.85it/s]
Extraindo:  36%|███▌      | 974/2710 [01:50<03:58,  7.28it/s]
Extraindo:  36%|███▌      | 975/2710 [01:50<03:40,  7.85it/s]
Extraindo:  36%|███▌      | 976/2710 [01:50<03:33,  8.10it/s]
Extraindo:  36%|███▌      | 977/2710 [01:51<04:36,  6.27it/s]
Extraindo:  36%|███▌      | 978/2710 [01:51<04:07,  6.99it/s]
Extraindo:  36%|███▌      | 980/2710 [01:51<03:38,  7.92it/s]
Extraindo:  36%|███▌      | 981/2710 [01:51<03:30,  8.22it/s]
Extraindo:  36%|███▌      | 982/2710 [01:51<03:21,  8.57it/s]
Extraindo:  36%|███▋      | 983/2710 [01:51<03:15,  8.82it/s]
Extraindo:  36%|███▋      | 984/2710 [01:52<05:21,  5.36it/s]
Extraindo:  36%|███▋      | 985/2710 [01:52<04:39,  6.18it/s]
Extraindo:  36%|███▋      | 987/2710 [01:52<03:50,  7.46it/s]
Extraindo:  36%|███▋      | 988/2710 [01:52<03:37,  7.91it/s]
Extraindo:  37%|███▋      | 990/2710 [01:52<03:18,  8.66it/s]
Extraindo:  37%|███▋      | 991/2710 [01:52<03:15,  8.81it/s]
Extraindo:  37%|███▋      | 992/2710 [01:52<03:11,  8.95it/s]
Extraindo:  37%|███▋      | 993/2710 [01:52<03:07,  9.18it/s]
Extraindo:  37%|███▋      | 994/2710 [01:53<03:06,  9.18it/s]
Extraindo:  37%|███▋      | 995/2710 [01:53<03:05,  9.24it/s]
Extraindo:  37%|███▋      | 996/2710 [01:53<03:07,  9.12it/s]
Extraindo:  37%|███▋      | 997/2710 [01:53<03:07,  9.11it/s]
Extraindo:  37%|███▋      | 998/2710 [01:53<04:08,  6.88it/s]
Extraindo:  37%|███▋      | 999/2710 [01:53<03:50,  7.43it/s]
Extraindo:  37%|███▋      | 1000/2710 [01:53<03:34,  7.97it/s]
Extraindo:  37%|███▋      | 1001/2710 [01:53<03:28,  8.20it/s]
Extraindo:  37%|███▋      | 1002/2710 [01:54<03:18,  8.62it/s]
Extraindo:  37%|███▋      | 1003/2710 [01:54<03:12,  8.86it/s]
Extraindo:  37%|███▋      | 1004/2710 [01:54<03:15,  8.73it/s]
Extraindo:  37%|███▋      | 1005/2710 [01:54<03:13,  8.81it/s]
Extraindo:  37%|███▋      | 1006/2710 [01:54<03:11,  8.92it/s]
Extraindo:  37%|███▋      | 1007/2710 [01:54<05:22,  5.29it/s]
Extraindo:  37%|███▋      | 1009/2710 [01:55<04:07,  6.87it/s]
Extraindo:  37%|███▋      | 1010/2710 [01:55<03:48,  7.44it/s]
Extraindo:  37%|███▋      | 1012/2710 [01:55<03:24,  8.32it/s]
Extraindo:  37%|███▋      | 1014/2710 [01:55<03:09,  8.95it/s]
Extraindo:  37%|███▋      | 1015/2710 [01:55<03:05,  9.13it/s]
Extraindo:  37%|███▋      | 1016/2710 [01:55<03:02,  9.29it/s]
Extraindo:  38%|███▊      | 1017/2710 [01:55<02:59,  9.42it/s]
Extraindo:  38%|███▊      | 1018/2710 [01:55<02:58,  9.48it/s]
Extraindo:  38%|███▊      | 1020/2710 [01:56<02:54,  9.68it/s]
Extraindo:  38%|███▊      | 1021/2710 [01:56<02:55,  9.64it/s]
Extraindo:  38%|███▊      | 1022/2710 [01:56<02:56,  9.54it/s]
Extraindo:  38%|███▊      | 1023/2710 [01:56<02:57,  9.51it/s]
Extraindo:  38%|███▊      | 1024/2710 [01:56<02:57,  9.52it/s]
Extraindo:  38%|███▊      | 1025/2710 [01:56<03:58,  7.05it/s]
Extraindo:  38%|███▊      | 1026/2710 [01:56<03:38,  7.69it/s]
Extraindo:  38%|███▊      | 1028/2710 [01:57<03:19,  8.43it/s]
Extraindo:  38%|███▊      | 1029/2710 [01:57<03:15,  8.60it/s]
Extraindo:  38%|███▊      | 1030/2710 [01:57<03:12,  8.73it/s]
Extraindo:  38%|███▊      | 1031/2710 [01:57<03:09,  8.84it/s]
Extraindo:  38%|███▊      | 1032/2710 [01:57<03:06,  8.97it/s]
Extraindo:  38%|███▊      | 1033/2710 [01:57<03:06,  9.00it/s]
Extraindo:  38%|███▊      | 1034/2710 [01:57<03:04,  9.06it/s]
Extraindo:  38%|███▊      | 1035/2710 [01:57<03:03,  9.11it/s]
Extraindo:  38%|███▊      | 1036/2710 [01:58<03:00,  9.26it/s]
Extraindo:  38%|███▊      | 1037/2710 [01:58<03:00,  9.26it/s]
Extraindo:  38%|███▊      | 1038/2710 [01:58<04:12,  6.61it/s]
Extraindo:  38%|███▊      | 1039/2710 [01:58<03:48,  7.31it/s]
Extraindo:  38%|███▊      | 1040/2710 [01:58<03:34,  7.78it/s]
Extraindo:  38%|███▊      | 1041/2710 [01:58<03:25,  8.14it/s]
Extraindo:  38%|███▊      | 1042/2710 [01:58<03:21,  8.27it/s]
Extraindo:  38%|███▊      | 1043/2710 [01:58<03:15,  8.54it/s]
Extraindo:  39%|███▊      | 1044/2710 [01:59<03:16,  8.50it/s]
Extraindo:  39%|███▊      | 1045/2710 [01:59<04:15,  6.52it/s]
Extraindo:  39%|███▊      | 1046/2710 [01:59<03:53,  7.13it/s]
Extraindo:  39%|███▊      | 1047/2710 [01:59<03:34,  7.74it/s]
Extraindo:  39%|███▊      | 1048/2710 [01:59<03:22,  8.20it/s]
Extraindo:  39%|███▊      | 1049/2710 [01:59<03:14,  8.53it/s]
Extraindo:  39%|███▊      | 1050/2710 [01:59<03:13,  8.57it/s]
Extraindo:  39%|███▉      | 1051/2710 [01:59<03:10,  8.69it/s]
Extraindo:  39%|███▉      | 1052/2710 [02:00<04:12,  6.58it/s]
Extraindo:  39%|███▉      | 1053/2710 [02:00<03:48,  7.25it/s]
Extraindo:  39%|███▉      | 1054/2710 [02:00<03:30,  7.86it/s]
Extraindo:  39%|███▉      | 1056/2710 [02:00<03:10,  8.69it/s]
Extraindo:  39%|███▉      | 1057/2710 [02:00<03:04,  8.97it/s]
Extraindo:  39%|███▉      | 1058/2710 [02:00<03:01,  9.10it/s]
Extraindo:  39%|███▉      | 1059/2710 [02:00<03:00,  9.15it/s]
Extraindo:  39%|███▉      | 1060/2710 [02:00<03:01,  9.08it/s]
Extraindo:  39%|███▉      | 1061/2710 [02:01<03:00,  9.11it/s]
Extraindo:  39%|███▉      | 1062/2710 [02:01<03:00,  9.11it/s]
Extraindo:  39%|███▉      | 1063/2710 [02:01<03:04,  8.91it/s]
Extraindo:  39%|███▉      | 1064/2710 [02:01<03:01,  9.08it/s]
Extraindo:  39%|███▉      | 1065/2710 [02:01<03:04,  8.93it/s]
Extraindo:  39%|███▉      | 1066/2710 [02:01<03:00,  9.13it/s]
Extraindo:  39%|███▉      | 1067/2710 [02:01<03:02,  9.00it/s]
Extraindo:  39%|███▉      | 1068/2710 [02:02<04:06,  6.67it/s]
Extraindo:  39%|███▉      | 1069/2710 [02:02<03:45,  7.26it/s]
Extraindo:  39%|███▉      | 1070/2710 [02:02<03:29,  7.85it/s]
Extraindo:  40%|███▉      | 1071/2710 [02:02<03:23,  8.07it/s]
Extraindo:  40%|███▉      | 1072/2710 [02:02<03:20,  8.18it/s]
Extraindo:  40%|███▉      | 1073/2710 [02:02<03:14,  8.41it/s]
Extraindo:  40%|███▉      | 1074/2710 [02:02<03:12,  8.48it/s]
Extraindo:  40%|███▉      | 1075/2710 [02:02<03:09,  8.62it/s]
Extraindo:  40%|███▉      | 1076/2710 [02:02<03:04,  8.84it/s]
Extraindo:  40%|███▉      | 1077/2710 [02:03<03:04,  8.85it/s]
Extraindo:  40%|███▉      | 1078/2710 [02:03<03:02,  8.93it/s]
Extraindo:  40%|███▉      | 1079/2710 [02:03<04:10,  6.52it/s]
Extraindo:  40%|███▉      | 1080/2710 [02:03<03:47,  7.16it/s]
Extraindo:  40%|███▉      | 1081/2710 [02:03<03:32,  7.65it/s]
Extraindo:  40%|███▉      | 1082/2710 [02:03<04:26,  6.10it/s]
Extraindo:  40%|███▉      | 1083/2710 [02:03<03:56,  6.88it/s]
Extraindo:  40%|████      | 1085/2710 [02:04<03:20,  8.09it/s]
Extraindo:  40%|████      | 1086/2710 [02:04<03:13,  8.38it/s]
Extraindo:  40%|████      | 1087/2710 [02:04<03:12,  8.42it/s]
Extraindo:  40%|████      | 1089/2710 [02:04<02:51,  9.43it/s]
Extraindo:  40%|████      | 1090/2710 [02:04<02:51,  9.43it/s]
Extraindo:  40%|████      | 1091/2710 [02:04<02:55,  9.23it/s]
Extraindo:  40%|████      | 1092/2710 [02:04<02:57,  9.14it/s]
Extraindo:  40%|████      | 1093/2710 [02:04<02:56,  9.17it/s]
Extraindo:  40%|████      | 1094/2710 [02:05<02:58,  9.04it/s]
Extraindo:  40%|████      | 1095/2710 [02:05<02:58,  9.05it/s]
Extraindo:  40%|████      | 1096/2710 [02:05<02:57,  9.09it/s]
Extraindo:  40%|████      | 1097/2710 [02:05<03:03,  8.80it/s]
Extraindo:  41%|████      | 1098/2710 [02:05<03:01,  8.90it/s]
Extraindo:  41%|████      | 1099/2710 [02:05<04:06,  6.53it/s]
Extraindo:  41%|████      | 1100/2710 [02:05<03:45,  7.13it/s]
Extraindo:  41%|████      | 1101/2710 [02:06<03:29,  7.67it/s]
Extraindo:  41%|████      | 1102/2710 [02:06<03:17,  8.14it/s]
Extraindo:  41%|████      | 1103/2710 [02:06<03:12,  8.34it/s]
Extraindo:  41%|████      | 1104/2710 [02:06<03:12,  8.34it/s]
Extraindo:  41%|████      | 1105/2710 [02:06<03:08,  8.51it/s]
Extraindo:  41%|████      | 1106/2710 [02:06<04:11,  6.38it/s]
Extraindo:  41%|████      | 1107/2710 [02:06<03:48,  7.02it/s]
Extraindo:  41%|████      | 1108/2710 [02:06<03:28,  7.67it/s]
Extraindo:  41%|████      | 1109/2710 [02:07<03:17,  8.09it/s]
Extraindo:  41%|████      | 1110/2710 [02:07<03:07,  8.53it/s]
Extraindo:  41%|████      | 1111/2710 [02:07<03:01,  8.79it/s]
Extraindo:  41%|████      | 1112/2710 [02:07<03:00,  8.84it/s]
Extraindo:  41%|████      | 1113/2710 [02:07<03:02,  8.77it/s]
Extraindo:  41%|████      | 1114/2710 [02:07<03:01,  8.82it/s]
Extraindo:  41%|████      | 1115/2710 [02:07<03:00,  8.84it/s]
Extraindo:  41%|████      | 1116/2710 [02:07<03:03,  8.71it/s]
Extraindo:  41%|████      | 1117/2710 [02:07<03:00,  8.82it/s]
Extraindo:  41%|████▏     | 1118/2710 [02:08<02:58,  8.89it/s]
Extraindo:  41%|████▏     | 1119/2710 [02:08<03:00,  8.80it/s]
Extraindo:  41%|████▏     | 1120/2710 [02:08<04:05,  6.49it/s]
Extraindo:  41%|████▏     | 1121/2710 [02:08<03:44,  7.09it/s]
Extraindo:  41%|████▏     | 1122/2710 [02:08<03:29,  7.58it/s]
Extraindo:  41%|████▏     | 1123/2710 [02:08<03:18,  8.00it/s]
Extraindo:  41%|████▏     | 1124/2710 [02:08<03:12,  8.23it/s]
Extraindo:  42%|████▏     | 1125/2710 [02:08<03:08,  8.41it/s]
Extraindo:  42%|████▏     | 1126/2710 [02:09<03:01,  8.74it/s]
Extraindo:  42%|████▏     | 1127/2710 [02:09<03:02,  8.66it/s]
Extraindo:  42%|████▏     | 1128/2710 [02:09<03:01,  8.73it/s]
Extraindo:  42%|████▏     | 1129/2710 [02:09<03:03,  8.63it/s]
Extraindo:  42%|████▏     | 1130/2710 [02:09<04:09,  6.34it/s]
Extraindo:  42%|████▏     | 1131/2710 [02:09<03:45,  6.99it/s]
Extraindo:  42%|████▏     | 1132/2710 [02:09<03:27,  7.60it/s]
Extraindo:  42%|████▏     | 1133/2710 [02:10<04:16,  6.15it/s]
Extraindo:  42%|████▏     | 1134/2710 [02:10<03:48,  6.89it/s]
Extraindo:  42%|████▏     | 1136/2710 [02:10<03:18,  7.94it/s]
Extraindo:  42%|████▏     | 1137/2710 [02:10<03:08,  8.33it/s]
Extraindo:  42%|████▏     | 1138/2710 [02:10<03:02,  8.59it/s]
Extraindo:  42%|████▏     | 1139/2710 [02:10<03:11,  8.22it/s]
Extraindo:  42%|████▏     | 1140/2710 [02:10<03:02,  8.62it/s]
Extraindo:  42%|████▏     | 1141/2710 [02:10<02:55,  8.93it/s]
Extraindo:  42%|████▏     | 1142/2710 [02:11<02:50,  9.21it/s]
Extraindo:  42%|████▏     | 1143/2710 [02:11<02:46,  9.40it/s]
Extraindo:  42%|████▏     | 1144/2710 [02:11<02:45,  9.47it/s]
Extraindo:  42%|████▏     | 1145/2710 [02:11<02:50,  9.20it/s]
Extraindo:  42%|████▏     | 1146/2710 [02:11<02:53,  9.02it/s]
Extraindo:  42%|████▏     | 1147/2710 [02:11<02:52,  9.04it/s]
Extraindo:  42%|████▏     | 1148/2710 [02:11<02:50,  9.15it/s]
Extraindo:  42%|████▏     | 1149/2710 [02:11<02:53,  8.99it/s]
Extraindo:  42%|████▏     | 1150/2710 [02:11<02:56,  8.81it/s]
Extraindo:  43%|████▎     | 1152/2710 [02:12<02:52,  9.02it/s]
Extraindo:  43%|████▎     | 1153/2710 [02:12<02:55,  8.88it/s]
Extraindo:  43%|████▎     | 1154/2710 [02:12<03:01,  8.57it/s]
Extraindo:  43%|████▎     | 1155/2710 [02:12<03:02,  8.52it/s]
Extraindo:  43%|████▎     | 1156/2710 [02:12<03:02,  8.53it/s]
Extraindo:  43%|████▎     | 1157/2710 [02:12<03:00,  8.59it/s]
Extraindo:  43%|████▎     | 1158/2710 [02:13<03:59,  6.47it/s]
Extraindo:  43%|████▎     | 1159/2710 [02:13<03:37,  7.12it/s]
Extraindo:  43%|████▎     | 1160/2710 [02:13<03:27,  7.46it/s]
Extraindo:  43%|████▎     | 1161/2710 [02:13<05:25,  4.76it/s]
Extraindo:  43%|████▎     | 1162/2710 [02:13<04:35,  5.62it/s]
Extraindo:  43%|████▎     | 1163/2710 [02:13<03:59,  6.46it/s]
Extraindo:  43%|████▎     | 1165/2710 [02:14<03:19,  7.75it/s]
Extraindo:  43%|████▎     | 1166/2710 [02:14<03:08,  8.18it/s]
Extraindo:  43%|████▎     | 1167/2710 [02:14<03:01,  8.52it/s]
Extraindo:  43%|████▎     | 1168/2710 [02:14<02:57,  8.70it/s]
Extraindo:  43%|████▎     | 1169/2710 [02:14<03:00,  8.56it/s]
Extraindo:  43%|████▎     | 1170/2710 [02:14<02:56,  8.74it/s]
Extraindo:  43%|████▎     | 1171/2710 [02:14<02:54,  8.81it/s]
Extraindo:  43%|████▎     | 1172/2710 [02:14<02:52,  8.91it/s]
Extraindo:  43%|████▎     | 1173/2710 [02:14<02:52,  8.91it/s]
Extraindo:  43%|████▎     | 1174/2710 [02:15<02:52,  8.93it/s]
Extraindo:  43%|████▎     | 1175/2710 [02:15<02:48,  9.09it/s]
Extraindo:  43%|████▎     | 1176/2710 [02:15<02:51,  8.93it/s]
Extraindo:  43%|████▎     | 1177/2710 [02:15<02:48,  9.12it/s]
Extraindo:  43%|████▎     | 1178/2710 [02:15<02:56,  8.69it/s]
Extraindo:  44%|████▎     | 1179/2710 [02:15<02:56,  8.68it/s]
Extraindo:  44%|████▎     | 1180/2710 [02:15<02:56,  8.69it/s]
Extraindo:  44%|████▎     | 1181/2710 [02:15<02:53,  8.80it/s]
Extraindo:  44%|████▎     | 1182/2710 [02:15<02:55,  8.73it/s]
Extraindo:  44%|████▎     | 1183/2710 [02:16<02:54,  8.75it/s]
Extraindo:  44%|████▎     | 1184/2710 [02:16<02:57,  8.59it/s]
Extraindo:  44%|████▎     | 1185/2710 [02:16<03:00,  8.46it/s]
Extraindo:  44%|████▍     | 1186/2710 [02:16<03:03,  8.32it/s]
Extraindo:  44%|████▍     | 1187/2710 [02:16<04:00,  6.35it/s]
Extraindo:  44%|████▍     | 1188/2710 [02:16<03:40,  6.92it/s]
Extraindo:  44%|████▍     | 1189/2710 [02:16<03:27,  7.33it/s]
Extraindo:  44%|████▍     | 1190/2710 [02:17<03:21,  7.55it/s]
Extraindo:  44%|████▍     | 1191/2710 [02:17<03:14,  7.82it/s]
Extraindo:  44%|████▍     | 1192/2710 [02:17<04:14,  5.97it/s]
Extraindo:  44%|████▍     | 1193/2710 [02:17<03:45,  6.72it/s]
Extraindo:  44%|████▍     | 1194/2710 [02:17<03:27,  7.29it/s]
Extraindo:  44%|████▍     | 1195/2710 [02:17<04:12,  6.01it/s]
Extraindo:  44%|████▍     | 1197/2710 [02:18<03:24,  7.40it/s]
Extraindo:  44%|████▍     | 1198/2710 [02:18<03:12,  7.85it/s]
Extraindo:  44%|████▍     | 1199/2710 [02:18<03:03,  8.24it/s]
Extraindo:  44%|████▍     | 1200/2710 [02:18<02:56,  8.57it/s]
Extraindo:  44%|████▍     | 1201/2710 [02:18<02:55,  8.59it/s]
Extraindo:  44%|████▍     | 1202/2710 [02:18<02:53,  8.69it/s]
Extraindo:  44%|████▍     | 1203/2710 [02:18<02:51,  8.80it/s]
Extraindo:  44%|████▍     | 1204/2710 [02:18<02:49,  8.86it/s]
Extraindo:  44%|████▍     | 1205/2710 [02:18<02:49,  8.88it/s]
Extraindo:  45%|████▍     | 1206/2710 [02:19<02:50,  8.80it/s]
Extraindo:  45%|████▍     | 1207/2710 [02:19<02:52,  8.74it/s]
Extraindo:  45%|████▍     | 1208/2710 [02:19<02:50,  8.83it/s]
Extraindo:  45%|████▍     | 1209/2710 [02:19<02:49,  8.85it/s]
Extraindo:  45%|████▍     | 1210/2710 [02:19<02:55,  8.56it/s]
Extraindo:  45%|████▍     | 1211/2710 [02:19<02:54,  8.61it/s]
Extraindo:  45%|████▍     | 1212/2710 [02:19<02:53,  8.64it/s]
Extraindo:  45%|████▍     | 1213/2710 [02:19<02:55,  8.54it/s]
Extraindo:  45%|████▍     | 1214/2710 [02:20<03:54,  6.37it/s]
Extraindo:  45%|████▍     | 1215/2710 [02:20<03:31,  7.08it/s]
Extraindo:  45%|████▍     | 1216/2710 [02:20<03:18,  7.54it/s]
Extraindo:  45%|████▍     | 1217/2710 [02:20<03:15,  7.63it/s]
Extraindo:  45%|████▍     | 1218/2710 [02:20<03:10,  7.81it/s]
Extraindo:  45%|████▍     | 1219/2710 [02:20<03:10,  7.83it/s]
Extraindo:  45%|████▌     | 1220/2710 [02:20<03:05,  8.05it/s]
Extraindo:  45%|████▌     | 1221/2710 [02:20<03:01,  8.18it/s]
Extraindo:  45%|████▌     | 1222/2710 [02:21<03:59,  6.20it/s]
Extraindo:  45%|████▌     | 1223/2710 [02:21<03:37,  6.85it/s]
Extraindo:  45%|████▌     | 1224/2710 [02:21<03:20,  7.41it/s]
Extraindo:  45%|████▌     | 1225/2710 [02:21<03:12,  7.70it/s]
Extraindo:  45%|████▌     | 1226/2710 [02:21<03:07,  7.92it/s]
Extraindo:  45%|████▌     | 1227/2710 [02:21<03:01,  8.18it/s]
Extraindo:  45%|████▌     | 1228/2710 [02:21<02:58,  8.31it/s]
Extraindo:  45%|████▌     | 1229/2710 [02:21<02:59,  8.24it/s]
Extraindo:  45%|████▌     | 1230/2710 [02:22<02:59,  8.23it/s]
Extraindo:  45%|████▌     | 1231/2710 [02:22<02:58,  8.29it/s]
Extraindo:  45%|████▌     | 1232/2710 [02:22<03:54,  6.30it/s]
Extraindo:  45%|████▌     | 1233/2710 [02:22<03:33,  6.93it/s]
Extraindo:  46%|████▌     | 1234/2710 [02:22<03:19,  7.42it/s]
Extraindo:  46%|████▌     | 1235/2710 [02:22<03:10,  7.74it/s]
Extraindo:  46%|████▌     | 1236/2710 [02:22<03:05,  7.96it/s]
Extraindo:  46%|████▌     | 1237/2710 [02:23<03:00,  8.17it/s]
Extraindo:  46%|████▌     | 1238/2710 [02:23<03:01,  8.10it/s]
Extraindo:  46%|████▌     | 1239/2710 [02:23<02:56,  8.32it/s]
Extraindo:  46%|████▌     | 1240/2710 [02:23<02:54,  8.41it/s]
Extraindo:  46%|████▌     | 1241/2710 [02:23<03:58,  6.15it/s]
Extraindo:  46%|████▌     | 1242/2710 [02:23<03:36,  6.78it/s]
Extraindo:  46%|████▌     | 1243/2710 [02:23<03:18,  7.38it/s]
Extraindo:  46%|████▌     | 1244/2710 [02:23<03:10,  7.70it/s]
Extraindo:  46%|████▌     | 1245/2710 [02:24<03:04,  7.95it/s]
Extraindo:  46%|████▌     | 1246/2710 [02:24<03:00,  8.11it/s]
Extraindo:  46%|████▌     | 1247/2710 [02:24<03:00,  8.10it/s]
Extraindo:  46%|████▌     | 1248/2710 [02:24<03:05,  7.88it/s]
Extraindo:  46%|████▌     | 1249/2710 [02:24<03:03,  7.96it/s]
Extraindo:  46%|████▌     | 1250/2710 [02:24<03:03,  7.94it/s]
Extraindo:  46%|████▌     | 1251/2710 [02:24<03:00,  8.06it/s]
Extraindo:  46%|████▌     | 1252/2710 [02:24<02:59,  8.14it/s]
Extraindo:  46%|████▌     | 1253/2710 [02:25<03:59,  6.09it/s]
Extraindo:  46%|████▋     | 1254/2710 [02:25<03:35,  6.74it/s]
Extraindo:  46%|████▋     | 1255/2710 [02:25<03:23,  7.13it/s]
Extraindo:  46%|████▋     | 1256/2710 [02:25<03:15,  7.43it/s]
Extraindo:  46%|████▋     | 1257/2710 [02:25<03:08,  7.70it/s]
Extraindo:  46%|████▋     | 1258/2710 [02:25<03:03,  7.93it/s]
Extraindo:  46%|████▋     | 1259/2710 [02:25<03:00,  8.04it/s]
Extraindo:  46%|████▋     | 1260/2710 [02:26<03:00,  8.04it/s]
Extraindo:  47%|████▋     | 1261/2710 [02:26<02:59,  8.08it/s]
Extraindo:  47%|████▋     | 1262/2710 [02:26<03:00,  8.03it/s]
Extraindo:  47%|████▋     | 1263/2710 [02:26<03:02,  7.92it/s]
Extraindo:  47%|████▋     | 1264/2710 [02:26<03:00,  8.00it/s]
Extraindo:  47%|████▋     | 1265/2710 [02:26<03:02,  7.92it/s]
Extraindo:  47%|████▋     | 1266/2710 [02:26<03:00,  8.00it/s]
Extraindo:  47%|████▋     | 1267/2710 [02:26<03:01,  7.96it/s]
Extraindo:  47%|████▋     | 1268/2710 [02:27<03:57,  6.06it/s]
Extraindo:  47%|████▋     | 1269/2710 [02:27<04:36,  5.22it/s]
Extraindo:  47%|████▋     | 1270/2710 [02:27<04:00,  5.99it/s]
Extraindo:  47%|████▋     | 1271/2710 [02:27<03:35,  6.66it/s]
Extraindo:  47%|████▋     | 1272/2710 [02:27<03:19,  7.21it/s]
Extraindo:  47%|████▋     | 1273/2710 [02:27<03:06,  7.69it/s]
Extraindo:  47%|████▋     | 1274/2710 [02:28<03:02,  7.87it/s]
Extraindo:  47%|████▋     | 1275/2710 [02:28<02:58,  8.03it/s]
Extraindo:  47%|████▋     | 1276/2710 [02:28<02:55,  8.18it/s]
Extraindo:  47%|████▋     | 1277/2710 [02:28<02:53,  8.24it/s]
Extraindo:  47%|████▋     | 1278/2710 [02:28<02:56,  8.12it/s]
Extraindo:  47%|████▋     | 1279/2710 [02:28<02:54,  8.22it/s]
Extraindo:  47%|████▋     | 1280/2710 [02:28<02:56,  8.08it/s]
Extraindo:  47%|████▋     | 1281/2710 [02:28<02:52,  8.29it/s]
Extraindo:  47%|████▋     | 1282/2710 [02:28<02:48,  8.48it/s]
Extraindo:  47%|████▋     | 1283/2710 [02:29<03:45,  6.33it/s]
Extraindo:  47%|████▋     | 1284/2710 [02:29<03:25,  6.93it/s]
Extraindo:  47%|████▋     | 1285/2710 [02:29<03:21,  7.07it/s]
Extraindo:  47%|████▋     | 1286/2710 [02:29<03:11,  7.45it/s]
Extraindo:  47%|████▋     | 1287/2710 [02:29<03:05,  7.68it/s]
Extraindo:  48%|████▊     | 1288/2710 [02:29<03:01,  7.85it/s]
Extraindo:  48%|████▊     | 1289/2710 [02:29<02:56,  8.04it/s]
Extraindo:  48%|████▊     | 1290/2710 [02:30<02:55,  8.08it/s]
Extraindo:  48%|████▊     | 1291/2710 [02:30<02:55,  8.08it/s]
Extraindo:  48%|████▊     | 1292/2710 [02:30<02:54,  8.12it/s]
Extraindo:  48%|████▊     | 1293/2710 [02:30<02:57,  7.99it/s]
Extraindo:  48%|████▊     | 1294/2710 [02:30<02:54,  8.10it/s]
Extraindo:  48%|████▊     | 1295/2710 [02:30<03:50,  6.14it/s]
Extraindo:  48%|████▊     | 1296/2710 [02:30<03:31,  6.70it/s]
Extraindo:  48%|████▊     | 1297/2710 [02:31<03:15,  7.22it/s]
Extraindo:  48%|████▊     | 1298/2710 [02:31<03:07,  7.52it/s]
Extraindo:  48%|████▊     | 1299/2710 [02:31<03:00,  7.82it/s]
Extraindo:  48%|████▊     | 1300/2710 [02:31<02:58,  7.88it/s]
Extraindo:  48%|████▊     | 1301/2710 [02:31<03:00,  7.82it/s]
Extraindo:  48%|████▊     | 1302/2710 [02:31<02:57,  7.95it/s]
Extraindo:  48%|████▊     | 1303/2710 [02:31<02:59,  7.85it/s]
Extraindo:  48%|████▊     | 1304/2710 [02:31<02:53,  8.08it/s]
Extraindo:  48%|████▊     | 1305/2710 [02:32<02:51,  8.18it/s]
Extraindo:  48%|████▊     | 1306/2710 [02:32<02:51,  8.21it/s]
Extraindo:  48%|████▊     | 1307/2710 [02:32<03:43,  6.27it/s]
Extraindo:  48%|████▊     | 1308/2710 [02:32<03:25,  6.83it/s]
Extraindo:  48%|████▊     | 1309/2710 [02:32<03:13,  7.26it/s]
Extraindo:  48%|████▊     | 1310/2710 [02:32<03:03,  7.63it/s]
Extraindo:  48%|████▊     | 1311/2710 [02:32<03:00,  7.76it/s]
Extraindo:  48%|████▊     | 1312/2710 [02:32<02:56,  7.91it/s]
Extraindo:  48%|████▊     | 1313/2710 [02:33<04:45,  4.89it/s]
Extraindo:  48%|████▊     | 1314/2710 [02:33<05:03,  4.60it/s]
Extraindo:  49%|████▊     | 1315/2710 [02:33<04:16,  5.45it/s]
Extraindo:  49%|████▊     | 1316/2710 [02:33<03:42,  6.27it/s]
Extraindo:  49%|████▊     | 1318/2710 [02:34<03:03,  7.59it/s]
Extraindo:  49%|████▊     | 1319/2710 [02:34<02:54,  7.95it/s]
Extraindo:  49%|████▊     | 1320/2710 [02:34<02:49,  8.19it/s]
Extraindo:  49%|████▊     | 1321/2710 [02:34<02:43,  8.47it/s]
Extraindo:  49%|████▉     | 1322/2710 [02:34<02:45,  8.40it/s]
Extraindo:  49%|████▉     | 1323/2710 [02:34<03:34,  6.48it/s]
Extraindo:  49%|████▉     | 1324/2710 [02:34<03:15,  7.10it/s]
Extraindo:  49%|████▉     | 1325/2710 [02:34<02:58,  7.75it/s]
Extraindo:  49%|████▉     | 1326/2710 [02:35<02:47,  8.28it/s]
Extraindo:  49%|████▉     | 1328/2710 [02:35<02:35,  8.89it/s]
Extraindo:  49%|████▉     | 1329/2710 [02:35<02:34,  8.95it/s]
Extraindo:  49%|████▉     | 1330/2710 [02:35<02:33,  8.97it/s]
Extraindo:  49%|████▉     | 1331/2710 [02:35<02:35,  8.85it/s]
Extraindo:  49%|████▉     | 1332/2710 [02:35<02:32,  9.03it/s]
Extraindo:  49%|████▉     | 1333/2710 [02:35<02:30,  9.18it/s]
Extraindo:  49%|████▉     | 1334/2710 [02:35<02:28,  9.29it/s]
Extraindo:  49%|████▉     | 1335/2710 [02:35<02:30,  9.15it/s]
Extraindo:  49%|████▉     | 1336/2710 [02:36<02:30,  9.14it/s]
Extraindo:  49%|████▉     | 1337/2710 [02:36<02:32,  8.98it/s]
Extraindo:  49%|████▉     | 1338/2710 [02:36<02:32,  8.98it/s]
Extraindo:  49%|████▉     | 1339/2710 [02:36<02:35,  8.81it/s]
Extraindo:  49%|████▉     | 1340/2710 [02:36<02:38,  8.63it/s]
Extraindo:  49%|████▉     | 1341/2710 [02:36<02:37,  8.70it/s]
Extraindo:  50%|████▉     | 1342/2710 [02:36<02:38,  8.63it/s]
Extraindo:  50%|████▉     | 1343/2710 [02:36<02:36,  8.76it/s]
Extraindo:  50%|████▉     | 1344/2710 [02:37<02:31,  9.01it/s]
Extraindo:  50%|████▉     | 1345/2710 [02:37<04:18,  5.28it/s]
Extraindo:  50%|████▉     | 1346/2710 [02:37<03:48,  5.98it/s]
Extraindo:  50%|████▉     | 1347/2710 [02:37<03:23,  6.69it/s]
Extraindo:  50%|████▉     | 1348/2710 [02:37<03:04,  7.39it/s]
Extraindo:  50%|████▉     | 1349/2710 [02:37<02:51,  7.96it/s]
Extraindo:  50%|████▉     | 1350/2710 [02:38<03:34,  6.34it/s]
Extraindo:  50%|████▉     | 1352/2710 [02:38<02:57,  7.67it/s]
Extraindo:  50%|████▉     | 1354/2710 [02:38<02:40,  8.44it/s]
Extraindo:  50%|█████     | 1355/2710 [02:38<02:37,  8.59it/s]
Extraindo:  50%|█████     | 1356/2710 [02:38<02:35,  8.74it/s]
Extraindo:  50%|█████     | 1357/2710 [02:38<02:30,  9.00it/s]
Extraindo:  50%|█████     | 1358/2710 [02:38<02:29,  9.05it/s]
Extraindo:  50%|█████     | 1359/2710 [02:38<02:26,  9.21it/s]
Extraindo:  50%|█████     | 1360/2710 [02:39<02:26,  9.24it/s]
Extraindo:  50%|█████     | 1361/2710 [02:39<02:27,  9.16it/s]
Extraindo:  50%|█████     | 1362/2710 [02:39<02:30,  8.96it/s]
Extraindo:  50%|█████     | 1363/2710 [02:39<02:29,  9.00it/s]
Extraindo:  50%|█████     | 1364/2710 [02:39<02:33,  8.79it/s]
Extraindo:  50%|█████     | 1365/2710 [02:39<02:32,  8.82it/s]
Extraindo:  50%|█████     | 1366/2710 [02:39<02:30,  8.95it/s]
Extraindo:  50%|█████     | 1367/2710 [02:39<02:31,  8.84it/s]
Extraindo:  50%|█████     | 1368/2710 [02:40<02:35,  8.63it/s]
Extraindo:  51%|█████     | 1369/2710 [02:40<02:35,  8.60it/s]
Extraindo:  51%|█████     | 1370/2710 [02:40<02:33,  8.71it/s]
Extraindo:  51%|█████     | 1371/2710 [02:40<02:37,  8.50it/s]
Extraindo:  51%|█████     | 1372/2710 [02:40<02:40,  8.35it/s]
Extraindo:  51%|█████     | 1373/2710 [02:40<02:40,  8.34it/s]
Extraindo:  51%|█████     | 1374/2710 [02:40<02:37,  8.47it/s]
Extraindo:  51%|█████     | 1375/2710 [02:40<03:34,  6.22it/s]
Extraindo:  51%|█████     | 1376/2710 [02:41<03:15,  6.84it/s]
Extraindo:  51%|█████     | 1377/2710 [02:41<03:51,  5.75it/s]
Extraindo:  51%|█████     | 1378/2710 [02:41<03:28,  6.40it/s]
Extraindo:  51%|█████     | 1379/2710 [02:41<03:10,  7.00it/s]
Extraindo:  51%|█████     | 1380/2710 [02:41<02:58,  7.47it/s]
Extraindo:  51%|█████     | 1381/2710 [02:41<02:49,  7.82it/s]
Extraindo:  51%|█████     | 1382/2710 [02:42<03:35,  6.17it/s]
Extraindo:  51%|█████     | 1383/2710 [02:42<03:12,  6.91it/s]
Extraindo:  51%|█████     | 1384/2710 [02:42<02:58,  7.42it/s]
Extraindo:  51%|█████     | 1385/2710 [02:42<02:48,  7.88it/s]
Extraindo:  51%|█████     | 1386/2710 [02:42<02:44,  8.04it/s]
Extraindo:  51%|█████     | 1387/2710 [02:42<02:39,  8.27it/s]
Extraindo:  51%|█████     | 1388/2710 [02:42<02:36,  8.43it/s]
Extraindo:  51%|█████▏    | 1389/2710 [02:42<02:31,  8.74it/s]
Extraindo:  51%|█████▏    | 1390/2710 [02:42<02:30,  8.80it/s]
Extraindo:  51%|█████▏    | 1391/2710 [02:43<02:27,  8.96it/s]
Extraindo:  51%|█████▏    | 1392/2710 [02:43<02:28,  8.90it/s]
Extraindo:  51%|█████▏    | 1393/2710 [02:43<02:32,  8.66it/s]
Extraindo:  51%|█████▏    | 1394/2710 [02:43<02:30,  8.74it/s]
Extraindo:  51%|█████▏    | 1395/2710 [02:43<02:35,  8.45it/s]
Extraindo:  52%|█████▏    | 1396/2710 [02:43<02:33,  8.53it/s]
Extraindo:  52%|█████▏    | 1397/2710 [02:43<02:34,  8.53it/s]
Extraindo:  52%|█████▏    | 1398/2710 [02:43<02:31,  8.69it/s]
Extraindo:  52%|█████▏    | 1399/2710 [02:43<02:29,  8.75it/s]
Extraindo:  52%|█████▏    | 1400/2710 [02:44<02:28,  8.82it/s]
Extraindo:  52%|█████▏    | 1401/2710 [02:44<02:32,  8.58it/s]
Extraindo:  52%|█████▏    | 1402/2710 [02:44<02:35,  8.41it/s]
Extraindo:  52%|█████▏    | 1403/2710 [02:44<03:28,  6.26it/s]
Extraindo:  52%|█████▏    | 1404/2710 [02:44<03:10,  6.86it/s]
Extraindo:  52%|█████▏    | 1405/2710 [02:44<03:50,  5.65it/s]
Extraindo:  52%|█████▏    | 1406/2710 [02:45<03:21,  6.48it/s]
Extraindo:  52%|█████▏    | 1407/2710 [02:45<03:01,  7.18it/s]
Extraindo:  52%|█████▏    | 1408/2710 [02:45<02:51,  7.58it/s]
Extraindo:  52%|█████▏    | 1409/2710 [02:45<02:42,  8.02it/s]
Extraindo:  52%|█████▏    | 1410/2710 [02:45<02:38,  8.21it/s]
Extraindo:  52%|█████▏    | 1411/2710 [02:45<02:39,  8.17it/s]
Extraindo:  52%|█████▏    | 1412/2710 [02:45<02:34,  8.43it/s]
Extraindo:  52%|█████▏    | 1413/2710 [02:45<02:30,  8.63it/s]
Extraindo:  52%|█████▏    | 1414/2710 [02:45<02:29,  8.64it/s]
Extraindo:  52%|█████▏    | 1415/2710 [02:46<02:31,  8.52it/s]
Extraindo:  52%|█████▏    | 1416/2710 [02:46<02:31,  8.54it/s]
Extraindo:  52%|█████▏    | 1417/2710 [02:46<02:32,  8.50it/s]
Extraindo:  52%|█████▏    | 1418/2710 [02:46<02:30,  8.58it/s]
Extraindo:  52%|█████▏    | 1419/2710 [02:46<03:22,  6.38it/s]
Extraindo:  52%|█████▏    | 1420/2710 [02:46<03:04,  6.98it/s]
Extraindo:  52%|█████▏    | 1421/2710 [02:46<02:49,  7.59it/s]
Extraindo:  52%|█████▏    | 1422/2710 [02:46<02:42,  7.93it/s]
Extraindo:  53%|█████▎    | 1423/2710 [02:47<02:37,  8.15it/s]
Extraindo:  53%|█████▎    | 1424/2710 [02:47<02:34,  8.33it/s]
Extraindo:  53%|█████▎    | 1425/2710 [02:47<02:33,  8.37it/s]
Extraindo:  53%|█████▎    | 1426/2710 [02:47<02:38,  8.10it/s]
Extraindo:  53%|█████▎    | 1427/2710 [02:47<02:37,  8.13it/s]
Extraindo:  53%|█████▎    | 1428/2710 [02:47<02:34,  8.30it/s]
Extraindo:  53%|█████▎    | 1429/2710 [02:47<02:27,  8.67it/s]
Extraindo:  53%|█████▎    | 1430/2710 [02:48<03:15,  6.54it/s]
Extraindo:  53%|█████▎    | 1431/2710 [02:48<02:56,  7.24it/s]
Extraindo:  53%|█████▎    | 1433/2710 [02:48<02:36,  8.15it/s]
Extraindo:  53%|█████▎    | 1434/2710 [02:48<02:31,  8.41it/s]
Extraindo:  53%|█████▎    | 1435/2710 [02:48<02:27,  8.65it/s]
Extraindo:  53%|█████▎    | 1436/2710 [02:48<03:09,  6.71it/s]
Extraindo:  53%|█████▎    | 1437/2710 [02:48<02:53,  7.35it/s]
Extraindo:  53%|█████▎    | 1438/2710 [02:49<02:45,  7.71it/s]
Extraindo:  53%|█████▎    | 1439/2710 [02:49<02:34,  8.20it/s]
Extraindo:  53%|█████▎    | 1440/2710 [02:49<02:30,  8.46it/s]
Extraindo:  53%|█████▎    | 1441/2710 [02:49<02:25,  8.70it/s]
Extraindo:  53%|█████▎    | 1442/2710 [02:49<02:25,  8.74it/s]
Extraindo:  53%|█████▎    | 1443/2710 [02:49<02:24,  8.75it/s]
Extraindo:  53%|█████▎    | 1444/2710 [02:49<02:22,  8.91it/s]
Extraindo:  53%|█████▎    | 1445/2710 [02:49<02:18,  9.10it/s]
Extraindo:  53%|█████▎    | 1446/2710 [02:49<02:16,  9.28it/s]
Extraindo:  53%|█████▎    | 1447/2710 [02:49<02:17,  9.15it/s]
Extraindo:  53%|█████▎    | 1448/2710 [02:50<02:15,  9.34it/s]
Extraindo:  53%|█████▎    | 1449/2710 [02:50<02:18,  9.10it/s]
Extraindo:  54%|█████▎    | 1450/2710 [02:50<02:18,  9.07it/s]
Extraindo:  54%|█████▎    | 1451/2710 [02:50<02:20,  8.98it/s]
Extraindo:  54%|█████▎    | 1452/2710 [02:50<02:29,  8.43it/s]
Extraindo:  54%|█████▎    | 1453/2710 [02:50<02:29,  8.42it/s]
Extraindo:  54%|█████▎    | 1454/2710 [02:50<02:28,  8.48it/s]
Extraindo:  54%|█████▎    | 1455/2710 [02:50<02:31,  8.29it/s]
Extraindo:  54%|█████▎    | 1456/2710 [02:51<03:19,  6.29it/s]
Extraindo:  54%|█████▍    | 1457/2710 [02:51<03:55,  5.32it/s]
Extraindo:  54%|█████▍    | 1458/2710 [02:51<03:48,  5.49it/s]
Extraindo:  54%|█████▍    | 1459/2710 [02:51<03:26,  6.07it/s]
Extraindo:  54%|█████▍    | 1460/2710 [02:51<03:03,  6.81it/s]
Extraindo:  54%|█████▍    | 1461/2710 [02:51<02:47,  7.47it/s]
Extraindo:  54%|█████▍    | 1462/2710 [02:52<02:46,  7.51it/s]
Extraindo:  54%|█████▍    | 1463/2710 [02:52<02:43,  7.65it/s]
Extraindo:  54%|█████▍    | 1464/2710 [02:52<02:32,  8.16it/s]
Extraindo:  54%|█████▍    | 1465/2710 [02:52<02:25,  8.56it/s]
Extraindo:  54%|█████▍    | 1466/2710 [02:52<02:25,  8.58it/s]
Extraindo:  54%|█████▍    | 1467/2710 [02:52<03:09,  6.56it/s]
Extraindo:  54%|█████▍    | 1469/2710 [02:52<02:39,  7.79it/s]
Extraindo:  54%|█████▍    | 1470/2710 [02:53<02:31,  8.20it/s]
Extraindo:  54%|█████▍    | 1471/2710 [02:53<02:24,  8.55it/s]
Extraindo:  54%|█████▍    | 1473/2710 [02:53<02:15,  9.10it/s]
Extraindo:  54%|█████▍    | 1474/2710 [02:53<02:22,  8.66it/s]
Extraindo:  54%|█████▍    | 1475/2710 [02:53<02:20,  8.81it/s]
Extraindo:  54%|█████▍    | 1476/2710 [02:53<02:18,  8.89it/s]
Extraindo:  55%|█████▍    | 1477/2710 [02:53<02:16,  9.02it/s]
Extraindo:  55%|█████▍    | 1478/2710 [02:53<02:15,  9.09it/s]
Extraindo:  55%|█████▍    | 1479/2710 [02:54<02:15,  9.10it/s]
Extraindo:  55%|█████▍    | 1480/2710 [02:54<02:12,  9.28it/s]
Extraindo:  55%|█████▍    | 1481/2710 [02:54<02:11,  9.37it/s]
Extraindo:  55%|█████▍    | 1482/2710 [02:54<02:12,  9.27it/s]
Extraindo:  55%|█████▍    | 1483/2710 [02:54<02:17,  8.95it/s]
Extraindo:  55%|█████▍    | 1484/2710 [02:54<03:04,  6.66it/s]
Extraindo:  55%|█████▍    | 1485/2710 [02:54<02:45,  7.39it/s]
Extraindo:  55%|█████▍    | 1486/2710 [02:54<02:35,  7.87it/s]
Extraindo:  55%|█████▍    | 1487/2710 [02:55<02:26,  8.32it/s]
Extraindo:  55%|█████▍    | 1488/2710 [02:55<02:23,  8.52it/s]
Extraindo:  55%|█████▍    | 1489/2710 [02:55<02:20,  8.71it/s]
Extraindo:  55%|█████▍    | 1490/2710 [02:55<02:17,  8.90it/s]
Extraindo:  55%|█████▌    | 1491/2710 [02:55<02:18,  8.80it/s]
Extraindo:  55%|█████▌    | 1492/2710 [02:55<02:15,  8.97it/s]
Extraindo:  55%|█████▌    | 1493/2710 [02:55<02:12,  9.18it/s]
Extraindo:  55%|█████▌    | 1494/2710 [02:55<02:58,  6.80it/s]
Extraindo:  55%|█████▌    | 1495/2710 [02:56<02:42,  7.48it/s]
Extraindo:  55%|█████▌    | 1496/2710 [02:56<02:30,  8.07it/s]
Extraindo:  55%|█████▌    | 1497/2710 [02:56<03:10,  6.35it/s]
Extraindo:  55%|█████▌    | 1498/2710 [02:56<02:51,  7.08it/s]
Extraindo:  55%|█████▌    | 1499/2710 [02:56<02:37,  7.69it/s]
Extraindo:  55%|█████▌    | 1501/2710 [02:56<02:21,  8.56it/s]
Extraindo:  55%|█████▌    | 1502/2710 [02:56<02:17,  8.80it/s]
Extraindo:  55%|█████▌    | 1503/2710 [02:56<02:17,  8.78it/s]
Extraindo:  55%|█████▌    | 1504/2710 [02:57<02:19,  8.65it/s]
Extraindo:  56%|█████▌    | 1505/2710 [02:57<02:18,  8.68it/s]
Extraindo:  56%|█████▌    | 1506/2710 [02:57<02:16,  8.84it/s]
Extraindo:  56%|█████▌    | 1507/2710 [02:57<02:20,  8.58it/s]
Extraindo:  56%|█████▌    | 1508/2710 [02:57<02:38,  7.59it/s]
Extraindo:  56%|█████▌    | 1509/2710 [02:57<02:44,  7.30it/s]
Extraindo:  56%|█████▌    | 1510/2710 [02:57<02:44,  7.30it/s]
Extraindo:  56%|█████▌    | 1511/2710 [02:58<03:27,  5.78it/s]
Extraindo:  56%|█████▌    | 1512/2710 [02:58<03:08,  6.35it/s]
Extraindo:  56%|█████▌    | 1513/2710 [02:58<02:53,  6.91it/s]
Extraindo:  56%|█████▌    | 1514/2710 [02:58<02:46,  7.17it/s]
Extraindo:  56%|█████▌    | 1515/2710 [02:58<02:41,  7.42it/s]
Extraindo:  56%|█████▌    | 1516/2710 [02:58<02:37,  7.60it/s]
Extraindo:  56%|█████▌    | 1517/2710 [02:58<02:34,  7.72it/s]
Extraindo:  56%|█████▌    | 1518/2710 [02:59<02:30,  7.94it/s]
Extraindo:  56%|█████▌    | 1519/2710 [02:59<02:30,  7.90it/s]
Extraindo:  56%|█████▌    | 1520/2710 [02:59<02:33,  7.77it/s]
Extraindo:  56%|█████▌    | 1521/2710 [02:59<02:31,  7.86it/s]
Extraindo:  56%|█████▌    | 1522/2710 [02:59<02:31,  7.83it/s]
Extraindo:  56%|█████▌    | 1523/2710 [02:59<02:28,  7.99it/s]
Extraindo:  56%|█████▌    | 1524/2710 [02:59<02:29,  7.91it/s]
Extraindo:  56%|█████▋    | 1525/2710 [02:59<02:29,  7.92it/s]
Extraindo:  56%|█████▋    | 1526/2710 [03:00<02:28,  7.97it/s]
Extraindo:  56%|█████▋    | 1527/2710 [03:00<03:17,  5.98it/s]
Extraindo:  56%|█████▋    | 1528/2710 [03:00<02:59,  6.58it/s]
Extraindo:  56%|█████▋    | 1529/2710 [03:00<02:48,  7.03it/s]
Extraindo:  56%|█████▋    | 1530/2710 [03:00<02:39,  7.40it/s]
Extraindo:  56%|█████▋    | 1531/2710 [03:00<03:19,  5.90it/s]
Extraindo:  57%|█████▋    | 1532/2710 [03:01<02:58,  6.58it/s]
Extraindo:  57%|█████▋    | 1533/2710 [03:01<02:47,  7.04it/s]
Extraindo:  57%|█████▋    | 1534/2710 [03:01<02:39,  7.39it/s]
Extraindo:  57%|█████▋    | 1535/2710 [03:01<02:33,  7.68it/s]
Extraindo:  57%|█████▋    | 1536/2710 [03:01<02:31,  7.76it/s]
Extraindo:  57%|█████▋    | 1537/2710 [03:01<02:29,  7.83it/s]
Extraindo:  57%|█████▋    | 1538/2710 [03:01<03:15,  5.98it/s]
Extraindo:  57%|█████▋    | 1539/2710 [03:01<02:54,  6.71it/s]
Extraindo:  57%|█████▋    | 1540/2710 [03:02<02:41,  7.25it/s]
Extraindo:  57%|█████▋    | 1541/2710 [03:02<02:33,  7.59it/s]
Extraindo:  57%|█████▋    | 1542/2710 [03:02<02:28,  7.87it/s]
Extraindo:  57%|█████▋    | 1543/2710 [03:02<02:26,  7.95it/s]
Extraindo:  57%|█████▋    | 1544/2710 [03:02<02:27,  7.91it/s]
Extraindo:  57%|█████▋    | 1545/2710 [03:02<02:30,  7.75it/s]
Extraindo:  57%|█████▋    | 1546/2710 [03:02<02:27,  7.91it/s]
Extraindo:  57%|█████▋    | 1547/2710 [03:02<02:20,  8.26it/s]
Extraindo:  57%|█████▋    | 1548/2710 [03:03<02:15,  8.54it/s]
Extraindo:  57%|█████▋    | 1549/2710 [03:03<02:14,  8.63it/s]
Extraindo:  57%|█████▋    | 1550/2710 [03:03<02:10,  8.87it/s]
Extraindo:  57%|█████▋    | 1551/2710 [03:03<02:08,  9.01it/s]
Extraindo:  57%|█████▋    | 1552/2710 [03:03<02:08,  9.00it/s]
Extraindo:  57%|█████▋    | 1553/2710 [03:03<02:12,  8.75it/s]
Extraindo:  57%|█████▋    | 1554/2710 [03:03<02:18,  8.34it/s]
Extraindo:  57%|█████▋    | 1555/2710 [03:03<02:23,  8.03it/s]
Extraindo:  57%|█████▋    | 1556/2710 [03:04<02:22,  8.08it/s]
Extraindo:  57%|█████▋    | 1557/2710 [03:04<02:26,  7.89it/s]
Extraindo:  57%|█████▋    | 1558/2710 [03:04<03:30,  5.48it/s]
Extraindo:  58%|█████▊    | 1559/2710 [03:04<03:14,  5.91it/s]
Extraindo:  58%|█████▊    | 1560/2710 [03:04<03:01,  6.34it/s]
Extraindo:  58%|█████▊    | 1561/2710 [03:04<02:53,  6.63it/s]
Extraindo:  58%|█████▊    | 1562/2710 [03:04<02:47,  6.86it/s]
Extraindo:  58%|█████▊    | 1563/2710 [03:05<02:39,  7.17it/s]
Extraindo:  58%|█████▊    | 1564/2710 [03:05<02:35,  7.39it/s]
Extraindo:  58%|█████▊    | 1565/2710 [03:05<03:22,  5.66it/s]
Extraindo:  58%|█████▊    | 1566/2710 [03:05<03:04,  6.19it/s]
Extraindo:  58%|█████▊    | 1567/2710 [03:05<02:57,  6.43it/s]
Extraindo:  58%|█████▊    | 1568/2710 [03:06<03:43,  5.11it/s]
Extraindo:  58%|█████▊    | 1569/2710 [03:06<03:19,  5.71it/s]
Extraindo:  58%|█████▊    | 1570/2710 [03:06<03:01,  6.29it/s]
Extraindo:  58%|█████▊    | 1571/2710 [03:06<02:49,  6.74it/s]
Extraindo:  58%|█████▊    | 1572/2710 [03:06<02:43,  6.97it/s]
Extraindo:  58%|█████▊    | 1573/2710 [03:06<02:34,  7.36it/s]
Extraindo:  58%|█████▊    | 1574/2710 [03:06<02:29,  7.59it/s]
Extraindo:  58%|█████▊    | 1575/2710 [03:06<02:27,  7.70it/s]
Extraindo:  58%|█████▊    | 1576/2710 [03:07<02:24,  7.87it/s]
Extraindo:  58%|█████▊    | 1577/2710 [03:07<02:23,  7.92it/s]
Extraindo:  58%|█████▊    | 1578/2710 [03:07<02:20,  8.06it/s]
Extraindo:  58%|█████▊    | 1579/2710 [03:07<02:17,  8.20it/s]
Extraindo:  58%|█████▊    | 1580/2710 [03:07<02:23,  7.86it/s]
Extraindo:  58%|█████▊    | 1581/2710 [03:07<02:21,  7.96it/s]
Extraindo:  58%|█████▊    | 1582/2710 [03:07<02:21,  7.99it/s]
Extraindo:  58%|█████▊    | 1583/2710 [03:07<02:23,  7.87it/s]
Extraindo:  58%|█████▊    | 1584/2710 [03:08<02:22,  7.91it/s]
Extraindo:  58%|█████▊    | 1585/2710 [03:08<02:23,  7.82it/s]
Extraindo:  59%|█████▊    | 1586/2710 [03:08<02:26,  7.65it/s]
Extraindo:  59%|█████▊    | 1587/2710 [03:08<02:27,  7.62it/s]
Extraindo:  59%|█████▊    | 1588/2710 [03:08<03:30,  5.32it/s]
Extraindo:  59%|█████▊    | 1589/2710 [03:08<03:19,  5.61it/s]
Extraindo:  59%|█████▊    | 1590/2710 [03:09<03:01,  6.17it/s]
Extraindo:  59%|█████▊    | 1591/2710 [03:09<02:48,  6.64it/s]
Extraindo:  59%|█████▊    | 1592/2710 [03:09<03:41,  5.04it/s]
Extraindo:  59%|█████▉    | 1593/2710 [03:09<03:19,  5.59it/s]
Extraindo:  59%|█████▉    | 1594/2710 [03:09<03:01,  6.14it/s]
Extraindo:  59%|█████▉    | 1595/2710 [03:09<02:47,  6.66it/s]
Extraindo:  59%|█████▉    | 1596/2710 [03:10<02:39,  6.97it/s]
Extraindo:  59%|█████▉    | 1597/2710 [03:10<02:32,  7.29it/s]
Extraindo:  59%|█████▉    | 1598/2710 [03:10<02:28,  7.49it/s]
Extraindo:  59%|█████▉    | 1599/2710 [03:10<02:23,  7.76it/s]
Extraindo:  59%|█████▉    | 1600/2710 [03:10<02:21,  7.85it/s]
Extraindo:  59%|█████▉    | 1601/2710 [03:10<02:46,  6.67it/s]
Extraindo:  59%|█████▉    | 1602/2710 [03:10<02:42,  6.82it/s]
Extraindo:  59%|█████▉    | 1603/2710 [03:10<02:33,  7.20it/s]
Extraindo:  59%|█████▉    | 1604/2710 [03:11<02:25,  7.58it/s]
Extraindo:  59%|█████▉    | 1605/2710 [03:11<03:32,  5.20it/s]
Extraindo:  59%|█████▉    | 1606/2710 [03:11<03:08,  5.84it/s]
Extraindo:  59%|█████▉    | 1607/2710 [03:11<02:53,  6.37it/s]
Extraindo:  59%|█████▉    | 1608/2710 [03:11<02:43,  6.73it/s]
Extraindo:  59%|█████▉    | 1609/2710 [03:11<02:36,  7.01it/s]
Extraindo:  59%|█████▉    | 1610/2710 [03:12<02:34,  7.11it/s]
Extraindo:  59%|█████▉    | 1611/2710 [03:12<02:38,  6.94it/s]
Extraindo:  59%|█████▉    | 1612/2710 [03:12<02:33,  7.15it/s]
Extraindo:  60%|█████▉    | 1613/2710 [03:12<02:32,  7.20it/s]
Extraindo:  60%|█████▉    | 1614/2710 [03:12<02:31,  7.25it/s]
Extraindo:  60%|█████▉    | 1615/2710 [03:12<02:28,  7.38it/s]
Extraindo:  60%|█████▉    | 1616/2710 [03:12<02:29,  7.32it/s]
Extraindo:  60%|█████▉    | 1617/2710 [03:12<02:27,  7.41it/s]
Extraindo:  60%|█████▉    | 1618/2710 [03:13<02:25,  7.50it/s]
Extraindo:  60%|█████▉    | 1619/2710 [03:13<04:22,  4.16it/s]
Extraindo:  60%|█████▉    | 1620/2710 [03:13<03:42,  4.89it/s]
Extraindo:  60%|█████▉    | 1621/2710 [03:13<03:11,  5.69it/s]
Extraindo:  60%|█████▉    | 1622/2710 [03:13<02:52,  6.29it/s]
Extraindo:  60%|█████▉    | 1623/2710 [03:14<02:39,  6.80it/s]
Extraindo:  60%|█████▉    | 1624/2710 [03:14<02:29,  7.26it/s]
Extraindo:  60%|█████▉    | 1625/2710 [03:14<02:22,  7.60it/s]
Extraindo:  60%|██████    | 1626/2710 [03:14<02:26,  7.39it/s]
Extraindo:  60%|██████    | 1627/2710 [03:14<02:32,  7.08it/s]
Extraindo:  60%|██████    | 1628/2710 [03:14<02:28,  7.27it/s]
Extraindo:  60%|██████    | 1629/2710 [03:14<02:26,  7.38it/s]
Extraindo:  60%|██████    | 1630/2710 [03:14<02:21,  7.65it/s]
Extraindo:  60%|██████    | 1631/2710 [03:15<02:17,  7.83it/s]
Extraindo:  60%|██████    | 1633/2710 [03:15<02:08,  8.37it/s]
Extraindo:  60%|██████    | 1634/2710 [03:15<02:09,  8.29it/s]
Extraindo:  60%|██████    | 1635/2710 [03:15<02:25,  7.40it/s]
Extraindo:  60%|██████    | 1636/2710 [03:15<02:31,  7.10it/s]
Extraindo:  60%|██████    | 1637/2710 [03:15<02:27,  7.29it/s]
Extraindo:  60%|██████    | 1638/2710 [03:16<02:25,  7.39it/s]
Extraindo:  60%|██████    | 1639/2710 [03:16<02:21,  7.57it/s]
Extraindo:  61%|██████    | 1640/2710 [03:16<03:41,  4.84it/s]
Extraindo:  61%|██████    | 1641/2710 [03:16<03:14,  5.49it/s]
Extraindo:  61%|██████    | 1642/2710 [03:16<02:53,  6.15it/s]
Extraindo:  61%|██████    | 1643/2710 [03:17<03:20,  5.32it/s]
Extraindo:  61%|██████    | 1644/2710 [03:17<02:56,  6.05it/s]
Extraindo:  61%|██████    | 1645/2710 [03:17<02:42,  6.54it/s]
Extraindo:  61%|██████    | 1646/2710 [03:17<03:21,  5.28it/s]
Extraindo:  61%|██████    | 1647/2710 [03:17<02:58,  5.96it/s]
Extraindo:  61%|██████    | 1648/2710 [03:17<02:41,  6.57it/s]
Extraindo:  61%|██████    | 1649/2710 [03:18<03:14,  5.44it/s]
Extraindo:  61%|██████    | 1650/2710 [03:18<02:48,  6.29it/s]
Extraindo:  61%|██████    | 1651/2710 [03:18<02:31,  7.01it/s]
Extraindo:  61%|██████    | 1652/2710 [03:18<02:17,  7.67it/s]
Extraindo:  61%|██████    | 1653/2710 [03:18<02:08,  8.25it/s]
Extraindo:  61%|██████    | 1655/2710 [03:18<02:00,  8.78it/s]
Extraindo:  61%|██████    | 1656/2710 [03:18<01:57,  8.97it/s]
Extraindo:  61%|██████    | 1657/2710 [03:18<01:55,  9.11it/s]
Extraindo:  61%|██████    | 1658/2710 [03:18<01:56,  9.04it/s]
Extraindo:  61%|██████    | 1659/2710 [03:19<01:54,  9.17it/s]
Extraindo:  61%|██████▏   | 1660/2710 [03:19<01:55,  9.09it/s]
Extraindo:  61%|██████▏   | 1661/2710 [03:19<01:54,  9.14it/s]
Extraindo:  61%|██████▏   | 1662/2710 [03:19<01:54,  9.15it/s]
Extraindo:  61%|██████▏   | 1663/2710 [03:19<01:57,  8.92it/s]
Extraindo:  61%|██████▏   | 1664/2710 [03:19<02:00,  8.68it/s]
Extraindo:  61%|██████▏   | 1665/2710 [03:19<02:00,  8.67it/s]
Extraindo:  61%|██████▏   | 1666/2710 [03:19<01:59,  8.75it/s]
Extraindo:  62%|██████▏   | 1667/2710 [03:20<02:02,  8.53it/s]
Extraindo:  62%|██████▏   | 1668/2710 [03:20<02:02,  8.54it/s]
Extraindo:  62%|██████▏   | 1669/2710 [03:20<02:03,  8.46it/s]
Extraindo:  62%|██████▏   | 1670/2710 [03:20<02:03,  8.42it/s]
Extraindo:  62%|██████▏   | 1671/2710 [03:20<02:03,  8.40it/s]
Extraindo:  62%|██████▏   | 1672/2710 [03:20<02:02,  8.50it/s]
Extraindo:  62%|██████▏   | 1673/2710 [03:20<02:46,  6.24it/s]
Extraindo:  62%|██████▏   | 1674/2710 [03:20<02:32,  6.81it/s]
Extraindo:  62%|██████▏   | 1675/2710 [03:21<02:22,  7.28it/s]
Extraindo:  62%|██████▏   | 1677/2710 [03:21<02:08,  8.06it/s]
Extraindo:  62%|██████▏   | 1678/2710 [03:21<02:07,  8.12it/s]
Extraindo:  62%|██████▏   | 1679/2710 [03:21<02:04,  8.29it/s]
Extraindo:  62%|██████▏   | 1680/2710 [03:21<02:07,  8.06it/s]
Extraindo:  62%|██████▏   | 1681/2710 [03:22<03:23,  5.06it/s]
Extraindo:  62%|██████▏   | 1682/2710 [03:22<02:57,  5.80it/s]
Extraindo:  62%|██████▏   | 1683/2710 [03:22<02:38,  6.50it/s]
Extraindo:  62%|██████▏   | 1684/2710 [03:22<02:25,  7.07it/s]
Extraindo:  62%|██████▏   | 1685/2710 [03:22<02:13,  7.70it/s]
Extraindo:  62%|██████▏   | 1686/2710 [03:22<02:05,  8.14it/s]
Extraindo:  62%|██████▏   | 1687/2710 [03:22<02:05,  8.18it/s]
Extraindo:  62%|██████▏   | 1688/2710 [03:22<02:01,  8.40it/s]
Extraindo:  62%|██████▏   | 1689/2710 [03:22<01:59,  8.55it/s]
Extraindo:  62%|██████▏   | 1690/2710 [03:23<01:58,  8.60it/s]
Extraindo:  62%|██████▏   | 1691/2710 [03:23<01:58,  8.62it/s]
Extraindo:  62%|██████▏   | 1692/2710 [03:23<01:57,  8.65it/s]
Extraindo:  62%|██████▏   | 1693/2710 [03:23<01:56,  8.74it/s]
Extraindo:  63%|██████▎   | 1694/2710 [03:23<01:56,  8.72it/s]
Extraindo:  63%|██████▎   | 1695/2710 [03:23<01:59,  8.49it/s]
Extraindo:  63%|██████▎   | 1696/2710 [03:23<01:58,  8.53it/s]
Extraindo:  63%|██████▎   | 1697/2710 [03:23<01:56,  8.66it/s]
Extraindo:  63%|██████▎   | 1698/2710 [03:24<01:59,  8.50it/s]
Extraindo:  63%|██████▎   | 1699/2710 [03:24<01:58,  8.50it/s]
Extraindo:  63%|██████▎   | 1700/2710 [03:24<02:39,  6.32it/s]
Extraindo:  63%|██████▎   | 1701/2710 [03:24<02:27,  6.86it/s]
Extraindo:  63%|██████▎   | 1702/2710 [03:24<02:15,  7.43it/s]
Extraindo:  63%|██████▎   | 1703/2710 [03:24<02:13,  7.53it/s]
Extraindo:  63%|██████▎   | 1704/2710 [03:24<02:09,  7.78it/s]
Extraindo:  63%|██████▎   | 1705/2710 [03:24<02:08,  7.85it/s]
Extraindo:  63%|██████▎   | 1706/2710 [03:25<02:07,  7.87it/s]
Extraindo:  63%|██████▎   | 1707/2710 [03:25<02:07,  7.89it/s]
Extraindo:  63%|██████▎   | 1708/2710 [03:25<02:07,  7.85it/s]
Extraindo:  63%|██████▎   | 1709/2710 [03:25<02:05,  7.96it/s]
Extraindo:  63%|██████▎   | 1710/2710 [03:25<02:46,  6.02it/s]
Extraindo:  63%|██████▎   | 1711/2710 [03:25<02:30,  6.66it/s]
Extraindo:  63%|██████▎   | 1712/2710 [03:25<02:18,  7.18it/s]
Extraindo:  63%|██████▎   | 1713/2710 [03:26<02:13,  7.49it/s]
Extraindo:  63%|██████▎   | 1714/2710 [03:26<02:09,  7.70it/s]
Extraindo:  63%|██████▎   | 1715/2710 [03:26<02:03,  8.05it/s]
Extraindo:  63%|██████▎   | 1716/2710 [03:26<02:02,  8.13it/s]
Extraindo:  63%|██████▎   | 1717/2710 [03:26<02:41,  6.16it/s]
Extraindo:  63%|██████▎   | 1718/2710 [03:26<02:27,  6.74it/s]
Extraindo:  63%|██████▎   | 1719/2710 [03:26<02:17,  7.19it/s]
Extraindo:  63%|██████▎   | 1720/2710 [03:27<02:10,  7.59it/s]
Extraindo:  64%|██████▎   | 1721/2710 [03:27<02:07,  7.76it/s]
Extraindo:  64%|██████▎   | 1722/2710 [03:27<02:04,  7.95it/s]
Extraindo:  64%|██████▎   | 1723/2710 [03:27<02:01,  8.11it/s]
Extraindo:  64%|██████▎   | 1724/2710 [03:27<02:02,  8.06it/s]
Extraindo:  64%|██████▎   | 1725/2710 [03:27<02:00,  8.16it/s]
Extraindo:  64%|██████▎   | 1726/2710 [03:27<01:58,  8.34it/s]
Extraindo:  64%|██████▎   | 1727/2710 [03:28<02:36,  6.29it/s]
Extraindo:  64%|██████▍   | 1728/2710 [03:28<02:21,  6.92it/s]
Extraindo:  64%|██████▍   | 1729/2710 [03:28<02:11,  7.46it/s]
Extraindo:  64%|██████▍   | 1730/2710 [03:28<02:03,  7.95it/s]
Extraindo:  64%|██████▍   | 1731/2710 [03:28<01:59,  8.21it/s]
Extraindo:  64%|██████▍   | 1732/2710 [03:28<01:57,  8.31it/s]
Extraindo:  64%|██████▍   | 1733/2710 [03:28<02:00,  8.14it/s]
Extraindo:  64%|██████▍   | 1734/2710 [03:28<02:00,  8.13it/s]
Extraindo:  64%|██████▍   | 1735/2710 [03:28<01:58,  8.21it/s]
Extraindo:  64%|██████▍   | 1736/2710 [03:29<01:58,  8.25it/s]
Extraindo:  64%|██████▍   | 1737/2710 [03:29<01:57,  8.30it/s]
Extraindo:  64%|██████▍   | 1738/2710 [03:29<01:57,  8.24it/s]
Extraindo:  64%|██████▍   | 1739/2710 [03:29<01:56,  8.31it/s]
Extraindo:  64%|██████▍   | 1740/2710 [03:29<01:56,  8.32it/s]
Extraindo:  64%|██████▍   | 1741/2710 [03:29<02:38,  6.09it/s]
Extraindo:  64%|██████▍   | 1742/2710 [03:29<02:22,  6.79it/s]
Extraindo:  64%|██████▍   | 1743/2710 [03:30<02:12,  7.27it/s]
Extraindo:  64%|██████▍   | 1744/2710 [03:30<02:10,  7.39it/s]
Extraindo:  64%|██████▍   | 1745/2710 [03:30<02:05,  7.68it/s]
Extraindo:  64%|██████▍   | 1746/2710 [03:30<02:03,  7.84it/s]
Extraindo:  64%|██████▍   | 1747/2710 [03:30<02:00,  7.99it/s]
Extraindo:  65%|██████▍   | 1748/2710 [03:30<01:58,  8.13it/s]
Extraindo:  65%|██████▍   | 1749/2710 [03:30<02:00,  7.98it/s]
Extraindo:  65%|██████▍   | 1750/2710 [03:30<01:56,  8.22it/s]
Extraindo:  65%|██████▍   | 1751/2710 [03:31<01:59,  8.03it/s]
Extraindo:  65%|██████▍   | 1752/2710 [03:31<02:00,  7.97it/s]
Extraindo:  65%|██████▍   | 1753/2710 [03:31<01:59,  8.04it/s]
Extraindo:  65%|██████▍   | 1754/2710 [03:31<02:38,  6.03it/s]
Extraindo:  65%|██████▍   | 1755/2710 [03:31<03:03,  5.20it/s]
Extraindo:  65%|██████▍   | 1756/2710 [03:31<02:39,  5.97it/s]
Extraindo:  65%|██████▍   | 1757/2710 [03:31<02:23,  6.66it/s]
Extraindo:  65%|██████▍   | 1758/2710 [03:32<02:13,  7.13it/s]
Extraindo:  65%|██████▍   | 1759/2710 [03:32<02:06,  7.55it/s]
Extraindo:  65%|██████▍   | 1760/2710 [03:32<02:02,  7.75it/s]
Extraindo:  65%|██████▍   | 1761/2710 [03:32<01:57,  8.08it/s]
Extraindo:  65%|██████▌   | 1762/2710 [03:32<01:55,  8.20it/s]
Extraindo:  65%|██████▌   | 1763/2710 [03:32<01:57,  8.09it/s]
Extraindo:  65%|██████▌   | 1764/2710 [03:32<01:55,  8.20it/s]
Extraindo:  65%|██████▌   | 1765/2710 [03:32<01:55,  8.19it/s]
Extraindo:  65%|██████▌   | 1766/2710 [03:33<01:54,  8.26it/s]
Extraindo:  65%|██████▌   | 1767/2710 [03:33<01:52,  8.37it/s]
Extraindo:  65%|██████▌   | 1768/2710 [03:33<01:53,  8.29it/s]
Extraindo:  65%|██████▌   | 1769/2710 [03:33<01:53,  8.28it/s]
Extraindo:  65%|██████▌   | 1770/2710 [03:33<01:55,  8.17it/s]
Extraindo:  65%|██████▌   | 1771/2710 [03:33<02:35,  6.02it/s]
Extraindo:  65%|██████▌   | 1772/2710 [03:33<02:22,  6.60it/s]
Extraindo:  65%|██████▌   | 1773/2710 [03:34<02:10,  7.17it/s]
Extraindo:  65%|██████▌   | 1774/2710 [03:34<02:03,  7.58it/s]
Extraindo:  65%|██████▌   | 1775/2710 [03:34<02:01,  7.68it/s]
Extraindo:  66%|██████▌   | 1776/2710 [03:34<01:56,  8.04it/s]
Extraindo:  66%|██████▌   | 1777/2710 [03:34<01:56,  8.02it/s]
Extraindo:  66%|██████▌   | 1778/2710 [03:34<01:58,  7.89it/s]
Extraindo:  66%|██████▌   | 1779/2710 [03:34<01:58,  7.89it/s]
Extraindo:  66%|██████▌   | 1780/2710 [03:35<02:33,  6.08it/s]
Extraindo:  66%|██████▌   | 1781/2710 [03:35<02:21,  6.56it/s]
Extraindo:  66%|██████▌   | 1782/2710 [03:35<02:12,  7.00it/s]
Extraindo:  66%|██████▌   | 1783/2710 [03:35<02:04,  7.42it/s]
Extraindo:  66%|██████▌   | 1784/2710 [03:35<02:02,  7.54it/s]
Extraindo:  66%|██████▌   | 1785/2710 [03:35<01:58,  7.83it/s]
Extraindo:  66%|██████▌   | 1786/2710 [03:35<01:56,  7.97it/s]
Extraindo:  66%|██████▌   | 1787/2710 [03:35<01:54,  8.06it/s]
Extraindo:  66%|██████▌   | 1788/2710 [03:35<01:54,  8.07it/s]
Extraindo:  66%|██████▌   | 1789/2710 [03:36<01:53,  8.12it/s]
Extraindo:  66%|██████▌   | 1790/2710 [03:36<01:56,  7.91it/s]
Extraindo:  66%|██████▌   | 1791/2710 [03:36<01:54,  8.05it/s]
Extraindo:  66%|██████▌   | 1792/2710 [03:36<02:29,  6.15it/s]
Extraindo:  66%|██████▌   | 1793/2710 [03:36<02:20,  6.55it/s]
Extraindo:  66%|██████▌   | 1794/2710 [03:36<02:10,  7.03it/s]
Extraindo:  66%|██████▌   | 1795/2710 [03:36<02:03,  7.39it/s]
Extraindo:  66%|██████▋   | 1796/2710 [03:37<01:59,  7.63it/s]
Extraindo:  66%|██████▋   | 1797/2710 [03:37<01:57,  7.76it/s]
Extraindo:  66%|██████▋   | 1798/2710 [03:37<01:56,  7.84it/s]
Extraindo:  66%|██████▋   | 1799/2710 [03:37<01:56,  7.84it/s]
Extraindo:  66%|██████▋   | 1800/2710 [03:37<01:56,  7.83it/s]
Extraindo:  66%|██████▋   | 1801/2710 [03:37<01:59,  7.64it/s]
Extraindo:  66%|██████▋   | 1802/2710 [03:38<02:35,  5.82it/s]
Extraindo:  67%|██████▋   | 1803/2710 [03:38<02:19,  6.51it/s]
Extraindo:  67%|██████▋   | 1804/2710 [03:38<02:11,  6.90it/s]
Extraindo:  67%|██████▋   | 1805/2710 [03:38<02:03,  7.32it/s]
Extraindo:  67%|██████▋   | 1806/2710 [03:38<01:59,  7.55it/s]
Extraindo:  67%|██████▋   | 1807/2710 [03:38<02:36,  5.78it/s]
Extraindo:  67%|██████▋   | 1808/2710 [03:38<02:19,  6.48it/s]
Extraindo:  67%|██████▋   | 1809/2710 [03:38<02:08,  7.03it/s]
Extraindo:  67%|██████▋   | 1810/2710 [03:39<02:00,  7.45it/s]
Extraindo:  67%|██████▋   | 1811/2710 [03:39<01:55,  7.80it/s]
Extraindo:  67%|██████▋   | 1812/2710 [03:39<01:52,  8.00it/s]
Extraindo:  67%|██████▋   | 1813/2710 [03:39<01:51,  8.02it/s]
Extraindo:  67%|██████▋   | 1814/2710 [03:39<01:48,  8.23it/s]
Extraindo:  67%|██████▋   | 1815/2710 [03:39<01:49,  8.15it/s]
Extraindo:  67%|██████▋   | 1816/2710 [03:39<01:51,  8.04it/s]
Extraindo:  67%|██████▋   | 1817/2710 [03:39<01:50,  8.08it/s]
Extraindo:  67%|██████▋   | 1818/2710 [03:40<01:49,  8.15it/s]
Extraindo:  67%|██████▋   | 1819/2710 [03:40<01:50,  8.09it/s]
Extraindo:  67%|██████▋   | 1820/2710 [03:40<01:51,  8.00it/s]
Extraindo:  67%|██████▋   | 1821/2710 [03:40<01:52,  7.93it/s]
Extraindo:  67%|██████▋   | 1822/2710 [03:40<01:51,  7.97it/s]
Extraindo:  67%|██████▋   | 1823/2710 [03:40<01:52,  7.88it/s]
Extraindo:  67%|██████▋   | 1824/2710 [03:40<01:54,  7.77it/s]
Extraindo:  67%|██████▋   | 1825/2710 [03:40<01:55,  7.68it/s]
Extraindo:  67%|██████▋   | 1826/2710 [03:41<01:55,  7.67it/s]
Extraindo:  67%|██████▋   | 1827/2710 [03:41<01:55,  7.61it/s]
Extraindo:  67%|██████▋   | 1828/2710 [03:41<01:54,  7.71it/s]
Extraindo:  67%|██████▋   | 1829/2710 [03:41<02:30,  5.85it/s]
Extraindo:  68%|██████▊   | 1830/2710 [03:41<02:20,  6.28it/s]
Extraindo:  68%|██████▊   | 1831/2710 [03:41<02:12,  6.62it/s]
Extraindo:  68%|██████▊   | 1832/2710 [03:42<02:41,  5.42it/s]
Extraindo:  68%|██████▊   | 1833/2710 [03:42<02:25,  6.04it/s]
Extraindo:  68%|██████▊   | 1834/2710 [03:42<02:47,  5.23it/s]
Extraindo:  68%|██████▊   | 1835/2710 [03:42<02:26,  5.99it/s]
Extraindo:  68%|██████▊   | 1836/2710 [03:42<02:12,  6.59it/s]
Extraindo:  68%|██████▊   | 1837/2710 [03:42<02:03,  7.07it/s]
Extraindo:  68%|██████▊   | 1838/2710 [03:42<01:56,  7.48it/s]
Extraindo:  68%|██████▊   | 1839/2710 [03:43<01:49,  7.95it/s]
Extraindo:  68%|██████▊   | 1840/2710 [03:43<01:45,  8.22it/s]
Extraindo:  68%|██████▊   | 1841/2710 [03:43<01:45,  8.24it/s]
Extraindo:  68%|██████▊   | 1842/2710 [03:43<01:44,  8.27it/s]
Extraindo:  68%|██████▊   | 1843/2710 [03:43<01:43,  8.41it/s]
Extraindo:  68%|██████▊   | 1844/2710 [03:43<01:41,  8.50it/s]
Extraindo:  68%|██████▊   | 1845/2710 [03:43<01:44,  8.31it/s]
Extraindo:  68%|██████▊   | 1846/2710 [03:43<01:45,  8.19it/s]
Extraindo:  68%|██████▊   | 1847/2710 [03:44<01:46,  8.08it/s]
Extraindo:  68%|██████▊   | 1848/2710 [03:44<01:47,  8.01it/s]
Extraindo:  68%|██████▊   | 1849/2710 [03:44<01:48,  7.94it/s]
Extraindo:  68%|██████▊   | 1850/2710 [03:44<01:49,  7.87it/s]
Extraindo:  68%|██████▊   | 1851/2710 [03:44<01:49,  7.82it/s]
Extraindo:  68%|██████▊   | 1852/2710 [03:44<01:48,  7.88it/s]
Extraindo:  68%|██████▊   | 1853/2710 [03:44<01:49,  7.80it/s]
Extraindo:  68%|██████▊   | 1854/2710 [03:44<01:49,  7.83it/s]
Extraindo:  68%|██████▊   | 1855/2710 [03:45<01:48,  7.87it/s]
Extraindo:  68%|██████▊   | 1856/2710 [03:45<01:49,  7.79it/s]
Extraindo:  69%|██████▊   | 1857/2710 [03:45<01:49,  7.81it/s]
Extraindo:  69%|██████▊   | 1858/2710 [03:45<01:51,  7.67it/s]
Extraindo:  69%|██████▊   | 1859/2710 [03:45<01:50,  7.71it/s]
Extraindo:  69%|██████▊   | 1860/2710 [03:45<01:53,  7.46it/s]
Extraindo:  69%|██████▊   | 1861/2710 [03:46<02:25,  5.85it/s]
Extraindo:  69%|██████▊   | 1862/2710 [03:46<02:13,  6.36it/s]
Extraindo:  69%|██████▊   | 1863/2710 [03:46<02:39,  5.33it/s]
Extraindo:  69%|██████▉   | 1864/2710 [03:46<02:20,  6.00it/s]
Extraindo:  69%|██████▉   | 1865/2710 [03:46<02:08,  6.60it/s]
Extraindo:  69%|██████▉   | 1866/2710 [03:46<02:35,  5.43it/s]
Extraindo:  69%|██████▉   | 1867/2710 [03:46<02:18,  6.10it/s]
Extraindo:  69%|██████▉   | 1868/2710 [03:47<02:06,  6.64it/s]
Extraindo:  69%|██████▉   | 1869/2710 [03:47<01:58,  7.12it/s]
Extraindo:  69%|██████▉   | 1870/2710 [03:47<01:54,  7.37it/s]
Extraindo:  69%|██████▉   | 1871/2710 [03:47<01:50,  7.59it/s]
Extraindo:  69%|██████▉   | 1872/2710 [03:47<01:46,  7.87it/s]
Extraindo:  69%|██████▉   | 1873/2710 [03:47<01:52,  7.46it/s]
Extraindo:  69%|██████▉   | 1874/2710 [03:47<01:48,  7.67it/s]
Extraindo:  69%|██████▉   | 1875/2710 [03:47<01:48,  7.70it/s]
Extraindo:  69%|██████▉   | 1876/2710 [03:48<01:46,  7.83it/s]
Extraindo:  69%|██████▉   | 1877/2710 [03:48<01:45,  7.91it/s]
Extraindo:  69%|██████▉   | 1878/2710 [03:48<01:45,  7.91it/s]
Extraindo:  69%|██████▉   | 1879/2710 [03:48<01:45,  7.91it/s]
Extraindo:  69%|██████▉   | 1880/2710 [03:48<01:45,  7.85it/s]
Extraindo:  69%|██████▉   | 1881/2710 [03:48<01:47,  7.73it/s]
Extraindo:  69%|██████▉   | 1882/2710 [03:48<01:47,  7.72it/s]
Extraindo:  69%|██████▉   | 1883/2710 [03:49<01:46,  7.74it/s]
Extraindo:  70%|██████▉   | 1884/2710 [03:49<01:47,  7.67it/s]
Extraindo:  70%|██████▉   | 1885/2710 [03:49<01:47,  7.67it/s]
Extraindo:  70%|██████▉   | 1886/2710 [03:49<01:47,  7.67it/s]
Extraindo:  70%|██████▉   | 1887/2710 [03:49<02:19,  5.89it/s]
Extraindo:  70%|██████▉   | 1888/2710 [03:49<02:10,  6.29it/s]
Extraindo:  70%|██████▉   | 1889/2710 [03:49<02:02,  6.68it/s]
Extraindo:  70%|██████▉   | 1890/2710 [03:50<01:57,  6.98it/s]
Extraindo:  70%|██████▉   | 1891/2710 [03:50<01:52,  7.28it/s]
Extraindo:  70%|██████▉   | 1892/2710 [03:50<01:51,  7.36it/s]
Extraindo:  70%|██████▉   | 1893/2710 [03:50<02:23,  5.70it/s]
Extraindo:  70%|██████▉   | 1894/2710 [03:50<02:10,  6.27it/s]
Extraindo:  70%|██████▉   | 1895/2710 [03:50<02:02,  6.67it/s]
Extraindo:  70%|██████▉   | 1896/2710 [03:50<01:57,  6.92it/s]
Extraindo:  70%|███████   | 1897/2710 [03:51<01:52,  7.25it/s]
Extraindo:  70%|███████   | 1898/2710 [03:51<01:48,  7.51it/s]
Extraindo:  70%|███████   | 1899/2710 [03:51<01:48,  7.47it/s]
Extraindo:  70%|███████   | 1900/2710 [03:51<01:46,  7.59it/s]
Extraindo:  70%|███████   | 1901/2710 [03:51<01:45,  7.65it/s]
Extraindo:  70%|███████   | 1902/2710 [03:51<01:47,  7.49it/s]
Extraindo:  70%|███████   | 1903/2710 [03:52<02:18,  5.84it/s]
Extraindo:  70%|███████   | 1904/2710 [03:52<02:04,  6.45it/s]
Extraindo:  70%|███████   | 1905/2710 [03:52<01:58,  6.81it/s]
Extraindo:  70%|███████   | 1906/2710 [03:52<01:53,  7.10it/s]
Extraindo:  70%|███████   | 1907/2710 [03:52<01:48,  7.42it/s]
Extraindo:  70%|███████   | 1908/2710 [03:52<01:47,  7.49it/s]
Extraindo:  70%|███████   | 1909/2710 [03:52<01:44,  7.63it/s]
Extraindo:  70%|███████   | 1910/2710 [03:52<01:45,  7.62it/s]
Extraindo:  71%|███████   | 1911/2710 [03:53<01:44,  7.67it/s]
Extraindo:  71%|███████   | 1912/2710 [03:53<01:44,  7.62it/s]
Extraindo:  71%|███████   | 1913/2710 [03:53<01:42,  7.76it/s]
Extraindo:  71%|███████   | 1914/2710 [03:53<02:15,  5.87it/s]
Extraindo:  71%|███████   | 1915/2710 [03:53<02:02,  6.47it/s]
Extraindo:  71%|███████   | 1916/2710 [03:53<01:56,  6.82it/s]
Extraindo:  71%|███████   | 1917/2710 [03:53<01:51,  7.09it/s]
Extraindo:  71%|███████   | 1918/2710 [03:54<01:48,  7.31it/s]
Extraindo:  71%|███████   | 1919/2710 [03:54<01:44,  7.55it/s]
Extraindo:  71%|███████   | 1920/2710 [03:54<01:44,  7.59it/s]
Extraindo:  71%|███████   | 1921/2710 [03:54<01:42,  7.67it/s]
Extraindo:  71%|███████   | 1922/2710 [03:54<01:42,  7.69it/s]
Extraindo:  71%|███████   | 1923/2710 [03:54<02:16,  5.79it/s]
Extraindo:  71%|███████   | 1924/2710 [03:54<02:03,  6.36it/s]
Extraindo:  71%|███████   | 1925/2710 [03:55<01:55,  6.79it/s]
Extraindo:  71%|███████   | 1926/2710 [03:55<01:49,  7.16it/s]
Extraindo:  71%|███████   | 1927/2710 [03:55<01:45,  7.39it/s]
Extraindo:  71%|███████   | 1928/2710 [03:55<01:44,  7.46it/s]
Extraindo:  71%|███████   | 1929/2710 [03:55<01:40,  7.75it/s]
Extraindo:  71%|███████   | 1930/2710 [03:55<01:40,  7.77it/s]
Extraindo:  71%|███████▏  | 1931/2710 [03:55<01:43,  7.55it/s]
Extraindo:  71%|███████▏  | 1932/2710 [03:55<01:41,  7.65it/s]
Extraindo:  71%|███████▏  | 1933/2710 [03:56<01:42,  7.58it/s]
Extraindo:  71%|███████▏  | 1934/2710 [03:56<01:42,  7.57it/s]
Extraindo:  71%|███████▏  | 1935/2710 [03:56<01:43,  7.52it/s]
Extraindo:  71%|███████▏  | 1936/2710 [03:56<01:44,  7.42it/s]
Extraindo:  71%|███████▏  | 1937/2710 [03:56<01:43,  7.49it/s]
Extraindo:  72%|███████▏  | 1938/2710 [03:56<01:42,  7.52it/s]
Extraindo:  72%|███████▏  | 1939/2710 [03:56<01:42,  7.50it/s]
Extraindo:  72%|███████▏  | 1940/2710 [03:57<02:12,  5.79it/s]
Extraindo:  72%|███████▏  | 1941/2710 [03:57<02:31,  5.07it/s]
Extraindo:  72%|███████▏  | 1942/2710 [03:57<02:14,  5.73it/s]
Extraindo:  72%|███████▏  | 1943/2710 [03:57<02:02,  6.28it/s]
Extraindo:  72%|███████▏  | 1944/2710 [03:57<01:52,  6.81it/s]
Extraindo:  72%|███████▏  | 1945/2710 [03:57<01:50,  6.94it/s]
Extraindo:  72%|███████▏  | 1946/2710 [03:58<01:46,  7.17it/s]
Extraindo:  72%|███████▏  | 1947/2710 [03:58<01:43,  7.35it/s]
Extraindo:  72%|███████▏  | 1948/2710 [03:58<01:41,  7.54it/s]
Extraindo:  72%|███████▏  | 1949/2710 [03:58<01:39,  7.65it/s]
Extraindo:  72%|███████▏  | 1950/2710 [03:58<01:40,  7.57it/s]
Extraindo:  72%|███████▏  | 1951/2710 [03:58<01:39,  7.59it/s]
Extraindo:  72%|███████▏  | 1952/2710 [03:58<01:38,  7.67it/s]
Extraindo:  72%|███████▏  | 1953/2710 [03:59<02:11,  5.76it/s]
Extraindo:  72%|███████▏  | 1954/2710 [03:59<01:59,  6.35it/s]
Extraindo:  72%|███████▏  | 1955/2710 [03:59<01:50,  6.83it/s]
Extraindo:  72%|███████▏  | 1956/2710 [03:59<01:45,  7.13it/s]
Extraindo:  72%|███████▏  | 1957/2710 [03:59<01:41,  7.40it/s]
Extraindo:  72%|███████▏  | 1958/2710 [03:59<01:39,  7.56it/s]
Extraindo:  72%|███████▏  | 1959/2710 [03:59<01:38,  7.61it/s]
Extraindo:  72%|███████▏  | 1960/2710 [03:59<01:38,  7.63it/s]
Extraindo:  72%|███████▏  | 1961/2710 [04:00<01:37,  7.68it/s]
Extraindo:  72%|███████▏  | 1962/2710 [04:00<01:37,  7.67it/s]
Extraindo:  72%|███████▏  | 1963/2710 [04:00<01:37,  7.66it/s]
Extraindo:  72%|███████▏  | 1964/2710 [04:00<01:35,  7.77it/s]
Extraindo:  73%|███████▎  | 1965/2710 [04:00<01:37,  7.64it/s]
Extraindo:  73%|███████▎  | 1966/2710 [04:00<01:39,  7.48it/s]
Extraindo:  73%|███████▎  | 1967/2710 [04:01<02:38,  4.68it/s]
Extraindo:  73%|███████▎  | 1968/2710 [04:01<02:47,  4.44it/s]
Extraindo:  73%|███████▎  | 1969/2710 [04:01<02:22,  5.19it/s]
Extraindo:  73%|███████▎  | 1970/2710 [04:01<02:06,  5.87it/s]
Extraindo:  73%|███████▎  | 1971/2710 [04:01<01:56,  6.37it/s]
Extraindo:  73%|███████▎  | 1972/2710 [04:01<01:49,  6.74it/s]
Extraindo:  73%|███████▎  | 1973/2710 [04:02<01:42,  7.22it/s]
Extraindo:  73%|███████▎  | 1974/2710 [04:02<01:39,  7.41it/s]
Extraindo:  73%|███████▎  | 1975/2710 [04:02<01:35,  7.72it/s]
Extraindo:  73%|███████▎  | 1976/2710 [04:02<01:32,  7.96it/s]
Extraindo:  73%|███████▎  | 1977/2710 [04:02<02:00,  6.10it/s]
Extraindo:  73%|███████▎  | 1978/2710 [04:02<01:49,  6.66it/s]
Extraindo:  73%|███████▎  | 1979/2710 [04:02<01:42,  7.15it/s]
Extraindo:  73%|███████▎  | 1980/2710 [04:02<01:36,  7.53it/s]
Extraindo:  73%|███████▎  | 1981/2710 [04:03<01:33,  7.79it/s]
Extraindo:  73%|███████▎  | 1982/2710 [04:03<01:30,  8.04it/s]
Extraindo:  73%|███████▎  | 1983/2710 [04:03<01:57,  6.19it/s]
Extraindo:  73%|███████▎  | 1984/2710 [04:03<01:46,  6.81it/s]
Extraindo:  73%|███████▎  | 1985/2710 [04:03<01:39,  7.30it/s]
Extraindo:  73%|███████▎  | 1986/2710 [04:03<01:35,  7.61it/s]
Extraindo:  73%|███████▎  | 1987/2710 [04:03<01:31,  7.89it/s]
Extraindo:  73%|███████▎  | 1988/2710 [04:04<01:29,  8.10it/s]
Extraindo:  73%|███████▎  | 1989/2710 [04:04<01:27,  8.20it/s]
Extraindo:  73%|███████▎  | 1990/2710 [04:04<01:26,  8.35it/s]
Extraindo:  73%|███████▎  | 1991/2710 [04:04<01:25,  8.41it/s]
Extraindo:  74%|███████▎  | 1992/2710 [04:04<01:26,  8.34it/s]
Extraindo:  74%|███████▎  | 1993/2710 [04:04<01:24,  8.48it/s]
Extraindo:  74%|███████▎  | 1994/2710 [04:04<01:53,  6.33it/s]
Extraindo:  74%|███████▎  | 1995/2710 [04:04<01:42,  6.96it/s]
Extraindo:  74%|███████▎  | 1996/2710 [04:05<01:36,  7.41it/s]
Extraindo:  74%|███████▎  | 1997/2710 [04:05<01:32,  7.73it/s]
Extraindo:  74%|███████▎  | 1998/2710 [04:05<01:28,  8.05it/s]
Extraindo:  74%|███████▍  | 1999/2710 [04:05<01:27,  8.17it/s]
Extraindo:  74%|███████▍  | 2000/2710 [04:05<01:26,  8.20it/s]
Extraindo:  74%|███████▍  | 2001/2710 [04:05<01:24,  8.40it/s]
Extraindo:  74%|███████▍  | 2002/2710 [04:05<01:23,  8.52it/s]
Extraindo:  74%|███████▍  | 2003/2710 [04:05<01:25,  8.25it/s]
Extraindo:  74%|███████▍  | 2004/2710 [04:06<01:24,  8.33it/s]
Extraindo:  74%|███████▍  | 2005/2710 [04:06<01:24,  8.33it/s]
Extraindo:  74%|███████▍  | 2006/2710 [04:06<01:25,  8.24it/s]
Extraindo:  74%|███████▍  | 2007/2710 [04:06<01:25,  8.21it/s]
Extraindo:  74%|███████▍  | 2008/2710 [04:06<01:24,  8.26it/s]
Extraindo:  74%|███████▍  | 2009/2710 [04:06<01:24,  8.34it/s]
Extraindo:  74%|███████▍  | 2010/2710 [04:06<01:25,  8.18it/s]
Extraindo:  74%|███████▍  | 2011/2710 [04:06<01:25,  8.20it/s]
Extraindo:  74%|███████▍  | 2012/2710 [04:07<01:26,  8.06it/s]
Extraindo:  74%|███████▍  | 2013/2710 [04:07<01:26,  8.07it/s]
Extraindo:  74%|███████▍  | 2014/2710 [04:07<02:21,  4.91it/s]
Extraindo:  74%|███████▍  | 2015/2710 [04:07<02:01,  5.71it/s]
Extraindo:  74%|███████▍  | 2016/2710 [04:07<01:48,  6.37it/s]
Extraindo:  74%|███████▍  | 2017/2710 [04:07<01:39,  6.98it/s]
Extraindo:  74%|███████▍  | 2018/2710 [04:07<01:34,  7.34it/s]
Extraindo:  75%|███████▍  | 2019/2710 [04:08<01:31,  7.59it/s]
Extraindo:  75%|███████▍  | 2020/2710 [04:08<01:28,  7.78it/s]
Extraindo:  75%|███████▍  | 2021/2710 [04:08<01:56,  5.91it/s]
Extraindo:  75%|███████▍  | 2022/2710 [04:08<01:43,  6.62it/s]
Extraindo:  75%|███████▍  | 2023/2710 [04:08<01:36,  7.14it/s]
Extraindo:  75%|███████▍  | 2024/2710 [04:08<01:28,  7.73it/s]
Extraindo:  75%|███████▍  | 2025/2710 [04:08<01:28,  7.75it/s]
Extraindo:  75%|███████▍  | 2026/2710 [04:09<01:24,  8.14it/s]
Extraindo:  75%|███████▍  | 2027/2710 [04:09<01:22,  8.33it/s]
Extraindo:  75%|███████▍  | 2028/2710 [04:09<01:20,  8.44it/s]
Extraindo:  75%|███████▍  | 2029/2710 [04:09<01:20,  8.50it/s]
Extraindo:  75%|███████▍  | 2030/2710 [04:09<01:20,  8.48it/s]
Extraindo:  75%|███████▍  | 2031/2710 [04:09<01:19,  8.55it/s]
Extraindo:  75%|███████▍  | 2032/2710 [04:09<01:19,  8.49it/s]
Extraindo:  75%|███████▌  | 2033/2710 [04:09<01:19,  8.54it/s]
Extraindo:  75%|███████▌  | 2034/2710 [04:09<01:20,  8.41it/s]
Extraindo:  75%|███████▌  | 2035/2710 [04:10<01:21,  8.27it/s]
Extraindo:  75%|███████▌  | 2036/2710 [04:10<01:21,  8.23it/s]
Extraindo:  75%|███████▌  | 2037/2710 [04:10<01:20,  8.35it/s]
Extraindo:  75%|███████▌  | 2038/2710 [04:10<01:22,  8.18it/s]
Extraindo:  75%|███████▌  | 2039/2710 [04:10<01:22,  8.13it/s]
Extraindo:  75%|███████▌  | 2040/2710 [04:10<01:24,  7.94it/s]
Extraindo:  75%|███████▌  | 2041/2710 [04:10<01:23,  7.99it/s]
Extraindo:  75%|███████▌  | 2042/2710 [04:10<01:24,  7.90it/s]
Extraindo:  75%|███████▌  | 2043/2710 [04:11<01:24,  7.90it/s]
Extraindo:  75%|███████▌  | 2044/2710 [04:11<01:52,  5.94it/s]
Extraindo:  75%|███████▌  | 2045/2710 [04:11<01:42,  6.52it/s]
Extraindo:  75%|███████▌  | 2046/2710 [04:11<01:33,  7.08it/s]
Extraindo:  76%|███████▌  | 2047/2710 [04:11<01:30,  7.36it/s]
Extraindo:  76%|███████▌  | 2048/2710 [04:11<01:53,  5.83it/s]
Extraindo:  76%|███████▌  | 2049/2710 [04:12<01:41,  6.53it/s]
Extraindo:  76%|███████▌  | 2050/2710 [04:12<01:34,  7.02it/s]
Extraindo:  76%|███████▌  | 2051/2710 [04:12<01:55,  5.70it/s]
Extraindo:  76%|███████▌  | 2052/2710 [04:12<01:44,  6.32it/s]
Extraindo:  76%|███████▌  | 2053/2710 [04:12<01:34,  6.94it/s]
Extraindo:  76%|███████▌  | 2054/2710 [04:12<01:28,  7.38it/s]
Extraindo:  76%|███████▌  | 2055/2710 [04:12<01:26,  7.60it/s]
Extraindo:  76%|███████▌  | 2056/2710 [04:13<01:22,  7.93it/s]
Extraindo:  76%|███████▌  | 2057/2710 [04:13<01:20,  8.13it/s]
Extraindo:  76%|███████▌  | 2058/2710 [04:13<01:19,  8.24it/s]
Extraindo:  76%|███████▌  | 2059/2710 [04:13<01:18,  8.33it/s]
Extraindo:  76%|███████▌  | 2060/2710 [04:13<01:17,  8.36it/s]
Extraindo:  76%|███████▌  | 2061/2710 [04:13<01:19,  8.14it/s]
Extraindo:  76%|███████▌  | 2062/2710 [04:13<01:18,  8.26it/s]
Extraindo:  76%|███████▌  | 2063/2710 [04:13<01:17,  8.30it/s]
Extraindo:  76%|███████▌  | 2064/2710 [04:14<01:19,  8.15it/s]
Extraindo:  76%|███████▌  | 2065/2710 [04:14<01:18,  8.20it/s]
Extraindo:  76%|███████▌  | 2066/2710 [04:14<01:19,  8.13it/s]
Extraindo:  76%|███████▋  | 2067/2710 [04:14<01:20,  8.01it/s]
Extraindo:  76%|███████▋  | 2068/2710 [04:14<01:19,  8.08it/s]
Extraindo:  76%|███████▋  | 2069/2710 [04:14<01:19,  8.06it/s]
Extraindo:  76%|███████▋  | 2070/2710 [04:14<01:18,  8.10it/s]
Extraindo:  76%|███████▋  | 2071/2710 [04:14<01:19,  8.03it/s]
Extraindo:  76%|███████▋  | 2072/2710 [04:15<01:22,  7.77it/s]
Extraindo:  76%|███████▋  | 2073/2710 [04:15<01:21,  7.79it/s]
Extraindo:  77%|███████▋  | 2074/2710 [04:15<01:48,  5.87it/s]
Extraindo:  77%|███████▋  | 2075/2710 [04:15<02:04,  5.11it/s]
Extraindo:  77%|███████▋  | 2076/2710 [04:15<01:49,  5.82it/s]
Extraindo:  77%|███████▋  | 2077/2710 [04:15<01:38,  6.46it/s]
Extraindo:  77%|███████▋  | 2078/2710 [04:16<01:32,  6.82it/s]
Extraindo:  77%|███████▋  | 2079/2710 [04:16<01:25,  7.36it/s]
Extraindo:  77%|███████▋  | 2080/2710 [04:16<01:23,  7.55it/s]
Extraindo:  77%|███████▋  | 2081/2710 [04:16<01:21,  7.76it/s]
Extraindo:  77%|███████▋  | 2082/2710 [04:16<01:19,  7.93it/s]
Extraindo:  77%|███████▋  | 2083/2710 [04:16<01:16,  8.16it/s]
Extraindo:  77%|███████▋  | 2084/2710 [04:16<01:17,  8.05it/s]
Extraindo:  77%|███████▋  | 2085/2710 [04:16<01:17,  8.08it/s]
Extraindo:  77%|███████▋  | 2086/2710 [04:17<01:19,  7.88it/s]
Extraindo:  77%|███████▋  | 2087/2710 [04:17<01:18,  7.92it/s]
Extraindo:  77%|███████▋  | 2088/2710 [04:17<01:41,  6.10it/s]
Extraindo:  77%|███████▋  | 2089/2710 [04:17<01:32,  6.71it/s]
Extraindo:  77%|███████▋  | 2090/2710 [04:17<01:27,  7.12it/s]
Extraindo:  77%|███████▋  | 2091/2710 [04:17<01:23,  7.40it/s]
Extraindo:  77%|███████▋  | 2092/2710 [04:17<01:21,  7.58it/s]
Extraindo:  77%|███████▋  | 2093/2710 [04:18<01:23,  7.42it/s]
Extraindo:  77%|███████▋  | 2094/2710 [04:18<01:22,  7.46it/s]
Extraindo:  77%|███████▋  | 2095/2710 [04:18<01:20,  7.67it/s]
Extraindo:  77%|███████▋  | 2096/2710 [04:18<01:20,  7.64it/s]
Extraindo:  77%|███████▋  | 2097/2710 [04:18<01:19,  7.68it/s]
Extraindo:  77%|███████▋  | 2098/2710 [04:18<01:18,  7.75it/s]
Extraindo:  77%|███████▋  | 2099/2710 [04:18<01:19,  7.71it/s]
Extraindo:  77%|███████▋  | 2100/2710 [04:18<01:17,  7.84it/s]
Extraindo:  78%|███████▊  | 2101/2710 [04:19<01:20,  7.60it/s]
Extraindo:  78%|███████▊  | 2102/2710 [04:19<01:43,  5.89it/s]
Extraindo:  78%|███████▊  | 2103/2710 [04:19<01:34,  6.41it/s]
Extraindo:  78%|███████▊  | 2104/2710 [04:19<01:27,  6.90it/s]
Extraindo:  78%|███████▊  | 2105/2710 [04:19<01:48,  5.55it/s]
Extraindo:  78%|███████▊  | 2106/2710 [04:19<01:37,  6.21it/s]
Extraindo:  78%|███████▊  | 2107/2710 [04:20<01:30,  6.64it/s]
Extraindo:  78%|███████▊  | 2108/2710 [04:20<01:24,  7.14it/s]
Extraindo:  78%|███████▊  | 2109/2710 [04:20<01:19,  7.53it/s]
Extraindo:  78%|███████▊  | 2110/2710 [04:20<01:17,  7.77it/s]
Extraindo:  78%|███████▊  | 2111/2710 [04:20<01:15,  7.89it/s]
Extraindo:  78%|███████▊  | 2112/2710 [04:20<01:15,  7.93it/s]
Extraindo:  78%|███████▊  | 2113/2710 [04:20<01:13,  8.08it/s]
Extraindo:  78%|███████▊  | 2114/2710 [04:20<01:12,  8.17it/s]
Extraindo:  78%|███████▊  | 2115/2710 [04:21<01:15,  7.91it/s]
Extraindo:  78%|███████▊  | 2116/2710 [04:21<01:15,  7.86it/s]
Extraindo:  78%|███████▊  | 2117/2710 [04:21<01:14,  7.91it/s]
Extraindo:  78%|███████▊  | 2118/2710 [04:21<01:14,  7.91it/s]
Extraindo:  78%|███████▊  | 2119/2710 [04:21<01:13,  8.01it/s]
Extraindo:  78%|███████▊  | 2120/2710 [04:21<01:14,  7.97it/s]
Extraindo:  78%|███████▊  | 2121/2710 [04:21<01:14,  7.90it/s]
Extraindo:  78%|███████▊  | 2122/2710 [04:21<01:15,  7.84it/s]
Extraindo:  78%|███████▊  | 2123/2710 [04:22<01:16,  7.71it/s]
Extraindo:  78%|███████▊  | 2124/2710 [04:22<01:15,  7.75it/s]
Extraindo:  78%|███████▊  | 2125/2710 [04:22<01:14,  7.83it/s]
Extraindo:  78%|███████▊  | 2126/2710 [04:22<01:39,  5.88it/s]
Extraindo:  78%|███████▊  | 2127/2710 [04:22<01:32,  6.29it/s]
Extraindo:  79%|███████▊  | 2128/2710 [04:22<01:50,  5.27it/s]
Extraindo:  79%|███████▊  | 2129/2710 [04:23<01:40,  5.80it/s]
Extraindo:  79%|███████▊  | 2130/2710 [04:23<01:30,  6.40it/s]
Extraindo:  79%|███████▊  | 2131/2710 [04:23<01:24,  6.86it/s]
Extraindo:  79%|███████▊  | 2132/2710 [04:23<01:20,  7.15it/s]
Extraindo:  79%|███████▊  | 2133/2710 [04:23<01:17,  7.45it/s]
Extraindo:  79%|███████▊  | 2134/2710 [04:23<01:14,  7.70it/s]
Extraindo:  79%|███████▉  | 2135/2710 [04:23<01:37,  5.92it/s]
Extraindo:  79%|███████▉  | 2136/2710 [04:24<01:35,  6.03it/s]
Extraindo:  79%|███████▉  | 2137/2710 [04:24<01:36,  5.94it/s]
Extraindo:  79%|███████▉  | 2138/2710 [04:24<01:28,  6.47it/s]
Extraindo:  79%|███████▉  | 2139/2710 [04:24<01:22,  6.91it/s]
Extraindo:  79%|███████▉  | 2140/2710 [04:24<01:21,  7.00it/s]
Extraindo:  79%|███████▉  | 2141/2710 [04:24<01:23,  6.84it/s]
Extraindo:  79%|███████▉  | 2142/2710 [04:24<01:20,  7.09it/s]
Extraindo:  79%|███████▉  | 2143/2710 [04:25<01:17,  7.34it/s]
Extraindo:  79%|███████▉  | 2144/2710 [04:25<01:18,  7.18it/s]
Extraindo:  79%|███████▉  | 2145/2710 [04:25<01:19,  7.11it/s]
Extraindo:  79%|███████▉  | 2146/2710 [04:25<01:16,  7.40it/s]
Extraindo:  79%|███████▉  | 2147/2710 [04:25<01:14,  7.60it/s]
Extraindo:  79%|███████▉  | 2148/2710 [04:25<01:12,  7.74it/s]
Extraindo:  79%|███████▉  | 2149/2710 [04:25<01:12,  7.72it/s]
Extraindo:  79%|███████▉  | 2150/2710 [04:26<01:19,  7.03it/s]
Extraindo:  79%|███████▉  | 2151/2710 [04:26<01:17,  7.21it/s]
Extraindo:  79%|███████▉  | 2152/2710 [04:26<01:16,  7.30it/s]
Extraindo:  79%|███████▉  | 2153/2710 [04:26<01:15,  7.38it/s]
Extraindo:  79%|███████▉  | 2154/2710 [04:26<01:17,  7.20it/s]
Extraindo:  80%|███████▉  | 2155/2710 [04:26<01:21,  6.85it/s]
Extraindo:  80%|███████▉  | 2156/2710 [04:27<01:42,  5.39it/s]
Extraindo:  80%|███████▉  | 2157/2710 [04:27<01:36,  5.71it/s]
Extraindo:  80%|███████▉  | 2158/2710 [04:27<01:32,  5.99it/s]
Extraindo:  80%|███████▉  | 2159/2710 [04:27<01:27,  6.33it/s]
Extraindo:  80%|███████▉  | 2160/2710 [04:27<01:23,  6.55it/s]
Extraindo:  80%|███████▉  | 2161/2710 [04:27<01:29,  6.15it/s]
Extraindo:  80%|███████▉  | 2162/2710 [04:27<01:29,  6.11it/s]
Extraindo:  80%|███████▉  | 2163/2710 [04:28<01:52,  4.87it/s]
Extraindo:  80%|███████▉  | 2164/2710 [04:28<01:42,  5.33it/s]
Extraindo:  80%|███████▉  | 2165/2710 [04:28<01:31,  5.96it/s]
Extraindo:  80%|███████▉  | 2166/2710 [04:28<01:47,  5.08it/s]
Extraindo:  80%|███████▉  | 2167/2710 [04:28<01:44,  5.22it/s]
Extraindo:  80%|████████  | 2168/2710 [04:29<01:35,  5.69it/s]
Extraindo:  80%|████████  | 2169/2710 [04:29<01:25,  6.30it/s]
Extraindo:  80%|████████  | 2170/2710 [04:29<01:20,  6.72it/s]
Extraindo:  80%|████████  | 2171/2710 [04:29<01:15,  7.11it/s]
Extraindo:  80%|████████  | 2172/2710 [04:29<01:14,  7.25it/s]
Extraindo:  80%|████████  | 2173/2710 [04:29<01:17,  6.97it/s]
Extraindo:  80%|████████  | 2174/2710 [04:29<01:13,  7.24it/s]
Extraindo:  80%|████████  | 2175/2710 [04:30<01:15,  7.12it/s]
Extraindo:  80%|████████  | 2176/2710 [04:30<01:09,  7.69it/s]
Extraindo:  80%|████████  | 2177/2710 [04:30<01:10,  7.57it/s]
Extraindo:  80%|████████  | 2178/2710 [04:30<01:11,  7.44it/s]
Extraindo:  80%|████████  | 2179/2710 [04:30<01:09,  7.62it/s]
Extraindo:  80%|████████  | 2180/2710 [04:30<01:14,  7.07it/s]
Extraindo:  80%|████████  | 2181/2710 [04:30<01:13,  7.16it/s]
Extraindo:  81%|████████  | 2182/2710 [04:30<01:11,  7.34it/s]
Extraindo:  81%|████████  | 2183/2710 [04:31<01:32,  5.71it/s]
Extraindo:  81%|████████  | 2184/2710 [04:31<01:23,  6.30it/s]
Extraindo:  81%|████████  | 2185/2710 [04:31<01:18,  6.67it/s]
Extraindo:  81%|████████  | 2186/2710 [04:31<01:16,  6.85it/s]
Extraindo:  81%|████████  | 2187/2710 [04:31<01:15,  6.88it/s]
Extraindo:  81%|████████  | 2188/2710 [04:31<01:12,  7.15it/s]
Extraindo:  81%|████████  | 2189/2710 [04:32<01:16,  6.82it/s]
Extraindo:  81%|████████  | 2190/2710 [04:32<01:13,  7.04it/s]
Extraindo:  81%|████████  | 2191/2710 [04:32<01:14,  6.93it/s]
Extraindo:  81%|████████  | 2192/2710 [04:32<01:15,  6.84it/s]
Extraindo:  81%|████████  | 2193/2710 [04:32<01:11,  7.21it/s]
Extraindo:  81%|████████  | 2194/2710 [04:32<01:10,  7.34it/s]
Extraindo:  81%|████████  | 2195/2710 [04:32<01:09,  7.36it/s]
Extraindo:  81%|████████  | 2196/2710 [04:33<01:16,  6.71it/s]
Extraindo:  81%|████████  | 2197/2710 [04:33<01:35,  5.39it/s]
Extraindo:  81%|████████  | 2198/2710 [04:33<01:27,  5.87it/s]
Extraindo:  81%|████████  | 2199/2710 [04:33<01:21,  6.28it/s]
Extraindo:  81%|████████  | 2200/2710 [04:33<01:39,  5.13it/s]
Extraindo:  81%|████████  | 2201/2710 [04:34<01:32,  5.51it/s]
Extraindo:  81%|████████▏ | 2202/2710 [04:34<01:30,  5.58it/s]
Extraindo:  81%|████████▏ | 2203/2710 [04:34<01:23,  6.06it/s]
Extraindo:  81%|████████▏ | 2204/2710 [04:34<01:20,  6.30it/s]
Extraindo:  81%|████████▏ | 2205/2710 [04:34<01:27,  5.80it/s]
Extraindo:  81%|████████▏ | 2206/2710 [04:34<01:19,  6.38it/s]
Extraindo:  81%|████████▏ | 2207/2710 [04:34<01:14,  6.73it/s]
Extraindo:  81%|████████▏ | 2208/2710 [04:35<01:15,  6.63it/s]
Extraindo:  82%|████████▏ | 2209/2710 [04:35<01:13,  6.77it/s]
Extraindo:  82%|████████▏ | 2210/2710 [04:35<01:32,  5.41it/s]
Extraindo:  82%|████████▏ | 2211/2710 [04:35<01:25,  5.87it/s]
Extraindo:  82%|████████▏ | 2212/2710 [04:35<01:17,  6.42it/s]
Extraindo:  82%|████████▏ | 2213/2710 [04:35<01:11,  6.97it/s]
Extraindo:  82%|████████▏ | 2214/2710 [04:35<01:08,  7.22it/s]
Extraindo:  82%|████████▏ | 2215/2710 [04:36<01:07,  7.36it/s]
Extraindo:  82%|████████▏ | 2216/2710 [04:36<01:17,  6.40it/s]
Extraindo:  82%|████████▏ | 2217/2710 [04:36<01:15,  6.56it/s]
Extraindo:  82%|████████▏ | 2218/2710 [04:36<01:12,  6.77it/s]
Extraindo:  82%|████████▏ | 2219/2710 [04:36<01:09,  7.10it/s]
Extraindo:  82%|████████▏ | 2220/2710 [04:36<01:12,  6.78it/s]
Extraindo:  82%|████████▏ | 2221/2710 [04:37<01:13,  6.65it/s]
Extraindo:  82%|████████▏ | 2222/2710 [04:37<01:10,  6.94it/s]
Extraindo:  82%|████████▏ | 2223/2710 [04:37<01:07,  7.23it/s]
Extraindo:  82%|████████▏ | 2224/2710 [04:37<01:07,  7.17it/s]
Extraindo:  82%|████████▏ | 2225/2710 [04:37<01:07,  7.22it/s]
Extraindo:  82%|████████▏ | 2226/2710 [04:37<01:06,  7.31it/s]
Extraindo:  82%|████████▏ | 2227/2710 [04:37<01:26,  5.57it/s]
Extraindo:  82%|████████▏ | 2228/2710 [04:38<01:19,  6.06it/s]
Extraindo:  82%|████████▏ | 2229/2710 [04:38<01:14,  6.44it/s]
Extraindo:  82%|████████▏ | 2230/2710 [04:38<01:11,  6.70it/s]
Extraindo:  82%|████████▏ | 2231/2710 [04:38<01:09,  6.85it/s]
Extraindo:  82%|████████▏ | 2232/2710 [04:38<01:09,  6.87it/s]
Extraindo:  82%|████████▏ | 2233/2710 [04:38<01:09,  6.86it/s]
Extraindo:  82%|████████▏ | 2234/2710 [04:38<01:10,  6.72it/s]
Extraindo:  82%|████████▏ | 2235/2710 [04:39<01:10,  6.74it/s]
Extraindo:  83%|████████▎ | 2236/2710 [04:39<01:14,  6.37it/s]
Extraindo:  83%|████████▎ | 2237/2710 [04:39<02:01,  3.88it/s]
Extraindo:  83%|████████▎ | 2238/2710 [04:39<01:42,  4.61it/s]
Extraindo:  83%|████████▎ | 2239/2710 [04:40<01:27,  5.36it/s]
Extraindo:  83%|████████▎ | 2240/2710 [04:40<01:19,  5.95it/s]
Extraindo:  83%|████████▎ | 2241/2710 [04:40<01:12,  6.48it/s]
Extraindo:  83%|████████▎ | 2242/2710 [04:40<01:08,  6.85it/s]
Extraindo:  83%|████████▎ | 2243/2710 [04:40<01:06,  7.02it/s]
Extraindo:  83%|████████▎ | 2244/2710 [04:40<01:04,  7.22it/s]
Extraindo:  83%|████████▎ | 2245/2710 [04:40<01:02,  7.46it/s]
Extraindo:  83%|████████▎ | 2246/2710 [04:40<01:01,  7.54it/s]
Extraindo:  83%|████████▎ | 2247/2710 [04:41<00:59,  7.75it/s]
Extraindo:  83%|████████▎ | 2248/2710 [04:41<01:00,  7.69it/s]
Extraindo:  83%|████████▎ | 2249/2710 [04:41<00:58,  7.84it/s]
Extraindo:  83%|████████▎ | 2250/2710 [04:41<00:59,  7.78it/s]
Extraindo:  83%|████████▎ | 2251/2710 [04:41<00:58,  7.79it/s]
Extraindo:  83%|████████▎ | 2252/2710 [04:41<00:59,  7.68it/s]
Extraindo:  83%|████████▎ | 2253/2710 [04:41<00:59,  7.71it/s]
Extraindo:  83%|████████▎ | 2254/2710 [04:41<00:59,  7.61it/s]
Extraindo:  83%|████████▎ | 2255/2710 [04:42<01:01,  7.44it/s]
Extraindo:  83%|████████▎ | 2256/2710 [04:42<01:01,  7.33it/s]
Extraindo:  83%|████████▎ | 2257/2710 [04:42<01:21,  5.58it/s]
Extraindo:  83%|████████▎ | 2258/2710 [04:42<01:14,  6.10it/s]
Extraindo:  83%|████████▎ | 2259/2710 [04:42<01:08,  6.58it/s]
Extraindo:  83%|████████▎ | 2260/2710 [04:42<01:05,  6.84it/s]
Extraindo:  83%|████████▎ | 2261/2710 [04:43<01:05,  6.91it/s]
Extraindo:  83%|████████▎ | 2262/2710 [04:43<01:03,  7.07it/s]
Extraindo:  84%|████████▎ | 2263/2710 [04:43<01:18,  5.71it/s]
Extraindo:  84%|████████▎ | 2264/2710 [04:43<01:11,  6.26it/s]
Extraindo:  84%|████████▎ | 2265/2710 [04:43<01:06,  6.74it/s]
Extraindo:  84%|████████▎ | 2266/2710 [04:43<01:02,  7.12it/s]
Extraindo:  84%|████████▎ | 2267/2710 [04:43<01:00,  7.30it/s]
Extraindo:  84%|████████▎ | 2268/2710 [04:44<00:59,  7.38it/s]
Extraindo:  84%|████████▎ | 2269/2710 [04:44<00:59,  7.36it/s]
Extraindo:  84%|████████▍ | 2270/2710 [04:44<00:59,  7.44it/s]
Extraindo:  84%|████████▍ | 2271/2710 [04:44<00:58,  7.45it/s]
Extraindo:  84%|████████▍ | 2272/2710 [04:44<00:58,  7.54it/s]
Extraindo:  84%|████████▍ | 2273/2710 [04:44<00:56,  7.73it/s]
Extraindo:  84%|████████▍ | 2274/2710 [04:44<01:13,  5.94it/s]
Extraindo:  84%|████████▍ | 2275/2710 [04:45<01:06,  6.53it/s]
Extraindo:  84%|████████▍ | 2276/2710 [04:45<01:04,  6.77it/s]
Extraindo:  84%|████████▍ | 2277/2710 [04:45<01:01,  7.03it/s]
Extraindo:  84%|████████▍ | 2278/2710 [04:45<01:01,  7.07it/s]
Extraindo:  84%|████████▍ | 2279/2710 [04:45<01:02,  6.84it/s]
Extraindo:  84%|████████▍ | 2280/2710 [04:45<01:04,  6.66it/s]
Extraindo:  84%|████████▍ | 2281/2710 [04:45<01:05,  6.56it/s]
Extraindo:  84%|████████▍ | 2282/2710 [04:46<01:07,  6.37it/s]
Extraindo:  84%|████████▍ | 2283/2710 [04:46<01:06,  6.39it/s]
Extraindo:  84%|████████▍ | 2284/2710 [04:46<01:05,  6.52it/s]
Extraindo:  84%|████████▍ | 2285/2710 [04:46<01:05,  6.52it/s]
Extraindo:  84%|████████▍ | 2286/2710 [04:46<01:06,  6.39it/s]
Extraindo:  84%|████████▍ | 2287/2710 [04:47<01:21,  5.21it/s]
Extraindo:  84%|████████▍ | 2288/2710 [04:47<01:13,  5.74it/s]
Extraindo:  84%|████████▍ | 2289/2710 [04:47<01:07,  6.21it/s]
Extraindo:  85%|████████▍ | 2290/2710 [04:47<01:23,  5.05it/s]
Extraindo:  85%|████████▍ | 2291/2710 [04:47<01:14,  5.66it/s]
Extraindo:  85%|████████▍ | 2292/2710 [04:47<01:09,  6.05it/s]
Extraindo:  85%|████████▍ | 2293/2710 [04:48<01:40,  4.16it/s]
Extraindo:  85%|████████▍ | 2294/2710 [04:48<01:24,  4.95it/s]
Extraindo:  85%|████████▍ | 2295/2710 [04:48<01:13,  5.62it/s]
Extraindo:  85%|████████▍ | 2296/2710 [04:48<01:08,  6.08it/s]
Extraindo:  85%|████████▍ | 2297/2710 [04:48<01:10,  5.88it/s]
Extraindo:  85%|████████▍ | 2298/2710 [04:48<01:03,  6.49it/s]
Extraindo:  85%|████████▍ | 2299/2710 [04:49<00:59,  6.94it/s]
Extraindo:  85%|████████▍ | 2300/2710 [04:49<00:56,  7.27it/s]
Extraindo:  85%|████████▍ | 2301/2710 [04:49<00:56,  7.30it/s]
Extraindo:  85%|████████▍ | 2302/2710 [04:49<00:59,  6.81it/s]
Extraindo:  85%|████████▍ | 2303/2710 [04:49<00:56,  7.25it/s]
Extraindo:  85%|████████▌ | 2304/2710 [04:49<00:55,  7.35it/s]
Extraindo:  85%|████████▌ | 2305/2710 [04:49<00:53,  7.54it/s]
Extraindo:  85%|████████▌ | 2306/2710 [04:49<00:52,  7.69it/s]
Extraindo:  85%|████████▌ | 2307/2710 [04:50<00:51,  7.81it/s]
Extraindo:  85%|████████▌ | 2308/2710 [04:50<00:52,  7.67it/s]
Extraindo:  85%|████████▌ | 2309/2710 [04:50<00:53,  7.51it/s]
Extraindo:  85%|████████▌ | 2310/2710 [04:50<00:53,  7.45it/s]
Extraindo:  85%|████████▌ | 2311/2710 [04:50<01:07,  5.93it/s]
Extraindo:  85%|████████▌ | 2312/2710 [04:50<01:01,  6.50it/s]
Extraindo:  85%|████████▌ | 2313/2710 [04:50<00:56,  7.04it/s]
Extraindo:  85%|████████▌ | 2314/2710 [04:51<00:53,  7.40it/s]
Extraindo:  85%|████████▌ | 2315/2710 [04:51<00:52,  7.48it/s]
Extraindo:  85%|████████▌ | 2316/2710 [04:51<00:51,  7.68it/s]
Extraindo:  85%|████████▌ | 2317/2710 [04:51<01:06,  5.91it/s]
Extraindo:  86%|████████▌ | 2318/2710 [04:51<01:16,  5.14it/s]
Extraindo:  86%|████████▌ | 2319/2710 [04:51<01:06,  5.92it/s]
Extraindo:  86%|████████▌ | 2320/2710 [04:52<00:58,  6.63it/s]
Extraindo:  86%|████████▌ | 2321/2710 [04:52<00:53,  7.21it/s]
Extraindo:  86%|████████▌ | 2322/2710 [04:52<00:50,  7.72it/s]
Extraindo:  86%|████████▌ | 2323/2710 [04:52<00:47,  8.07it/s]
Extraindo:  86%|████████▌ | 2324/2710 [04:52<00:45,  8.41it/s]
Extraindo:  86%|████████▌ | 2325/2710 [04:52<00:44,  8.56it/s]
Extraindo:  86%|████████▌ | 2326/2710 [04:52<00:49,  7.80it/s]
Extraindo:  86%|████████▌ | 2327/2710 [04:52<00:48,  7.90it/s]
Extraindo:  86%|████████▌ | 2328/2710 [04:53<00:46,  8.15it/s]
Extraindo:  86%|████████▌ | 2329/2710 [04:53<00:47,  8.09it/s]
Extraindo:  86%|████████▌ | 2330/2710 [04:53<00:46,  8.23it/s]
Extraindo:  86%|████████▌ | 2331/2710 [04:53<00:45,  8.39it/s]
Extraindo:  86%|████████▌ | 2332/2710 [04:53<00:50,  7.56it/s]
Extraindo:  86%|████████▌ | 2333/2710 [04:53<00:50,  7.43it/s]
Extraindo:  86%|████████▌ | 2334/2710 [04:53<00:49,  7.64it/s]
Extraindo:  86%|████████▌ | 2335/2710 [04:53<00:48,  7.76it/s]
Extraindo:  86%|████████▌ | 2336/2710 [04:54<00:47,  7.84it/s]
Extraindo:  86%|████████▌ | 2337/2710 [04:54<00:47,  7.82it/s]
Extraindo:  86%|████████▋ | 2338/2710 [04:54<00:46,  7.96it/s]
Extraindo:  86%|████████▋ | 2339/2710 [04:54<00:50,  7.32it/s]
Extraindo:  86%|████████▋ | 2340/2710 [04:54<00:53,  6.95it/s]
Extraindo:  86%|████████▋ | 2341/2710 [04:54<00:51,  7.17it/s]
Extraindo:  86%|████████▋ | 2342/2710 [04:54<00:50,  7.29it/s]
Extraindo:  86%|████████▋ | 2343/2710 [04:55<00:50,  7.33it/s]
Extraindo:  86%|████████▋ | 2344/2710 [04:55<00:48,  7.49it/s]
Extraindo:  87%|████████▋ | 2345/2710 [04:55<01:03,  5.74it/s]
Extraindo:  87%|████████▋ | 2346/2710 [04:55<00:57,  6.35it/s]
Extraindo:  87%|████████▋ | 2347/2710 [04:55<00:53,  6.78it/s]
Extraindo:  87%|████████▋ | 2348/2710 [04:55<00:52,  6.87it/s]
Extraindo:  87%|████████▋ | 2349/2710 [04:56<01:20,  4.46it/s]
Extraindo:  87%|████████▋ | 2350/2710 [04:56<01:08,  5.26it/s]
Extraindo:  87%|████████▋ | 2351/2710 [04:56<01:00,  5.96it/s]
Extraindo:  87%|████████▋ | 2352/2710 [04:56<00:54,  6.61it/s]
Extraindo:  87%|████████▋ | 2353/2710 [04:56<00:49,  7.24it/s]
Extraindo:  87%|████████▋ | 2354/2710 [04:56<00:47,  7.56it/s]
Extraindo:  87%|████████▋ | 2355/2710 [04:56<00:45,  7.85it/s]
Extraindo:  87%|████████▋ | 2356/2710 [04:57<00:44,  7.99it/s]
Extraindo:  87%|████████▋ | 2357/2710 [04:57<00:43,  8.15it/s]
Extraindo:  87%|████████▋ | 2358/2710 [04:57<00:43,  8.14it/s]
Extraindo:  87%|████████▋ | 2359/2710 [04:57<00:42,  8.32it/s]
Extraindo:  87%|████████▋ | 2360/2710 [04:57<00:42,  8.16it/s]
Extraindo:  87%|████████▋ | 2361/2710 [04:57<00:42,  8.25it/s]
Extraindo:  87%|████████▋ | 2362/2710 [04:57<00:42,  8.24it/s]
Extraindo:  87%|████████▋ | 2363/2710 [04:57<00:42,  8.17it/s]
Extraindo:  87%|████████▋ | 2364/2710 [04:57<00:42,  8.05it/s]
Extraindo:  87%|████████▋ | 2365/2710 [04:58<00:42,  8.13it/s]
Extraindo:  87%|████████▋ | 2366/2710 [04:58<00:42,  8.01it/s]
Extraindo:  87%|████████▋ | 2367/2710 [04:58<00:41,  8.17it/s]
Extraindo:  87%|████████▋ | 2368/2710 [04:58<00:42,  8.11it/s]
Extraindo:  87%|████████▋ | 2369/2710 [04:58<00:42,  7.97it/s]
Extraindo:  87%|████████▋ | 2370/2710 [04:58<00:42,  7.99it/s]
Extraindo:  87%|████████▋ | 2371/2710 [04:58<00:42,  7.94it/s]
Extraindo:  88%|████████▊ | 2372/2710 [04:59<00:56,  6.01it/s]
Extraindo:  88%|████████▊ | 2373/2710 [04:59<00:52,  6.38it/s]
Extraindo:  88%|████████▊ | 2374/2710 [04:59<00:48,  6.86it/s]
Extraindo:  88%|████████▊ | 2375/2710 [04:59<00:46,  7.22it/s]
Extraindo:  88%|████████▊ | 2376/2710 [04:59<00:45,  7.35it/s]
Extraindo:  88%|████████▊ | 2377/2710 [04:59<00:44,  7.51it/s]
Extraindo:  88%|████████▊ | 2378/2710 [04:59<00:43,  7.58it/s]
Extraindo:  88%|████████▊ | 2379/2710 [05:00<00:57,  5.76it/s]
Extraindo:  88%|████████▊ | 2380/2710 [05:00<00:52,  6.33it/s]
Extraindo:  88%|████████▊ | 2381/2710 [05:00<00:47,  6.92it/s]
Extraindo:  88%|████████▊ | 2382/2710 [05:00<00:45,  7.25it/s]
Extraindo:  88%|████████▊ | 2383/2710 [05:00<00:43,  7.51it/s]
Extraindo:  88%|████████▊ | 2384/2710 [05:00<00:42,  7.67it/s]
Extraindo:  88%|████████▊ | 2385/2710 [05:00<00:42,  7.64it/s]
Extraindo:  88%|████████▊ | 2386/2710 [05:01<00:42,  7.67it/s]
Extraindo:  88%|████████▊ | 2387/2710 [05:01<00:54,  5.94it/s]
Extraindo:  88%|████████▊ | 2388/2710 [05:01<00:48,  6.60it/s]
Extraindo:  88%|████████▊ | 2389/2710 [05:01<00:45,  7.08it/s]
Extraindo:  88%|████████▊ | 2390/2710 [05:01<00:43,  7.39it/s]
Extraindo:  88%|████████▊ | 2391/2710 [05:01<00:41,  7.71it/s]
Extraindo:  88%|████████▊ | 2392/2710 [05:01<00:39,  8.00it/s]
Extraindo:  88%|████████▊ | 2393/2710 [05:01<00:39,  8.02it/s]
Extraindo:  88%|████████▊ | 2394/2710 [05:02<00:39,  8.01it/s]
Extraindo:  88%|████████▊ | 2395/2710 [05:02<00:39,  7.97it/s]
Extraindo:  88%|████████▊ | 2396/2710 [05:02<00:38,  8.13it/s]
Extraindo:  88%|████████▊ | 2397/2710 [05:02<00:38,  8.07it/s]
Extraindo:  88%|████████▊ | 2398/2710 [05:02<00:38,  8.03it/s]
Extraindo:  89%|████████▊ | 2399/2710 [05:02<00:51,  6.08it/s]
Extraindo:  89%|████████▊ | 2400/2710 [05:02<00:46,  6.68it/s]
Extraindo:  89%|████████▊ | 2401/2710 [05:03<00:44,  7.00it/s]
Extraindo:  89%|████████▊ | 2402/2710 [05:03<00:41,  7.45it/s]
Extraindo:  89%|████████▊ | 2403/2710 [05:03<00:40,  7.56it/s]
Extraindo:  89%|████████▊ | 2404/2710 [05:03<00:39,  7.75it/s]
Extraindo:  89%|████████▊ | 2405/2710 [05:03<00:38,  7.93it/s]
Extraindo:  89%|████████▉ | 2406/2710 [05:03<00:37,  8.06it/s]
Extraindo:  89%|████████▉ | 2407/2710 [05:03<00:37,  8.18it/s]
Extraindo:  89%|████████▉ | 2408/2710 [05:03<00:37,  8.10it/s]
Extraindo:  89%|████████▉ | 2409/2710 [05:04<00:36,  8.16it/s]
Extraindo:  89%|████████▉ | 2410/2710 [05:04<00:49,  6.11it/s]
Extraindo:  89%|████████▉ | 2411/2710 [05:04<00:45,  6.60it/s]
Extraindo:  89%|████████▉ | 2412/2710 [05:04<00:41,  7.10it/s]
Extraindo:  89%|████████▉ | 2413/2710 [05:04<00:40,  7.34it/s]
Extraindo:  89%|████████▉ | 2414/2710 [05:04<00:39,  7.56it/s]
Extraindo:  89%|████████▉ | 2415/2710 [05:04<00:37,  7.76it/s]
Extraindo:  89%|████████▉ | 2416/2710 [05:05<00:37,  7.87it/s]
Extraindo:  89%|████████▉ | 2417/2710 [05:05<00:37,  7.86it/s]
Extraindo:  89%|████████▉ | 2418/2710 [05:05<00:37,  7.85it/s]
Extraindo:  89%|████████▉ | 2419/2710 [05:05<00:36,  8.00it/s]
Extraindo:  89%|████████▉ | 2420/2710 [05:05<00:35,  8.17it/s]
Extraindo:  89%|████████▉ | 2421/2710 [05:05<00:35,  8.09it/s]
Extraindo:  89%|████████▉ | 2422/2710 [05:05<00:36,  7.98it/s]
Extraindo:  89%|████████▉ | 2423/2710 [05:05<00:36,  7.93it/s]
Extraindo:  89%|████████▉ | 2424/2710 [05:06<00:47,  5.98it/s]
Extraindo:  89%|████████▉ | 2425/2710 [05:06<00:44,  6.34it/s]
Extraindo:  90%|████████▉ | 2426/2710 [05:06<00:53,  5.30it/s]
Extraindo:  90%|████████▉ | 2427/2710 [05:06<00:47,  5.99it/s]
Extraindo:  90%|████████▉ | 2428/2710 [05:06<00:42,  6.60it/s]
Extraindo:  90%|████████▉ | 2429/2710 [05:06<00:39,  7.14it/s]
Extraindo:  90%|████████▉ | 2430/2710 [05:07<00:37,  7.44it/s]
Extraindo:  90%|████████▉ | 2431/2710 [05:07<00:35,  7.76it/s]
Extraindo:  90%|████████▉ | 2432/2710 [05:07<00:35,  7.83it/s]
Extraindo:  90%|████████▉ | 2433/2710 [05:07<00:34,  8.04it/s]
Extraindo:  90%|████████▉ | 2434/2710 [05:07<00:33,  8.25it/s]
Extraindo:  90%|████████▉ | 2435/2710 [05:07<00:34,  8.08it/s]
Extraindo:  90%|████████▉ | 2436/2710 [05:07<00:34,  8.00it/s]
Extraindo:  90%|████████▉ | 2437/2710 [05:07<00:33,  8.04it/s]
Extraindo:  90%|████████▉ | 2438/2710 [05:08<00:33,  8.13it/s]
Extraindo:  90%|█████████ | 2439/2710 [05:08<00:32,  8.29it/s]
Extraindo:  90%|█████████ | 2440/2710 [05:08<00:33,  8.04it/s]
Extraindo:  90%|█████████ | 2441/2710 [05:08<00:44,  6.04it/s]
Extraindo:  90%|█████████ | 2442/2710 [05:08<00:40,  6.64it/s]
Extraindo:  90%|█████████ | 2443/2710 [05:08<00:37,  7.10it/s]
Extraindo:  90%|█████████ | 2444/2710 [05:08<00:35,  7.43it/s]
Extraindo:  90%|█████████ | 2445/2710 [05:09<00:34,  7.76it/s]
Extraindo:  90%|█████████ | 2446/2710 [05:09<00:34,  7.75it/s]
Extraindo:  90%|█████████ | 2447/2710 [05:09<00:33,  7.79it/s]
Extraindo:  90%|█████████ | 2448/2710 [05:09<00:33,  7.82it/s]
Extraindo:  90%|█████████ | 2449/2710 [05:09<00:33,  7.75it/s]
Extraindo:  90%|█████████ | 2450/2710 [05:09<00:33,  7.73it/s]
Extraindo:  90%|█████████ | 2451/2710 [05:09<00:33,  7.80it/s]
Extraindo:  90%|█████████ | 2452/2710 [05:09<00:33,  7.74it/s]
Extraindo:  91%|█████████ | 2453/2710 [05:10<00:43,  5.94it/s]
Extraindo:  91%|█████████ | 2454/2710 [05:10<00:40,  6.39it/s]
Extraindo:  91%|█████████ | 2455/2710 [05:10<00:37,  6.73it/s]
Extraindo:  91%|█████████ | 2456/2710 [05:10<00:36,  7.03it/s]
Extraindo:  91%|█████████ | 2457/2710 [05:10<00:34,  7.26it/s]
Extraindo:  91%|█████████ | 2458/2710 [05:10<00:34,  7.40it/s]
Extraindo:  91%|█████████ | 2459/2710 [05:10<00:33,  7.54it/s]
Extraindo:  91%|█████████ | 2460/2710 [05:11<00:32,  7.63it/s]
Extraindo:  91%|█████████ | 2461/2710 [05:11<00:32,  7.60it/s]
Extraindo:  91%|█████████ | 2462/2710 [05:11<00:42,  5.84it/s]
Extraindo:  91%|█████████ | 2463/2710 [05:11<00:38,  6.43it/s]
Extraindo:  91%|█████████ | 2464/2710 [05:11<00:35,  6.85it/s]
Extraindo:  91%|█████████ | 2465/2710 [05:11<00:34,  7.08it/s]
Extraindo:  91%|█████████ | 2466/2710 [05:11<00:33,  7.25it/s]
Extraindo:  91%|█████████ | 2467/2710 [05:12<00:32,  7.50it/s]
Extraindo:  91%|█████████ | 2468/2710 [05:12<00:31,  7.61it/s]
Extraindo:  91%|█████████ | 2469/2710 [05:12<00:31,  7.60it/s]
Extraindo:  91%|█████████ | 2470/2710 [05:12<00:31,  7.63it/s]
Extraindo:  91%|█████████ | 2471/2710 [05:12<00:31,  7.52it/s]
Extraindo:  91%|█████████ | 2472/2710 [05:12<00:40,  5.85it/s]
Extraindo:  91%|█████████▏| 2473/2710 [05:13<00:36,  6.42it/s]
Extraindo:  91%|█████████▏| 2474/2710 [05:13<00:34,  6.84it/s]
Extraindo:  91%|█████████▏| 2475/2710 [05:13<00:33,  7.06it/s]
Extraindo:  91%|█████████▏| 2476/2710 [05:13<00:32,  7.22it/s]
Extraindo:  91%|█████████▏| 2477/2710 [05:13<00:31,  7.42it/s]
Extraindo:  91%|█████████▏| 2478/2710 [05:13<00:31,  7.47it/s]
Extraindo:  91%|█████████▏| 2479/2710 [05:13<00:30,  7.56it/s]
Extraindo:  92%|█████████▏| 2480/2710 [05:13<00:30,  7.58it/s]
Extraindo:  92%|█████████▏| 2481/2710 [05:14<00:38,  5.90it/s]
Extraindo:  92%|█████████▏| 2482/2710 [05:14<00:35,  6.35it/s]
Extraindo:  92%|█████████▏| 2483/2710 [05:14<00:33,  6.73it/s]
Extraindo:  92%|█████████▏| 2484/2710 [05:14<00:31,  7.08it/s]
Extraindo:  92%|█████████▏| 2485/2710 [05:14<00:30,  7.27it/s]
Extraindo:  92%|█████████▏| 2486/2710 [05:14<00:30,  7.38it/s]
Extraindo:  92%|█████████▏| 2487/2710 [05:14<00:29,  7.51it/s]
Extraindo:  92%|█████████▏| 2488/2710 [05:15<00:28,  7.66it/s]
Extraindo:  92%|█████████▏| 2489/2710 [05:15<00:28,  7.76it/s]
Extraindo:  92%|█████████▏| 2490/2710 [05:15<00:29,  7.49it/s]
Extraindo:  92%|█████████▏| 2491/2710 [05:15<00:29,  7.52it/s]
Extraindo:  92%|█████████▏| 2492/2710 [05:15<00:29,  7.43it/s]
Extraindo:  92%|█████████▏| 2493/2710 [05:15<00:29,  7.48it/s]
Extraindo:  92%|█████████▏| 2494/2710 [05:15<00:29,  7.44it/s]
Extraindo:  92%|█████████▏| 2495/2710 [05:16<00:28,  7.45it/s]
Extraindo:  92%|█████████▏| 2496/2710 [05:16<00:29,  7.26it/s]
Extraindo:  92%|█████████▏| 2497/2710 [05:16<00:29,  7.28it/s]
Extraindo:  92%|█████████▏| 2498/2710 [05:16<00:29,  7.12it/s]
Extraindo:  92%|█████████▏| 2499/2710 [05:16<00:37,  5.58it/s]
Extraindo:  92%|█████████▏| 2500/2710 [05:16<00:34,  6.09it/s]
Extraindo:  92%|█████████▏| 2501/2710 [05:16<00:32,  6.48it/s]
Extraindo:  92%|█████████▏| 2502/2710 [05:17<00:40,  5.18it/s]
Extraindo:  92%|█████████▏| 2503/2710 [05:17<00:36,  5.72it/s]
Extraindo:  92%|█████████▏| 2504/2710 [05:17<00:32,  6.30it/s]
Extraindo:  92%|█████████▏| 2505/2710 [05:17<00:30,  6.67it/s]
Extraindo:  92%|█████████▏| 2506/2710 [05:17<00:29,  6.88it/s]
Extraindo:  93%|█████████▎| 2507/2710 [05:17<00:28,  7.21it/s]
Extraindo:  93%|█████████▎| 2508/2710 [05:18<00:35,  5.65it/s]
Extraindo:  93%|█████████▎| 2509/2710 [05:18<00:32,  6.19it/s]
Extraindo:  93%|█████████▎| 2510/2710 [05:18<00:29,  6.70it/s]
Extraindo:  93%|█████████▎| 2511/2710 [05:18<00:28,  7.04it/s]
Extraindo:  93%|█████████▎| 2512/2710 [05:18<00:26,  7.40it/s]
Extraindo:  93%|█████████▎| 2513/2710 [05:18<00:25,  7.58it/s]
Extraindo:  93%|█████████▎| 2514/2710 [05:18<00:25,  7.79it/s]
Extraindo:  93%|█████████▎| 2515/2710 [05:19<00:24,  7.92it/s]
Extraindo:  93%|█████████▎| 2516/2710 [05:19<00:24,  7.92it/s]
Extraindo:  93%|█████████▎| 2517/2710 [05:19<00:24,  7.94it/s]
Extraindo:  93%|█████████▎| 2518/2710 [05:19<00:24,  7.79it/s]
Extraindo:  93%|█████████▎| 2519/2710 [05:19<00:24,  7.81it/s]
Extraindo:  93%|█████████▎| 2520/2710 [05:19<00:23,  7.94it/s]
Extraindo:  93%|█████████▎| 2521/2710 [05:19<00:23,  7.96it/s]
Extraindo:  93%|█████████▎| 2522/2710 [05:19<00:23,  7.95it/s]
Extraindo:  93%|█████████▎| 2523/2710 [05:20<00:23,  7.86it/s]
Extraindo:  93%|█████████▎| 2524/2710 [05:20<00:23,  7.77it/s]
Extraindo:  93%|█████████▎| 2525/2710 [05:20<00:23,  7.73it/s]
Extraindo:  93%|█████████▎| 2526/2710 [05:20<00:24,  7.55it/s]
Extraindo:  93%|█████████▎| 2527/2710 [05:20<00:24,  7.45it/s]
Extraindo:  93%|█████████▎| 2528/2710 [05:20<00:24,  7.33it/s]
Extraindo:  93%|█████████▎| 2529/2710 [05:20<00:24,  7.33it/s]
Extraindo:  93%|█████████▎| 2530/2710 [05:20<00:24,  7.36it/s]
Extraindo:  93%|█████████▎| 2531/2710 [05:21<00:24,  7.40it/s]
Extraindo:  93%|█████████▎| 2532/2710 [05:21<00:23,  7.49it/s]
Extraindo:  93%|█████████▎| 2533/2710 [05:21<00:31,  5.65it/s]
Extraindo:  94%|█████████▎| 2534/2710 [05:21<00:35,  4.95it/s]
Extraindo:  94%|█████████▎| 2535/2710 [05:21<00:30,  5.65it/s]
Extraindo:  94%|█████████▎| 2536/2710 [05:22<00:29,  5.90it/s]
Extraindo:  94%|█████████▎| 2537/2710 [05:22<00:35,  4.91it/s]
Extraindo:  94%|█████████▎| 2538/2710 [05:22<00:30,  5.58it/s]
Extraindo:  94%|█████████▎| 2539/2710 [05:22<00:27,  6.17it/s]
Extraindo:  94%|█████████▎| 2540/2710 [05:22<00:25,  6.62it/s]
Extraindo:  94%|█████████▍| 2541/2710 [05:22<00:24,  7.02it/s]
Extraindo:  94%|█████████▍| 2542/2710 [05:22<00:23,  7.29it/s]
Extraindo:  94%|█████████▍| 2543/2710 [05:23<00:22,  7.58it/s]
Extraindo:  94%|█████████▍| 2544/2710 [05:23<00:21,  7.79it/s]
Extraindo:  94%|█████████▍| 2545/2710 [05:23<00:20,  8.07it/s]
Extraindo:  94%|█████████▍| 2546/2710 [05:23<00:20,  8.00it/s]
Extraindo:  94%|█████████▍| 2547/2710 [05:23<00:19,  8.22it/s]
Extraindo:  94%|█████████▍| 2548/2710 [05:23<00:19,  8.35it/s]
Extraindo:  94%|█████████▍| 2549/2710 [05:23<00:18,  8.51it/s]
Extraindo:  94%|█████████▍| 2550/2710 [05:23<00:18,  8.57it/s]
Extraindo:  94%|█████████▍| 2551/2710 [05:24<00:18,  8.41it/s]
Extraindo:  94%|█████████▍| 2552/2710 [05:24<00:19,  7.99it/s]
Extraindo:  94%|█████████▍| 2553/2710 [05:24<00:21,  7.30it/s]
Extraindo:  94%|█████████▍| 2554/2710 [05:24<00:24,  6.28it/s]
Extraindo:  94%|█████████▍| 2555/2710 [05:24<00:24,  6.24it/s]
Extraindo:  94%|█████████▍| 2556/2710 [05:24<00:24,  6.25it/s]
Extraindo:  94%|█████████▍| 2557/2710 [05:24<00:22,  6.67it/s]
Extraindo:  94%|█████████▍| 2558/2710 [05:25<00:22,  6.77it/s]
Extraindo:  94%|█████████▍| 2559/2710 [05:25<00:21,  6.91it/s]
Extraindo:  94%|█████████▍| 2560/2710 [05:25<00:21,  6.92it/s]
Extraindo:  95%|█████████▍| 2561/2710 [05:25<00:21,  6.93it/s]
Extraindo:  95%|█████████▍| 2562/2710 [05:25<00:27,  5.48it/s]
Extraindo:  95%|█████████▍| 2563/2710 [05:25<00:24,  6.06it/s]
Extraindo:  95%|█████████▍| 2564/2710 [05:26<00:28,  5.13it/s]
Extraindo:  95%|█████████▍| 2565/2710 [05:26<00:25,  5.73it/s]
Extraindo:  95%|█████████▍| 2566/2710 [05:26<00:23,  6.22it/s]
Extraindo:  95%|█████████▍| 2567/2710 [05:26<00:21,  6.55it/s]
Extraindo:  95%|█████████▍| 2568/2710 [05:26<00:20,  6.86it/s]
Extraindo:  95%|█████████▍| 2569/2710 [05:26<00:20,  7.01it/s]
Extraindo:  95%|█████████▍| 2570/2710 [05:27<00:20,  6.79it/s]
Extraindo:  95%|█████████▍| 2571/2710 [05:27<00:21,  6.55it/s]
Extraindo:  95%|█████████▍| 2572/2710 [05:27<00:20,  6.87it/s]
Extraindo:  95%|█████████▍| 2573/2710 [05:27<00:19,  7.10it/s]
Extraindo:  95%|█████████▍| 2574/2710 [05:27<00:18,  7.24it/s]
Extraindo:  95%|█████████▌| 2575/2710 [05:27<00:23,  5.70it/s]
Extraindo:  95%|█████████▌| 2576/2710 [05:27<00:21,  6.16it/s]
Extraindo:  95%|█████████▌| 2577/2710 [05:28<00:20,  6.54it/s]
Extraindo:  95%|█████████▌| 2578/2710 [05:28<00:18,  6.99it/s]
Extraindo:  95%|█████████▌| 2579/2710 [05:28<00:17,  7.34it/s]
Extraindo:  95%|█████████▌| 2580/2710 [05:28<00:17,  7.40it/s]
Extraindo:  95%|█████████▌| 2581/2710 [05:28<00:17,  7.37it/s]
Extraindo:  95%|█████████▌| 2582/2710 [05:28<00:18,  7.10it/s]
Extraindo:  95%|█████████▌| 2583/2710 [05:28<00:17,  7.16it/s]
Extraindo:  95%|█████████▌| 2584/2710 [05:29<00:17,  7.28it/s]
Extraindo:  95%|█████████▌| 2585/2710 [05:29<00:17,  7.30it/s]
Extraindo:  95%|█████████▌| 2586/2710 [05:29<00:17,  7.18it/s]
Extraindo:  95%|█████████▌| 2587/2710 [05:29<00:17,  6.92it/s]
Extraindo:  95%|█████████▌| 2588/2710 [05:29<00:17,  6.96it/s]
Extraindo:  96%|█████████▌| 2589/2710 [05:29<00:21,  5.66it/s]
Extraindo:  96%|█████████▌| 2590/2710 [05:30<00:20,  5.98it/s]
Extraindo:  96%|█████████▌| 2591/2710 [05:30<00:19,  6.14it/s]
Extraindo:  96%|█████████▌| 2592/2710 [05:30<00:18,  6.48it/s]
Extraindo:  96%|█████████▌| 2593/2710 [05:30<00:17,  6.80it/s]
Extraindo:  96%|█████████▌| 2594/2710 [05:30<00:21,  5.33it/s]
Extraindo:  96%|█████████▌| 2595/2710 [05:30<00:19,  6.01it/s]
Extraindo:  96%|█████████▌| 2596/2710 [05:30<00:17,  6.55it/s]
Extraindo:  96%|█████████▌| 2597/2710 [05:31<00:16,  6.95it/s]
Extraindo:  96%|█████████▌| 2598/2710 [05:31<00:15,  7.14it/s]
Extraindo:  96%|█████████▌| 2599/2710 [05:31<00:14,  7.52it/s]
Extraindo:  96%|█████████▌| 2600/2710 [05:31<00:14,  7.59it/s]
Extraindo:  96%|█████████▌| 2601/2710 [05:31<00:14,  7.73it/s]
Extraindo:  96%|█████████▌| 2602/2710 [05:31<00:14,  7.53it/s]
Extraindo:  96%|█████████▌| 2603/2710 [05:31<00:14,  7.57it/s]
Extraindo:  96%|█████████▌| 2604/2710 [05:31<00:13,  7.77it/s]
Extraindo:  96%|█████████▌| 2605/2710 [05:32<00:13,  7.90it/s]
Extraindo:  96%|█████████▌| 2606/2710 [05:32<00:13,  7.92it/s]
Extraindo:  96%|█████████▌| 2607/2710 [05:32<00:12,  7.94it/s]
Extraindo:  96%|█████████▌| 2608/2710 [05:32<00:13,  7.61it/s]
Extraindo:  96%|█████████▋| 2609/2710 [05:32<00:13,  7.66it/s]
Extraindo:  96%|█████████▋| 2610/2710 [05:32<00:13,  7.46it/s]
Extraindo:  96%|█████████▋| 2611/2710 [05:32<00:13,  7.48it/s]
Extraindo:  96%|█████████▋| 2612/2710 [05:33<00:17,  5.75it/s]
Extraindo:  96%|█████████▋| 2613/2710 [05:33<00:15,  6.09it/s]
Extraindo:  96%|█████████▋| 2614/2710 [05:33<00:14,  6.49it/s]
Extraindo:  96%|█████████▋| 2615/2710 [05:33<00:13,  6.83it/s]
Extraindo:  97%|█████████▋| 2616/2710 [05:33<00:17,  5.46it/s]
Extraindo:  97%|█████████▋| 2617/2710 [05:33<00:15,  6.03it/s]
Extraindo:  97%|█████████▋| 2618/2710 [05:34<00:13,  6.68it/s]
Extraindo:  97%|█████████▋| 2619/2710 [05:34<00:12,  7.11it/s]
Extraindo:  97%|█████████▋| 2620/2710 [05:34<00:12,  7.40it/s]
Extraindo:  97%|█████████▋| 2621/2710 [05:34<00:11,  7.47it/s]
Extraindo:  97%|█████████▋| 2622/2710 [05:34<00:11,  7.37it/s]
Extraindo:  97%|█████████▋| 2623/2710 [05:35<00:23,  3.78it/s]
Extraindo:  97%|█████████▋| 2624/2710 [05:35<00:18,  4.64it/s]
Extraindo:  97%|█████████▋| 2625/2710 [05:35<00:19,  4.45it/s]
Extraindo:  97%|█████████▋| 2627/2710 [05:35<00:13,  6.06it/s]
Extraindo:  97%|█████████▋| 2629/2710 [05:35<00:11,  7.31it/s]
Extraindo:  97%|█████████▋| 2630/2710 [05:35<00:10,  7.62it/s]
Extraindo:  97%|█████████▋| 2631/2710 [05:36<00:09,  7.92it/s]
Extraindo:  97%|█████████▋| 2633/2710 [05:36<00:08,  8.72it/s]
Extraindo:  97%|█████████▋| 2634/2710 [05:36<00:08,  8.84it/s]
Extraindo:  97%|█████████▋| 2635/2710 [05:36<00:08,  8.84it/s]
Extraindo:  97%|█████████▋| 2636/2710 [05:36<00:08,  8.99it/s]
Extraindo:  97%|█████████▋| 2637/2710 [05:36<00:08,  9.11it/s]
Extraindo:  97%|█████████▋| 2638/2710 [05:36<00:07,  9.30it/s]
Extraindo:  97%|█████████▋| 2639/2710 [05:36<00:07,  9.47it/s]
Extraindo:  97%|█████████▋| 2640/2710 [05:37<00:07,  9.38it/s]
Extraindo:  97%|█████████▋| 2641/2710 [05:37<00:07,  9.28it/s]
Extraindo:  97%|█████████▋| 2642/2710 [05:37<00:07,  9.25it/s]
Extraindo:  98%|█████████▊| 2643/2710 [05:37<00:09,  6.87it/s]
Extraindo:  98%|█████████▊| 2644/2710 [05:37<00:08,  7.55it/s]
Extraindo:  98%|█████████▊| 2645/2710 [05:37<00:08,  7.89it/s]
Extraindo:  98%|█████████▊| 2646/2710 [05:37<00:07,  8.06it/s]
Extraindo:  98%|█████████▊| 2647/2710 [05:37<00:07,  8.34it/s]
Extraindo:  98%|█████████▊| 2648/2710 [05:38<00:07,  8.68it/s]
Extraindo:  98%|█████████▊| 2649/2710 [05:38<00:09,  6.63it/s]
Extraindo:  98%|█████████▊| 2650/2710 [05:38<00:08,  7.37it/s]
Extraindo:  98%|█████████▊| 2651/2710 [05:38<00:07,  7.99it/s]
Extraindo:  98%|█████████▊| 2653/2710 [05:38<00:06,  8.79it/s]
Extraindo:  98%|█████████▊| 2654/2710 [05:38<00:06,  8.83it/s]
Extraindo:  98%|█████████▊| 2655/2710 [05:38<00:06,  8.97it/s]
Extraindo:  98%|█████████▊| 2656/2710 [05:39<00:07,  6.94it/s]
Extraindo:  98%|█████████▊| 2658/2710 [05:39<00:06,  8.13it/s]
Extraindo:  98%|█████████▊| 2659/2710 [05:39<00:06,  8.35it/s]
Extraindo:  98%|█████████▊| 2660/2710 [05:39<00:05,  8.48it/s]
Extraindo:  98%|█████████▊| 2661/2710 [05:39<00:05,  8.74it/s]
Extraindo:  98%|█████████▊| 2662/2710 [05:39<00:05,  8.79it/s]
Extraindo:  98%|█████████▊| 2663/2710 [05:39<00:05,  9.01it/s]
Extraindo:  98%|█████████▊| 2664/2710 [05:39<00:04,  9.22it/s]
Extraindo:  98%|█████████▊| 2666/2710 [05:40<00:04,  9.62it/s]
Extraindo:  98%|█████████▊| 2667/2710 [05:40<00:04,  9.70it/s]
Extraindo:  98%|█████████▊| 2668/2710 [05:40<00:04,  9.47it/s]
Extraindo:  98%|█████████▊| 2669/2710 [05:40<00:04,  8.75it/s]
Extraindo:  99%|█████████▊| 2670/2710 [05:40<00:05,  6.70it/s]
Extraindo:  99%|█████████▊| 2672/2710 [05:40<00:04,  7.96it/s]
Extraindo:  99%|█████████▊| 2674/2710 [05:41<00:04,  8.78it/s]
Extraindo:  99%|█████████▊| 2675/2710 [05:41<00:04,  8.64it/s]
Extraindo:  99%|█████████▊| 2676/2710 [05:41<00:03,  8.76it/s]
Extraindo:  99%|█████████▉| 2677/2710 [05:41<00:03,  8.83it/s]
Extraindo:  99%|█████████▉| 2678/2710 [05:41<00:03,  8.81it/s]
Extraindo:  99%|█████████▉| 2679/2710 [05:41<00:03,  9.02it/s]
Extraindo:  99%|█████████▉| 2680/2710 [05:41<00:03,  9.15it/s]
Extraindo:  99%|█████████▉| 2681/2710 [05:41<00:03,  9.16it/s]
Extraindo:  99%|█████████▉| 2682/2710 [05:42<00:03,  9.13it/s]
Extraindo:  99%|█████████▉| 2683/2710 [05:42<00:03,  8.92it/s]
Extraindo:  99%|█████████▉| 2684/2710 [05:42<00:02,  9.06it/s]
Extraindo:  99%|█████████▉| 2685/2710 [05:42<00:02,  9.20it/s]
Extraindo:  99%|█████████▉| 2686/2710 [05:42<00:03,  6.57it/s]
Extraindo:  99%|█████████▉| 2687/2710 [05:42<00:04,  5.67it/s]
Extraindo:  99%|█████████▉| 2688/2710 [05:42<00:03,  6.50it/s]
Extraindo:  99%|█████████▉| 2690/2710 [05:43<00:02,  7.80it/s]
Extraindo:  99%|█████████▉| 2691/2710 [05:43<00:02,  8.11it/s]
Extraindo:  99%|█████████▉| 2692/2710 [05:43<00:02,  8.45it/s]
Extraindo:  99%|█████████▉| 2693/2710 [05:43<00:01,  8.70it/s]
Extraindo:  99%|█████████▉| 2694/2710 [05:43<00:01,  8.82it/s]
Extraindo:  99%|█████████▉| 2695/2710 [05:43<00:01,  9.08it/s]
Extraindo:  99%|█████████▉| 2696/2710 [05:43<00:01,  9.25it/s]
Extraindo: 100%|█████████▉| 2697/2710 [05:43<00:01,  6.82it/s]
Extraindo: 100%|█████████▉| 2699/2710 [05:44<00:01,  8.09it/s]
Extraindo: 100%|█████████▉| 2700/2710 [05:44<00:01,  8.21it/s]
Extraindo: 100%|█████████▉| 2701/2710 [05:44<00:01,  8.49it/s]
Extraindo: 100%|█████████▉| 2702/2710 [05:44<00:00,  8.79it/s]
Extraindo: 100%|█████████▉| 2703/2710 [05:44<00:00,  8.99it/s]
Extraindo: 100%|█████████▉| 2704/2710 [05:44<00:00,  9.24it/s]
Extraindo: 100%|█████████▉| 2705/2710 [05:44<00:00,  9.23it/s]
Extraindo: 100%|█████████▉| 2706/2710 [05:44<00:00,  9.43it/s]
Extraindo: 100%|█████████▉| 2708/2710 [05:45<00:00,  9.67it/s]
Extraindo: 100%|█████████▉| 2709/2710 [05:45<00:00,  9.60it/s]
Extraindo: 100%|██████████| 2710/2710 [05:45<00:00,  7.85it/s]
2026-09-26 02:01:51,123 | INFO | matches      :     206,654 linhas
2026-09-26 02:01:51,200 | INFO | participants :   1,653,232 linhas
2026-09-26 02:01:51,290 | INFO | units        :  14,525,773 linhas
2026-09-26 02:01:51,404 | INFO | traits       :  17,757,384 linhas
2026-09-26 02:01:51,474 | INFO | items        :  20,096,449 linhas
2026-09-26 02:01:51,478 | INFO | {
  "raw_matches": 270713,
  "kept_matches": 206654,
  "drop_patch": 27902,
  "drop_queue": 30455,
  "drop_set": 5561,
  "drop_incomplete": 102,
  "puuid_dup_in_match": 472,
  "drop_duplicate": 39,
  "n_participants": 1653232,
  "top4_rate": 0.5,
  "patches": {
    "16.2": 41595,
    "16.3": 57111,
    "16.4": 50740,
    "16.5": 25203,
    "16.1": 32005
  },
  "date_range": [
    "2026-01-07 23:04:15.543000",
    "2026-03-14 06:37:49.985000"
  ],
  "n_unique_units": 103,
  "n_unique_traits": 52,
  "n_unique_items": 153,
  "unknown_rarities": [],
  "elo": "Master+ (Master, Grandmaster, Challenger) via League-V1"
}
------------------------------------------------------------------------------------------
[1/13] extract: OK | duração 0:05:46 | log: logs\20260926_015604\01_extract.log
==========================================================================================
[2/13] features | 2026-09-26 02:01:51
$ 02_features.py --inp data/interim --out data/processed --min-freq 0.005
------------------------------------------------------------------------------------------
2026-09-26 02:01:53,765 | INFO | 1,653,232 linhas-base | partidas por patch: {'16.3': 57111, '16.4': 50740, '16.2': 41595, '16.1': 32005, '16.5': 25203}
2026-09-26 02:03:05,406 | INFO | {
  "n_rows": 1653232,
  "n_matches": 206654,
  "n_features": 799,
  "by_block": {
    "unit_item": 524,
    "item": 104,
    "unit": 101,
    "trait": 48,
    "aggregate": 22,
    "level_model_B": 1
  },
  "min_freq": 0.005,
  "n_dropped_rare": 9530,
  "n_dropped_constant": 0,
  "unit_item_pairs_kept": 524,
  "sparsity_sparse_blocks": 0.9556388024479617,
  "patches": {
    "16.3": 57111,
    "16.4": 50740,
    "16.2": 41595,
    "16.1": 32005,
    "16.5": 25203
  }
}
------------------------------------------------------------------------------------------
[2/13] features: OK | duração 0:01:14 | log: logs\20260926_015604\02_features.log
==========================================================================================
[3/13] clusters | 2026-09-26 02:03:05
$ 02b_features.py
------------------------------------------------------------------------------------------
2026-09-26 02:03:10,743 | INFO | Carregando base de dados parquet...
2026-09-26 02:03:12,242 | INFO | MiniBatchKMeans K=12 (sem uso do rótulo; euclidiana² = Hamming em binário)
2026-09-26 02:03:23,560 | INFO |   archetype_Ionia_TheBoss_Wukong_0: n=184,751 | top4=0.545 [0.543; 0.547]
2026-09-26 02:03:24,622 | INFO |   archetype_Piltover_Defender_Vi_1: n=357,370 | top4=0.443 [0.441; 0.444]
2026-09-26 02:03:25,122 | INFO |   archetype_Demacia_Defender_Garen_2: n=171,561 | top4=0.523 [0.521; 0.525]
2026-09-26 02:03:25,439 | INFO |   archetype_Piltover_Freljord_Braum_3: n=107,248 | top4=0.545 [0.542; 0.547]
2026-09-26 02:03:25,815 | INFO |   archetype_Void_KaisaUnique_Kaisa_4: n=117,204 | top4=0.537 [0.534; 0.540]
2026-09-26 02:03:26,274 | INFO |   archetype_Noxus_Juggernaut_Swain_5: n=163,318 | top4=0.501 [0.499; 0.503]
2026-09-26 02:03:26,617 | INFO |   archetype_Brawler_Invoker_Kobuko_6: n=108,089 | top4=0.452 [0.449; 0.455]
2026-09-26 02:03:26,878 | INFO |   archetype_Piltover_Warden_Loris_7: n=104,977 | top4=0.497 [0.495; 0.501]
2026-09-26 02:03:27,177 | INFO |   archetype_Yordle_Defender_Kennen_8: n=87,368 | top4=0.482 [0.478; 0.485]
2026-09-26 02:03:27,555 | INFO |   archetype_Gunslinger_Brawler_MissFortune_9: n=120,952 | top4=0.511 [0.508; 0.513]
2026-09-26 02:03:27,865 | INFO |   archetype_Slayer_Vanquisher_BelVeth_10: n=93,383 | top4=0.540 [0.537; 0.543]
2026-09-26 02:03:28,002 | INFO |   archetype_Yordle_Targon_Ziggs_11: n=37,011 | top4=0.528 [0.523; 0.533]
2026-09-26 02:03:28,005 | INFO | Relatório de arquétipos salvo em report\archetypes_report.csv
2026-09-26 02:03:47,585 | INFO | Processo concluído! 12 arquétipos adicionados aos dados.
------------------------------------------------------------------------------------------
[3/13] clusters: OK | duração 0:00:42 | log: logs\20260926_015604\03_clusters.log
==========================================================================================
[4/13] train_main | 2026-09-26 02:03:47
$ 03_train.py --budget-min 480 --trials 50 --outer 5 --n-boot 2000
------------------------------------------------------------------------------------------
2026-09-26 02:03:49,704 | INFO | [main] args: {'inp': 'data/processed', 'out': 'results', 'models': 'logreg,rf,lgbm', 'trials': 50, 'outer': 5, 'inner': 3, 'tune_frac': 0.25, 'n_boot': 2000, 'budget_min': 480.0, 'min_level': 0, 'drop_agg': '', 'drop_blocks': '', 'log_level': 'INFO'}
2026-09-26 02:03:49,704 | INFO | [load] lendo data\processed\features.parquet
2026-09-26 02:03:49,718 | INFO | [load] 812 features | 811 no cenário A
2026-09-26 02:03:50,118 | INFO | [load] meta: 1,653,232 linhas | 206,654 partidas | top4=0.500 | patches=['16.1', '16.2', '16.3', '16.4', '16.5']
2026-09-26 02:03:52,301 | INFO | [load] bloco 1/9: nnz=45,259,348 | 369 MB | 2.2s
2026-09-26 02:03:54,086 | INFO | [load] bloco 2/9: nnz=19,861,226 | 166 MB | 1.8s
2026-09-26 02:03:55,206 | INFO | [load] bloco 3/9: nnz=6,148,658 | 56 MB | 1.1s
2026-09-26 02:03:56,169 | INFO | [load] bloco 4/9: nnz=2,820,451 | 29 MB | 1.0s
2026-09-26 02:03:57,167 | INFO | [load] bloco 5/9: nnz=3,724,670 | 36 MB | 1.0s
2026-09-26 02:03:58,108 | INFO | [load] bloco 6/9: nnz=2,058,209 | 23 MB | 0.9s
2026-09-26 02:03:59,075 | INFO | [load] bloco 7/9: nnz=2,348,539 | 25 MB | 1.0s
2026-09-26 02:03:59,975 | INFO | [load] bloco 8/9: nnz=1,780,805 | 21 MB | 0.9s
2026-09-26 02:04:00,172 | INFO | [load] bloco 9/9: nnz=1,468,481 | 18 MB | 0.2s
2026-09-26 02:04:01,431 | INFO | [load] XA: (1653232, 816), densidade=0.0646, 704 MB | XB: (1653232, 817) | tempo 11.7s
2026-09-26 02:04:05,118 | INFO | [main] baseline AUC OOF=0.7408
2026-09-26 02:04:05,118 | INFO | == logreg | A | 816 feats | tuning 8.6 min | decorrido 0 min
2026-09-26 02:04:05,519 | INFO |   [fold 1/5] treino=1,322,584 teste=330,648 | trials=50
2026-09-26 02:04:05,637 | INFO | [tune] logreg | n_trials=50 | timeout=3.5 min
2026-09-26 02:04:05,688 | INFO | [group_sample] 41,330/165,323 partidas (25%) -> 330,640 linhas
2026-09-26 02:05:17,880 | INFO | [obj] trial 0: loss=0.37553 | 72.1s
2026-09-26 02:07:13,606 | INFO | [obj] trial 1: loss=0.36194 | 115.7s
2026-09-26 02:08:31,429 | INFO | [obj] trial 2: loss=0.36197 | 77.8s
2026-09-26 02:08:31,456 | INFO |     tuning logreg: 3 trials (0 podados), loss=0.36194 | 4.4 min | best={'C': 6.351221010640703}
2026-09-26 02:09:18,228 | INFO | [fit] logreg: 816/816 coef. não nulos | n_iter=12
2026-09-26 02:09:18,497 | INFO |   fold 1: AUC=0.9224 | 5.2 min | decorrido 5 min
2026-09-26 02:09:18,528 | INFO |   [fold 2/5] treino=1,322,584 teste=330,648 | trials=16
2026-09-26 02:09:18,632 | INFO | [tune] logreg | n_trials=16 | timeout=1.3 min
2026-09-26 02:09:18,674 | INFO | [group_sample] 41,330/165,323 partidas (25%) -> 330,640 linhas
2026-09-26 02:11:00,908 | INFO | [obj] trial 0: loss=0.36172 | 102.1s
2026-09-26 02:11:00,934 | INFO |     tuning logreg: 1 trials (0 podados), loss=0.36172 | 1.7 min | best={'C': 6.351221010640703}
2026-09-26 02:11:47,220 | INFO | [fit] logreg: 816/816 coef. não nulos | n_iter=12
2026-09-26 02:11:47,487 | INFO |   fold 2: AUC=0.9219 | 2.5 min | decorrido 8 min
2026-09-26 02:11:47,519 | INFO |   [fold 3/5] treino=1,322,584 teste=330,648 | trials=16
2026-09-26 02:11:47,624 | INFO | [tune] logreg | n_trials=16 | timeout=1.3 min
2026-09-26 02:11:47,676 | INFO | [group_sample] 41,330/165,323 partidas (25%) -> 330,640 linhas
2026-09-26 02:13:34,254 | INFO | [obj] trial 0: loss=0.36140 | 106.5s
2026-09-26 02:13:34,282 | INFO |     tuning logreg: 1 trials (0 podados), loss=0.36140 | 1.8 min | best={'C': 6.351221010640703}
2026-09-26 02:14:17,453 | INFO | [fit] logreg: 816/816 coef. não nulos | n_iter=11
2026-09-26 02:14:17,746 | INFO |   fold 3: AUC=0.9212 | 2.5 min | decorrido 10 min
2026-09-26 02:14:17,796 | INFO |   [fold 4/5] treino=1,322,584 teste=330,648 | trials=16
2026-09-26 02:14:17,902 | INFO | [tune] logreg | n_trials=16 | timeout=1.3 min
2026-09-26 02:14:17,950 | INFO | [group_sample] 41,330/165,323 partidas (25%) -> 330,640 linhas
2026-09-26 02:16:03,933 | INFO | [obj] trial 0: loss=0.35960 | 105.9s
2026-09-26 02:16:03,961 | INFO |     tuning logreg: 1 trials (0 podados), loss=0.35960 | 1.8 min | best={'C': 6.351221010640703}
2026-09-26 02:16:50,991 | INFO | [fit] logreg: 816/816 coef. não nulos | n_iter=12
2026-09-26 02:16:51,257 | INFO |   fold 4: AUC=0.9212 | 2.6 min | decorrido 13 min
2026-09-26 02:16:51,293 | INFO |   [fold 5/5] treino=1,322,592 teste=330,640 | trials=16
2026-09-26 02:16:51,408 | INFO | [tune] logreg | n_trials=16 | timeout=1.3 min
2026-09-26 02:16:51,482 | INFO | [group_sample] 41,331/165,324 partidas (25%) -> 330,648 linhas
2026-09-26 02:18:33,644 | INFO | [obj] trial 0: loss=0.36201 | 102.0s
2026-09-26 02:18:33,671 | INFO |     tuning logreg: 1 trials (0 podados), loss=0.36201 | 1.7 min | best={'C': 6.351221010640703}
2026-09-26 02:19:20,272 | INFO | [fit] logreg: 816/816 coef. não nulos | n_iter=12
2026-09-26 02:19:20,547 | INFO |   fold 5: AUC=0.9224 | 2.5 min | decorrido 16 min
2026-09-26 02:19:20,903 | INFO | [run_nested] logreg: 15.3 min | AUC OOF=0.9218
2026-09-26 02:20:15,284 | INFO | [fit] logreg: 816/816 coef. não nulos | n_iter=11
2026-09-26 02:20:15,293 | INFO | [main] salvo results\models\final_logreg_A.joblib (0.0 MB)
2026-09-26 02:20:15,322 | INFO | == rf | A | 816 feats | tuning 30.2 min | decorrido 16 min
2026-09-26 02:20:15,711 | INFO |   [fold 1/5] treino=1,322,584 teste=330,648 | trials=50
2026-09-26 02:20:15,817 | INFO | [tune] rf | n_trials=50 | timeout=12.1 min
2026-09-26 02:20:15,864 | INFO | [group_sample] 41,330/165,323 partidas (25%) -> 330,640 linhas
2026-09-26 02:20:15,909 | INFO | [dense] (330640, 816) -> denso float32 (1.1 GB)
2026-09-26 02:20:33,407 | INFO | [obj] trial 0: loss=0.42759 | 17.3s
2026-09-26 02:20:49,039 | INFO | [obj] trial 1: loss=0.43910 | 15.6s
2026-09-26 02:21:02,644 | INFO | [obj] trial 2: loss=0.46324 | 13.6s
2026-09-26 02:21:18,883 | INFO | [obj] trial 3: loss=0.42983 | 16.2s
2026-09-26 02:24:02,161 | INFO | [obj] trial 4: loss=0.35881 | 163.2s
2026-09-26 02:26:42,886 | INFO | [obj] trial 5: loss=0.35963 | 160.7s
2026-09-26 02:28:25,243 | INFO | [obj] trial 6: loss=0.35836 | 102.3s
2026-09-26 02:29:49,806 | INFO | [obj] trial 7: loss=0.37293 | 84.5s
2026-09-26 02:31:24,521 | INFO | [obj] trial 8: loss=0.35924 | 94.7s
2026-09-26 02:32:51,428 | INFO | [obj] trial 9: loss=0.36852 | 86.9s
2026-09-26 02:32:51,455 | INFO |     tuning rf: 10 trials (0 podados), loss=0.35836 | 12.6 min | best={'max_depth': 21, 'min_samples_leaf': 2, 'max_features': 0.3}
2026-09-26 02:32:51,632 | INFO | [dense] (1322584, 816) -> denso float32 (4.3 GB)
[Parallel(n_jobs=-1)]: Using backend ThreadingBackend with 16 concurrent workers.
[Parallel(n_jobs=-1)]: Done  18 tasks      | elapsed:    6.5s
[Parallel(n_jobs=-1)]: Done 168 tasks      | elapsed:   37.9s
[Parallel(n_jobs=-1)]: Done 200 out of 200 | elapsed:   43.9s finished
2026-09-26 02:33:39,813 | INFO |   fold 1: AUC=0.9244 | 13.4 min | decorrido 30 min
2026-09-26 02:33:39,850 | INFO |   [fold 2/5] treino=1,322,584 teste=330,648 | trials=16
2026-09-26 02:33:39,953 | INFO | [tune] rf | n_trials=16 | timeout=4.5 min
2026-09-26 02:33:39,997 | INFO | [group_sample] 41,330/165,323 partidas (25%) -> 330,640 linhas
2026-09-26 02:33:40,043 | INFO | [dense] (330640, 816) -> denso float32 (1.1 GB)
2026-09-26 02:35:22,843 | INFO | [obj] trial 0: loss=0.35503 | 102.6s
2026-09-26 02:35:41,123 | INFO | [obj] trial 1: loss=0.42459 | 18.2s
2026-09-26 02:35:57,626 | INFO | [obj] trial 2: loss=0.43673 | 16.5s
2026-09-26 02:37:48,575 | INFO | [obj] trial 5: loss=0.35835 | 100.2s
2026-09-26 02:39:30,149 | INFO | [obj] trial 6: loss=0.35503 | 101.5s
2026-09-26 02:39:30,181 | INFO |     tuning rf: 7 trials (2 podados), loss=0.35503 | 5.8 min | best={'max_depth': 21, 'min_samples_leaf': 2, 'max_features': 0.3}
2026-09-26 02:39:30,350 | INFO | [dense] (1322584, 816) -> denso float32 (4.3 GB)
[Parallel(n_jobs=-1)]: Using backend ThreadingBackend with 16 concurrent workers.
[Parallel(n_jobs=-1)]: Done  18 tasks      | elapsed:    6.3s
[Parallel(n_jobs=-1)]: Done 168 tasks      | elapsed:   36.0s
[Parallel(n_jobs=-1)]: Done 200 out of 200 | elapsed:   41.3s finished
2026-09-26 02:40:15,496 | INFO |   fold 2: AUC=0.9234 | 6.6 min | decorrido 36 min
2026-09-26 02:40:15,537 | INFO |   [fold 3/5] treino=1,322,584 teste=330,648 | trials=16
2026-09-26 02:40:15,640 | INFO | [tune] rf | n_trials=16 | timeout=4.5 min
2026-09-26 02:40:15,684 | INFO | [group_sample] 41,330/165,323 partidas (25%) -> 330,640 linhas
2026-09-26 02:40:15,728 | INFO | [dense] (330640, 816) -> denso float32 (1.1 GB)
2026-09-26 02:41:50,962 | INFO | [obj] trial 0: loss=0.35546 | 95.0s
2026-09-26 02:42:07,162 | INFO | [obj] trial 1: loss=0.42563 | 16.2s
2026-09-26 02:42:21,845 | INFO | [obj] trial 2: loss=0.43653 | 14.7s
2026-09-26 02:43:58,786 | INFO | [obj] trial 5: loss=0.35904 | 87.4s
2026-09-26 02:45:33,593 | INFO | [obj] trial 6: loss=0.35546 | 94.8s
2026-09-26 02:45:33,623 | INFO |     tuning rf: 7 trials (2 podados), loss=0.35546 | 5.3 min | best={'max_depth': 21, 'min_samples_leaf': 2, 'max_features': 0.3}
2026-09-26 02:45:33,794 | INFO | [dense] (1322584, 816) -> denso float32 (4.3 GB)
[Parallel(n_jobs=-1)]: Using backend ThreadingBackend with 16 concurrent workers.
[Parallel(n_jobs=-1)]: Done  18 tasks      | elapsed:    6.4s
[Parallel(n_jobs=-1)]: Done 168 tasks      | elapsed:   36.2s
[Parallel(n_jobs=-1)]: Done 200 out of 200 | elapsed:   41.8s finished
2026-09-26 02:46:19,216 | INFO |   fold 3: AUC=0.9229 | 6.1 min | decorrido 42 min
2026-09-26 02:46:19,251 | INFO |   [fold 4/5] treino=1,322,584 teste=330,648 | trials=16
2026-09-26 02:46:19,354 | INFO | [tune] rf | n_trials=16 | timeout=4.5 min
2026-09-26 02:46:19,399 | INFO | [group_sample] 41,330/165,323 partidas (25%) -> 330,640 linhas
2026-09-26 02:46:19,443 | INFO | [dense] (330640, 816) -> denso float32 (1.1 GB)
2026-09-26 02:47:54,239 | INFO | [obj] trial 0: loss=0.35624 | 94.6s
2026-09-26 02:48:10,526 | INFO | [obj] trial 1: loss=0.42649 | 16.3s
2026-09-26 02:48:25,248 | INFO | [obj] trial 2: loss=0.43800 | 14.7s
2026-09-26 02:50:02,154 | INFO | [obj] trial 5: loss=0.35960 | 87.4s
2026-09-26 02:51:36,810 | INFO | [obj] trial 6: loss=0.35624 | 94.6s
2026-09-26 02:51:36,848 | INFO |     tuning rf: 7 trials (2 podados), loss=0.35624 | 5.3 min | best={'max_depth': 21, 'min_samples_leaf': 2, 'max_features': 0.3}
2026-09-26 02:51:37,025 | INFO | [dense] (1322584, 816) -> denso float32 (4.3 GB)
[Parallel(n_jobs=-1)]: Using backend ThreadingBackend with 16 concurrent workers.
[Parallel(n_jobs=-1)]: Done  18 tasks      | elapsed:    6.2s
[Parallel(n_jobs=-1)]: Done 168 tasks      | elapsed:   35.7s
[Parallel(n_jobs=-1)]: Done 200 out of 200 | elapsed:   41.4s finished
2026-09-26 02:52:21,911 | INFO |   fold 4: AUC=0.9234 | 6.0 min | decorrido 49 min
2026-09-26 02:52:21,944 | INFO |   [fold 5/5] treino=1,322,592 teste=330,640 | trials=16
2026-09-26 02:52:22,046 | INFO | [tune] rf | n_trials=16 | timeout=4.5 min
2026-09-26 02:52:22,089 | INFO | [group_sample] 41,331/165,324 partidas (25%) -> 330,648 linhas
2026-09-26 02:52:22,136 | INFO | [dense] (330648, 816) -> denso float32 (1.1 GB)
2026-09-26 02:53:57,280 | INFO | [obj] trial 0: loss=0.35647 | 94.9s
2026-09-26 02:54:13,593 | INFO | [obj] trial 1: loss=0.42582 | 16.3s
2026-09-26 02:54:28,467 | INFO | [obj] trial 2: loss=0.43767 | 14.8s
2026-09-26 02:56:05,966 | INFO | [obj] trial 5: loss=0.35980 | 87.9s
2026-09-26 02:57:40,870 | INFO | [obj] trial 6: loss=0.35647 | 94.9s
2026-09-26 02:57:40,899 | INFO |     tuning rf: 7 trials (2 podados), loss=0.35647 | 5.3 min | best={'max_depth': 21, 'min_samples_leaf': 2, 'max_features': 0.3}
2026-09-26 02:57:41,086 | INFO | [dense] (1322592, 816) -> denso float32 (4.3 GB)
[Parallel(n_jobs=-1)]: Using backend ThreadingBackend with 16 concurrent workers.
[Parallel(n_jobs=-1)]: Done  18 tasks      | elapsed:    6.2s
[Parallel(n_jobs=-1)]: Done 168 tasks      | elapsed:   36.0s
[Parallel(n_jobs=-1)]: Done 200 out of 200 | elapsed:   41.6s finished
2026-09-26 02:58:26,211 | INFO |   fold 5: AUC=0.9245 | 6.1 min | decorrido 55 min
2026-09-26 02:58:26,566 | INFO | [run_nested] rf: 38.2 min | AUC OOF=0.9237
2026-09-26 02:58:26,566 | INFO | [dense] (1653232, 816) -> denso float32 (5.4 GB)
[Parallel(n_jobs=-1)]: Using backend ThreadingBackend with 16 concurrent workers.
[Parallel(n_jobs=-1)]: Done  18 tasks      | elapsed:    6.6s
[Parallel(n_jobs=-1)]: Done 168 tasks      | elapsed:   37.6s
[Parallel(n_jobs=-1)]: Done 200 out of 200 | elapsed:   43.4s finished
2026-09-26 02:59:12,060 | INFO | [main] salvo results\models\final_rf_A.joblib (17.5 MB)
2026-09-26 02:59:12,094 | INFO | == lgbm | A | 816 feats | tuning 47.5 min | decorrido 55 min
2026-09-26 02:59:12,470 | INFO |   [fold 1/5] treino=1,322,584 teste=330,648 | trials=50
2026-09-26 02:59:12,574 | INFO | [tune] lgbm | n_trials=50 | timeout=19.0 min
2026-09-26 02:59:12,615 | INFO | [group_sample] 41,330/165,323 partidas (25%) -> 330,640 linhas
2026-09-26 02:59:35,047 | INFO | [obj] trial 0: loss=0.31965 | 22.4s | árvores=497
2026-09-26 03:00:23,444 | INFO | [obj] trial 1: loss=0.31862 | 48.4s | árvores=1534
2026-09-26 03:00:41,945 | INFO | [obj] trial 2: loss=0.32246 | 18.5s | árvores=484
2026-09-26 03:02:15,376 | INFO | [obj] trial 5: loss=0.31957 | 49.7s | árvores=1332
2026-09-26 03:03:56,919 | INFO | [obj] trial 9: loss=0.31858 | 63.2s | árvores=2542
2026-09-26 03:05:29,201 | INFO | [obj] trial 10: loss=0.31922 | 92.2s | árvores=4026
2026-09-26 03:06:18,709 | INFO | [obj] trial 11: loss=0.31855 | 49.5s | árvores=1865
2026-09-26 03:07:25,543 | INFO | [obj] trial 12: loss=0.31860 | 66.8s | árvores=2548
2026-09-26 03:08:47,770 | INFO | [obj] trial 13: loss=0.31883 | 82.2s | árvores=3009
2026-09-26 03:11:38,870 | INFO | [obj] trial 15: loss=0.31866 | 127.8s | árvores=4889
2026-09-26 03:17:55,873 | INFO | [obj] trial 21: loss=0.31839 | 111.2s | árvores=4561
2026-09-26 03:18:43,994 | INFO |     tuning lgbm: 23 trials (12 podados), loss=0.31839 | 19.5 min | best={'learning_rate': 0.03170650479709581, 'num_leaves': 25, 'min_child_samples': 73, 'subsample': 0.9768002736885298, 'colsample_bytree': 0.27917145074475463, 'reg_lambda': 3.7061703705116895, 'n_estimators': 10000}
2026-09-26 03:35:11,507 | INFO | [fit] lgbm early stopping: 9914 árvores | ganho logloss últimas 1000: 0.00015
2026-09-26 03:35:45,881 | INFO |   [fold 1] modelo salvo fold_lgbm_A_0.joblib (11.1 MB)
2026-09-26 03:35:45,942 | INFO |   fold 1: AUC=0.9414 | 36.6 min | decorrido 92 min
2026-09-26 03:35:45,982 | INFO |   [fold 2/5] treino=1,322,584 teste=330,648 | trials=16
2026-09-26 03:35:46,084 | INFO | [tune] lgbm | n_trials=16 | timeout=7.1 min
2026-09-26 03:35:46,124 | INFO | [group_sample] 41,330/165,323 partidas (25%) -> 330,640 linhas
2026-09-26 03:37:27,924 | INFO | [obj] trial 0: loss=0.31624 | 101.7s | árvores=4149
2026-09-26 03:37:50,545 | INFO | [obj] trial 1: loss=0.31732 | 22.6s | árvores=507
2026-09-26 03:38:36,494 | INFO | [obj] trial 2: loss=0.31598 | 45.9s | árvores=1450
2026-09-26 03:43:18,644 | INFO | [obj] trial 11: loss=0.31609 | 71.4s | árvores=2964
2026-09-26 03:43:18,685 | INFO |     tuning lgbm: 12 trials (8 podados), loss=0.31598 | 7.5 min | best={'learning_rate': 0.033494758473134406, 'num_leaves': 95, 'min_child_samples': 101, 'subsample': 0.8832290311184181, 'colsample_bytree': 0.21646759543664196, 'reg_lambda': 7.579479953348009, 'n_estimators': 10000}
2026-09-26 03:50:10,911 | INFO | [fit] lgbm early stopping: 3695 árvores | ganho logloss últimas 1000: 0.00026
2026-09-26 03:50:31,853 | INFO |   [fold 2] modelo salvo fold_lgbm_A_1.joblib (15.5 MB)
2026-09-26 03:50:31,913 | INFO |   fold 2: AUC=0.9408 | 14.8 min | decorrido 107 min
2026-09-26 03:50:31,955 | INFO |   [fold 3/5] treino=1,322,584 teste=330,648 | trials=16
2026-09-26 03:50:32,060 | INFO | [tune] lgbm | n_trials=16 | timeout=7.1 min
2026-09-26 03:50:32,101 | INFO | [group_sample] 41,330/165,323 partidas (25%) -> 330,640 linhas
2026-09-26 03:51:20,146 | INFO | [obj] trial 0: loss=0.32047 | 48.0s | árvores=1531
2026-09-26 03:51:44,218 | INFO | [obj] trial 1: loss=0.32162 | 24.0s | árvores=543
2026-09-26 03:52:32,479 | INFO | [obj] trial 2: loss=0.32047 | 48.2s | árvores=1531
2026-09-26 03:58:06,505 | INFO |     tuning lgbm: 12 trials (9 podados), loss=0.32047 | 7.6 min | best={'learning_rate': 0.033494758473134406, 'num_leaves': 95, 'min_child_samples': 101, 'subsample': 0.8832290311184181, 'colsample_bytree': 0.21646759543664196, 'reg_lambda': 7.579479953348009, 'n_estimators': 10000}
2026-09-26 04:05:51,566 | INFO | [fit] lgbm early stopping: 4221 árvores | ganho logloss últimas 1000: 0.00017
2026-09-26 04:06:16,307 | INFO |   [fold 3] modelo salvo fold_lgbm_A_2.joblib (17.7 MB)
2026-09-26 04:06:16,368 | INFO |   fold 3: AUC=0.9405 | 15.7 min | decorrido 122 min
2026-09-26 04:06:16,414 | INFO |   [fold 4/5] treino=1,322,584 teste=330,648 | trials=16
2026-09-26 04:06:16,527 | INFO | [tune] lgbm | n_trials=16 | timeout=7.1 min
2026-09-26 04:06:16,574 | INFO | [group_sample] 41,330/165,323 partidas (25%) -> 330,640 linhas
2026-09-26 04:07:08,328 | INFO | [obj] trial 0: loss=0.31951 | 51.7s | árvores=1675
2026-09-26 04:07:29,581 | INFO | [obj] trial 1: loss=0.32048 | 21.2s | árvores=443
2026-09-26 04:08:21,224 | INFO | [obj] trial 2: loss=0.31951 | 51.6s | árvores=1675
2026-09-26 04:10:45,284 | INFO | [obj] trial 7: loss=0.31906 | 69.7s | árvores=2705
2026-09-26 04:12:49,573 | INFO | [obj] trial 8: loss=0.31907 | 124.3s | árvores=4677
2026-09-26 04:14:09,396 | INFO | [obj] trial 10: loss=0.31929 | 48.5s | árvores=1816
2026-09-26 04:14:09,435 | INFO |     tuning lgbm: 11 trials (5 podados), loss=0.31906 | 7.9 min | best={'learning_rate': 0.05557438240201885, 'num_leaves': 19, 'min_child_samples': 49, 'subsample': 0.9810365378226896, 'colsample_bytree': 0.3349352364157237, 'reg_lambda': 7.410708352019416, 'n_estimators': 10000}
2026-09-26 04:28:16,217 | INFO | [fit] lgbm early stopping: 8175 árvores | ganho logloss últimas 1000: 0.00017
2026-09-26 04:28:35,478 | INFO |   [fold 4] modelo salvo fold_lgbm_A_3.joblib (7.0 MB)
2026-09-26 04:28:35,539 | INFO |   fold 4: AUC=0.9404 | 22.3 min | decorrido 145 min
2026-09-26 04:28:35,581 | INFO |   [fold 5/5] treino=1,322,592 teste=330,640 | trials=16
2026-09-26 04:28:35,683 | INFO | [tune] lgbm | n_trials=16 | timeout=7.1 min
2026-09-26 04:28:35,723 | INFO | [group_sample] 41,331/165,324 partidas (25%) -> 330,648 linhas
2026-09-26 04:29:49,906 | INFO | [obj] trial 0: loss=0.31850 | 74.1s | árvores=2873
2026-09-26 04:30:12,751 | INFO | [obj] trial 1: loss=0.31941 | 22.8s | árvores=515
2026-09-26 04:31:02,342 | INFO | [obj] trial 2: loss=0.31815 | 49.5s | árvores=1595
2026-09-26 04:36:08,687 | INFO | [obj] trial 12: loss=0.31800 | 83.9s | árvores=3253
2026-09-26 04:36:08,727 | INFO |     tuning lgbm: 13 trials (9 podados), loss=0.31800 | 7.6 min | best={'learning_rate': 0.03446843201719327, 'num_leaves': 37, 'min_child_samples': 89, 'subsample': 0.9014125305425662, 'colsample_bytree': 0.25930920569196353, 'reg_lambda': 7.16579207585119, 'n_estimators': 10000}
2026-09-26 04:49:13,567 | INFO | [fit] lgbm early stopping: 7679 árvores | ganho logloss últimas 1000: 0.00009
2026-09-26 04:49:44,676 | INFO |   [fold 5] modelo salvo fold_lgbm_A_4.joblib (12.7 MB)
2026-09-26 04:49:44,736 | INFO |   fold 5: AUC=0.9417 | 21.2 min | decorrido 166 min
2026-09-26 04:49:45,091 | INFO | [run_nested] lgbm: 110.5 min | AUC OOF=0.9410
2026-09-26 04:59:38,524 | INFO | [fit] lgbm early stopping: 4353 árvores | ganho logloss últimas 1000: 0.00022
2026-09-26 04:59:39,544 | INFO | [main] salvo results\models\final_lgbm_A.joblib (18.3 MB)
2026-09-26 04:59:39,586 | INFO | == logreg | B | 817 feats | tuning 5.8 min | decorrido 176 min
2026-09-26 04:59:39,962 | INFO |   [fold 1/5] treino=1,322,584 teste=330,648 | trials=16
2026-09-26 04:59:40,066 | INFO | [tune] logreg | n_trials=16 | timeout=2.3 min
2026-09-26 04:59:40,107 | INFO | [group_sample] 41,330/165,323 partidas (25%) -> 330,640 linhas
2026-09-26 05:01:33,269 | INFO | [obj] trial 0: loss=0.34099 | 113.0s
2026-09-26 05:02:50,809 | INFO | [obj] trial 1: loss=0.35011 | 77.5s
2026-09-26 05:02:50,837 | INFO |     tuning logreg: 2 trials (0 podados), loss=0.34099 | 3.2 min | best={'C': 6.351221010640703}
2026-09-26 05:03:40,741 | INFO | [fit] logreg: 817/817 coef. não nulos | n_iter=13
2026-09-26 05:03:41,007 | INFO |   fold 1: AUC=0.9294 | 4.0 min | decorrido 180 min
2026-09-26 05:03:41,039 | INFO |   [fold 2/5] treino=1,322,584 teste=330,648 | trials=16
2026-09-26 05:03:41,142 | INFO | [tune] logreg | n_trials=16 | timeout=0.9 min
2026-09-26 05:03:41,182 | INFO | [group_sample] 41,330/165,323 partidas (25%) -> 330,640 linhas
2026-09-26 05:05:16,783 | INFO | [obj] trial 0: loss=0.34138 | 95.5s
2026-09-26 05:05:16,808 | INFO |     tuning logreg: 1 trials (0 podados), loss=0.34138 | 1.6 min | best={'C': 6.351221010640703}
2026-09-26 05:06:05,339 | INFO | [fit] logreg: 817/817 coef. não nulos | n_iter=13
2026-09-26 05:06:05,604 | INFO |   fold 2: AUC=0.9287 | 2.4 min | decorrido 182 min
2026-09-26 05:06:05,636 | INFO |   [fold 3/5] treino=1,322,584 teste=330,648 | trials=16
2026-09-26 05:06:05,739 | INFO | [tune] logreg | n_trials=16 | timeout=0.9 min
2026-09-26 05:06:05,779 | INFO | [group_sample] 41,330/165,323 partidas (25%) -> 330,640 linhas
2026-09-26 05:07:38,414 | INFO | [obj] trial 0: loss=0.34155 | 92.5s
2026-09-26 05:07:38,440 | INFO |     tuning logreg: 1 trials (0 podados), loss=0.34155 | 1.5 min | best={'C': 6.351221010640703}
2026-09-26 05:08:27,189 | INFO | [fit] logreg: 817/817 coef. não nulos | n_iter=13
2026-09-26 05:08:27,455 | INFO |   fold 3: AUC=0.9282 | 2.4 min | decorrido 185 min
2026-09-26 05:08:27,487 | INFO |   [fold 4/5] treino=1,322,584 teste=330,648 | trials=16
2026-09-26 05:08:27,590 | INFO | [tune] logreg | n_trials=16 | timeout=0.9 min
2026-09-26 05:08:27,634 | INFO | [group_sample] 41,330/165,323 partidas (25%) -> 330,640 linhas
2026-09-26 05:10:14,807 | INFO | [obj] trial 0: loss=0.34048 | 107.0s
2026-09-26 05:10:14,832 | INFO |     tuning logreg: 1 trials (0 podados), loss=0.34048 | 1.8 min | best={'C': 6.351221010640703}
2026-09-26 05:11:07,743 | INFO | [fit] logreg: 817/817 coef. não nulos | n_iter=14
2026-09-26 05:11:08,008 | INFO |   fold 4: AUC=0.9284 | 2.7 min | decorrido 187 min
2026-09-26 05:11:08,039 | INFO |   [fold 5/5] treino=1,322,592 teste=330,640 | trials=16
2026-09-26 05:11:08,143 | INFO | [tune] logreg | n_trials=16 | timeout=0.9 min
2026-09-26 05:11:08,183 | INFO | [group_sample] 41,331/165,324 partidas (25%) -> 330,648 linhas
2026-09-26 05:12:59,819 | INFO | [obj] trial 0: loss=0.34173 | 111.5s
2026-09-26 05:12:59,845 | INFO |     tuning logreg: 1 trials (0 podados), loss=0.34173 | 1.9 min | best={'C': 6.351221010640703}
2026-09-26 05:13:44,579 | INFO | [fit] logreg: 817/817 coef. não nulos | n_iter=12
2026-09-26 05:13:44,843 | INFO |   fold 5: AUC=0.9295 | 2.6 min | decorrido 190 min
2026-09-26 05:13:45,193 | INFO | [run_nested] logreg: 14.1 min | AUC OOF=0.9288
2026-09-26 05:14:37,665 | INFO | [fit] logreg: 817/817 coef. não nulos | n_iter=11
2026-09-26 05:14:37,676 | INFO | [main] salvo results\models\final_logreg_B.joblib (0.0 MB)
2026-09-26 05:14:37,702 | INFO | == rf | B | 817 feats | tuning 20.2 min | decorrido 191 min
2026-09-26 05:14:38,072 | INFO |   [fold 1/5] treino=1,322,584 teste=330,648 | trials=16
2026-09-26 05:14:38,176 | INFO | [tune] rf | n_trials=16 | timeout=8.1 min
2026-09-26 05:14:38,216 | INFO | [group_sample] 41,330/165,323 partidas (25%) -> 330,640 linhas
2026-09-26 05:14:38,263 | INFO | [dense] (330640, 817) -> denso float32 (1.1 GB)
2026-09-26 05:16:13,238 | INFO | [obj] trial 0: loss=0.35012 | 94.7s
2026-09-26 05:16:29,479 | INFO | [obj] trial 1: loss=0.42047 | 16.2s
2026-09-26 05:16:44,399 | INFO | [obj] trial 2: loss=0.43220 | 14.9s
2026-09-26 05:18:21,354 | INFO | [obj] trial 5: loss=0.35316 | 87.3s
2026-09-26 05:19:55,913 | INFO | [obj] trial 6: loss=0.35012 | 94.5s
2026-09-26 05:24:05,849 | INFO | [obj] trial 11: loss=0.34978 | 97.1s
2026-09-26 05:24:05,878 | INFO |     tuning rf: 12 trials (6 podados), loss=0.34978 | 9.5 min | best={'max_depth': 23, 'min_samples_leaf': 2, 'max_features': 0.3}
2026-09-26 05:24:06,039 | INFO | [dense] (1322584, 817) -> denso float32 (4.3 GB)
[Parallel(n_jobs=-1)]: Using backend ThreadingBackend with 16 concurrent workers.
[Parallel(n_jobs=-1)]: Done  18 tasks      | elapsed:    6.3s
[Parallel(n_jobs=-1)]: Done 168 tasks      | elapsed:   36.4s
[Parallel(n_jobs=-1)]: Done 200 out of 200 | elapsed:   41.8s finished
2026-09-26 05:24:51,789 | INFO |   fold 1: AUC=0.9271 | 10.2 min | decorrido 201 min
2026-09-26 05:24:51,823 | INFO |   [fold 2/5] treino=1,322,584 teste=330,648 | trials=16
2026-09-26 05:24:51,926 | INFO | [tune] rf | n_trials=16 | timeout=3.0 min
2026-09-26 05:24:51,967 | INFO | [group_sample] 41,330/165,323 partidas (25%) -> 330,640 linhas
2026-09-26 05:24:52,013 | INFO | [dense] (330640, 817) -> denso float32 (1.1 GB)
2026-09-26 05:26:28,980 | INFO | [obj] trial 0: loss=0.34853 | 96.7s
2026-09-26 05:26:45,312 | INFO | [obj] trial 1: loss=0.41950 | 16.3s
2026-09-26 05:27:00,227 | INFO | [obj] trial 2: loss=0.43174 | 14.9s
2026-09-26 05:28:36,928 | INFO | [obj] trial 5: loss=0.35222 | 87.0s
2026-09-26 05:28:36,956 | INFO |     tuning rf: 6 trials (2 podados), loss=0.34853 | 3.8 min | best={'max_depth': 23, 'min_samples_leaf': 2, 'max_features': 0.3}
2026-09-26 05:28:37,117 | INFO | [dense] (1322584, 817) -> denso float32 (4.3 GB)
[Parallel(n_jobs=-1)]: Using backend ThreadingBackend with 16 concurrent workers.
[Parallel(n_jobs=-1)]: Done  18 tasks      | elapsed:    5.9s
[Parallel(n_jobs=-1)]: Done 168 tasks      | elapsed:   36.0s
[Parallel(n_jobs=-1)]: Done 200 out of 200 | elapsed:   42.0s finished
2026-09-26 05:29:22,931 | INFO |   fold 2: AUC=0.9261 | 4.5 min | decorrido 206 min
2026-09-26 05:29:22,965 | INFO |   [fold 3/5] treino=1,322,584 teste=330,648 | trials=16
2026-09-26 05:29:23,068 | INFO | [tune] rf | n_trials=16 | timeout=3.0 min
2026-09-26 05:29:23,108 | INFO | [group_sample] 41,330/165,323 partidas (25%) -> 330,640 linhas
2026-09-26 05:29:23,153 | INFO | [dense] (330640, 817) -> denso float32 (1.1 GB)
2026-09-26 05:30:59,917 | INFO | [obj] trial 0: loss=0.34927 | 96.5s
2026-09-26 05:31:16,325 | INFO | [obj] trial 1: loss=0.42057 | 16.4s
2026-09-26 05:31:31,158 | INFO | [obj] trial 2: loss=0.43242 | 14.8s
2026-09-26 05:33:08,012 | INFO | [obj] trial 5: loss=0.35262 | 87.3s
2026-09-26 05:33:08,045 | INFO |     tuning rf: 6 trials (2 podados), loss=0.34927 | 3.7 min | best={'max_depth': 23, 'min_samples_leaf': 2, 'max_features': 0.3}
2026-09-26 05:33:08,208 | INFO | [dense] (1322584, 817) -> denso float32 (4.3 GB)
[Parallel(n_jobs=-1)]: Using backend ThreadingBackend with 16 concurrent workers.
[Parallel(n_jobs=-1)]: Done  18 tasks      | elapsed:    6.4s
[Parallel(n_jobs=-1)]: Done 168 tasks      | elapsed:   36.7s
[Parallel(n_jobs=-1)]: Done 200 out of 200 | elapsed:   42.6s finished
2026-09-26 05:33:54,580 | INFO |   fold 3: AUC=0.9258 | 4.5 min | decorrido 210 min
2026-09-26 05:33:54,614 | INFO |   [fold 4/5] treino=1,322,584 teste=330,648 | trials=16
2026-09-26 05:33:54,717 | INFO | [tune] rf | n_trials=16 | timeout=3.0 min
2026-09-26 05:33:54,758 | INFO | [group_sample] 41,330/165,323 partidas (25%) -> 330,640 linhas
2026-09-26 05:33:54,803 | INFO | [dense] (330640, 817) -> denso float32 (1.1 GB)
2026-09-26 05:35:31,476 | INFO | [obj] trial 0: loss=0.34958 | 96.4s
2026-09-26 05:35:47,784 | INFO | [obj] trial 1: loss=0.42059 | 16.3s
2026-09-26 05:36:02,603 | INFO | [obj] trial 2: loss=0.43271 | 14.8s
2026-09-26 05:37:38,854 | INFO | [obj] trial 5: loss=0.35317 | 86.7s
2026-09-26 05:37:38,886 | INFO |     tuning rf: 6 trials (2 podados), loss=0.34958 | 3.7 min | best={'max_depth': 23, 'min_samples_leaf': 2, 'max_features': 0.3}
2026-09-26 05:37:39,079 | INFO | [dense] (1322584, 817) -> denso float32 (4.3 GB)
[Parallel(n_jobs=-1)]: Using backend ThreadingBackend with 16 concurrent workers.
[Parallel(n_jobs=-1)]: Done  18 tasks      | elapsed:    6.3s
[Parallel(n_jobs=-1)]: Done 168 tasks      | elapsed:   36.5s
[Parallel(n_jobs=-1)]: Done 200 out of 200 | elapsed:   41.9s finished
2026-09-26 05:38:24,810 | INFO |   fold 4: AUC=0.9261 | 4.5 min | decorrido 215 min
2026-09-26 05:38:24,844 | INFO |   [fold 5/5] treino=1,322,592 teste=330,640 | trials=16
2026-09-26 05:38:24,947 | INFO | [tune] rf | n_trials=16 | timeout=3.0 min
2026-09-26 05:38:24,988 | INFO | [group_sample] 41,331/165,324 partidas (25%) -> 330,648 linhas
2026-09-26 05:38:25,033 | INFO | [dense] (330648, 817) -> denso float32 (1.1 GB)
2026-09-26 05:40:01,353 | INFO | [obj] trial 0: loss=0.35065 | 96.1s
2026-09-26 05:40:17,630 | INFO | [obj] trial 1: loss=0.42211 | 16.2s
2026-09-26 05:40:32,548 | INFO | [obj] trial 2: loss=0.43403 | 14.9s
2026-09-26 05:42:08,414 | INFO | [obj] trial 5: loss=0.35427 | 86.3s
2026-09-26 05:42:08,441 | INFO |     tuning rf: 6 trials (2 podados), loss=0.35065 | 3.7 min | best={'max_depth': 23, 'min_samples_leaf': 2, 'max_features': 0.3}
2026-09-26 05:42:08,615 | INFO | [dense] (1322592, 817) -> denso float32 (4.3 GB)
[Parallel(n_jobs=-1)]: Using backend ThreadingBackend with 16 concurrent workers.
[Parallel(n_jobs=-1)]: Done  18 tasks      | elapsed:    6.2s
[Parallel(n_jobs=-1)]: Done 168 tasks      | elapsed:   36.4s
[Parallel(n_jobs=-1)]: Done 200 out of 200 | elapsed:   42.0s finished
2026-09-26 05:42:54,340 | INFO |   fold 5: AUC=0.9271 | 4.5 min | decorrido 219 min
2026-09-26 05:42:54,686 | INFO | [run_nested] rf: 28.3 min | AUC OOF=0.9264
2026-09-26 05:42:54,686 | INFO | [dense] (1653232, 817) -> denso float32 (5.4 GB)
[Parallel(n_jobs=-1)]: Using backend ThreadingBackend with 16 concurrent workers.
[Parallel(n_jobs=-1)]: Done  18 tasks      | elapsed:    6.7s
[Parallel(n_jobs=-1)]: Done 168 tasks      | elapsed:   38.3s
[Parallel(n_jobs=-1)]: Done 200 out of 200 | elapsed:   44.3s finished
2026-09-26 05:43:41,373 | INFO | [main] salvo results\models\final_rf_B.joblib (18.8 MB)
2026-09-26 05:43:41,401 | INFO | == lgbm | B | 817 feats | tuning 31.7 min | decorrido 220 min
2026-09-26 05:43:41,774 | INFO |   [fold 1/5] treino=1,322,584 teste=330,648 | trials=16
2026-09-26 05:43:41,879 | INFO | [tune] lgbm | n_trials=16 | timeout=12.7 min
2026-09-26 05:43:41,921 | INFO | [group_sample] 41,330/165,323 partidas (25%) -> 330,640 linhas
2026-09-26 05:44:29,935 | INFO | [obj] trial 0: loss=0.30987 | 48.0s | árvores=1525
2026-09-26 05:44:52,427 | INFO | [obj] trial 1: loss=0.31110 | 22.5s | árvores=497
2026-09-26 05:45:40,597 | INFO | [obj] trial 2: loss=0.30987 | 48.1s | árvores=1525
2026-09-26 05:52:38,268 | INFO |     tuning lgbm: 16 trials (13 podados), loss=0.30987 | 8.9 min | best={'learning_rate': 0.033494758473134406, 'num_leaves': 95, 'min_child_samples': 101, 'subsample': 0.8832290311184181, 'colsample_bytree': 0.21646759543664196, 'reg_lambda': 7.579479953348009, 'n_estimators': 10000}
2026-09-26 06:00:24,951 | INFO | [fit] lgbm early stopping: 4234 árvores | ganho logloss últimas 1000: 0.00015
2026-09-26 06:00:50,352 | INFO |   [fold 1] modelo salvo fold_lgbm_B_0.joblib (17.8 MB)
2026-09-26 06:00:50,414 | INFO |   fold 1: AUC=0.9423 | 17.1 min | decorrido 237 min
2026-09-26 06:00:50,461 | INFO |   [fold 2/5] treino=1,322,584 teste=330,648 | trials=16
2026-09-26 06:00:50,568 | INFO | [tune] lgbm | n_trials=16 | timeout=4.8 min
2026-09-26 06:00:50,611 | INFO | [group_sample] 41,330/165,323 partidas (25%) -> 330,640 linhas
2026-09-26 06:01:30,536 | INFO | [obj] trial 0: loss=0.31370 | 39.9s | árvores=1203
2026-09-26 06:01:52,532 | INFO | [obj] trial 1: loss=0.31461 | 22.0s | árvores=480
2026-09-26 06:02:32,389 | INFO | [obj] trial 2: loss=0.31370 | 39.8s | árvores=1203
2026-09-26 06:05:11,546 | INFO | [obj] trial 7: loss=0.31358 | 86.0s | árvores=3373
2026-09-26 06:07:11,173 | INFO |     tuning lgbm: 9 trials (5 podados), loss=0.31358 | 6.3 min | best={'learning_rate': 0.05557438240201885, 'num_leaves': 19, 'min_child_samples': 49, 'subsample': 0.9810365378226896, 'colsample_bytree': 0.3349352364157237, 'reg_lambda': 7.410708352019416, 'n_estimators': 10000}
2026-09-26 06:22:07,781 | INFO | [fit] lgbm early stopping: 8480 árvores | ganho logloss últimas 1000: 0.00014
2026-09-26 06:22:27,949 | INFO |   [fold 2] modelo salvo fold_lgbm_B_1.joblib (7.2 MB)
2026-09-26 06:22:28,010 | INFO |   fold 2: AUC=0.9415 | 21.6 min | decorrido 259 min
2026-09-26 06:22:28,054 | INFO |   [fold 3/5] treino=1,322,584 teste=330,648 | trials=16
2026-09-26 06:22:28,160 | INFO | [tune] lgbm | n_trials=16 | timeout=4.8 min
2026-09-26 06:22:28,202 | INFO | [group_sample] 41,330/165,323 partidas (25%) -> 330,640 linhas
2026-09-26 06:23:37,685 | INFO | [obj] trial 0: loss=0.31561 | 69.4s | árvores=2752
2026-09-26 06:23:57,124 | INFO | [obj] trial 1: loss=0.31693 | 19.4s | árvores=405
2026-09-26 06:24:36,142 | INFO | [obj] trial 2: loss=0.31525 | 39.0s | árvores=1212
2026-09-26 06:25:58,657 | INFO | [obj] trial 5: loss=0.31557 | 35.4s | árvores=1238
2026-09-26 06:27:49,436 | INFO | [obj] trial 11: loss=0.31556 | 42.1s | árvores=1332
2026-09-26 06:27:49,476 | INFO |     tuning lgbm: 12 trials (7 podados), loss=0.31525 | 5.4 min | best={'learning_rate': 0.033494758473134406, 'num_leaves': 95, 'min_child_samples': 101, 'subsample': 0.8832290311184181, 'colsample_bytree': 0.21646759543664196, 'reg_lambda': 7.579479953348009, 'n_estimators': 10000}
2026-09-26 06:35:29,254 | INFO | [fit] lgbm early stopping: 4164 árvores | ganho logloss últimas 1000: 0.00015
2026-09-26 06:35:54,036 | INFO |   [fold 3] modelo salvo fold_lgbm_B_2.joblib (17.5 MB)
2026-09-26 06:35:54,101 | INFO |   fold 3: AUC=0.9414 | 13.4 min | decorrido 272 min
2026-09-26 06:35:54,147 | INFO |   [fold 4/5] treino=1,322,584 teste=330,648 | trials=16
2026-09-26 06:35:54,252 | INFO | [tune] lgbm | n_trials=16 | timeout=4.8 min
2026-09-26 06:35:54,296 | INFO | [group_sample] 41,330/165,323 partidas (25%) -> 330,640 linhas
2026-09-26 06:36:34,526 | INFO | [obj] trial 0: loss=0.31464 | 40.2s | árvores=1214
2026-09-26 06:36:53,858 | INFO | [obj] trial 1: loss=0.31616 | 19.3s | árvores=390
2026-09-26 06:37:34,003 | INFO | [obj] trial 2: loss=0.31464 | 40.1s | árvores=1214
2026-09-26 06:41:08,061 | INFO |     tuning lgbm: 10 trials (7 podados), loss=0.31464 | 5.2 min | best={'learning_rate': 0.033494758473134406, 'num_leaves': 95, 'min_child_samples': 101, 'subsample': 0.8832290311184181, 'colsample_bytree': 0.21646759543664196, 'reg_lambda': 7.579479953348009, 'n_estimators': 10000}
2026-09-26 06:47:34,585 | INFO | [fit] lgbm early stopping: 3619 árvores | ganho logloss últimas 1000: 0.00030
2026-09-26 06:47:55,159 | INFO |   [fold 4] modelo salvo fold_lgbm_B_3.joblib (15.2 MB)
2026-09-26 06:47:55,221 | INFO |   fold 4: AUC=0.9413 | 12.0 min | decorrido 284 min
2026-09-26 06:47:55,264 | INFO |   [fold 5/5] treino=1,322,592 teste=330,640 | trials=16
2026-09-26 06:47:55,372 | INFO | [tune] lgbm | n_trials=16 | timeout=4.8 min
2026-09-26 06:47:55,415 | INFO | [group_sample] 41,331/165,324 partidas (25%) -> 330,648 linhas
2026-09-26 06:48:36,750 | INFO | [obj] trial 0: loss=0.31527 | 41.3s | árvores=1271
2026-09-26 06:48:58,038 | INFO | [obj] trial 1: loss=0.31609 | 21.2s | árvores=463
2026-09-26 06:49:39,416 | INFO | [obj] trial 2: loss=0.31527 | 41.3s | árvores=1271
2026-09-26 06:52:47,492 | INFO |     tuning lgbm: 9 trials (6 podados), loss=0.31527 | 4.9 min | best={'learning_rate': 0.033494758473134406, 'num_leaves': 95, 'min_child_samples': 101, 'subsample': 0.8832290311184181, 'colsample_bytree': 0.21646759543664196, 'reg_lambda': 7.579479953348009, 'n_estimators': 10000}
2026-09-26 06:59:09,738 | INFO | [fit] lgbm early stopping: 3543 árvores | ganho logloss últimas 1000: 0.00030
2026-09-26 06:59:29,077 | INFO |   [fold 5] modelo salvo fold_lgbm_B_4.joblib (14.9 MB)
2026-09-26 06:59:29,138 | INFO |   fold 5: AUC=0.9425 | 11.6 min | decorrido 296 min
2026-09-26 06:59:29,503 | INFO | [run_nested] lgbm: 75.8 min | AUC OOF=0.9418
2026-09-26 07:08:25,090 | INFO | [fit] lgbm early stopping: 3877 árvores | ganho logloss últimas 1000: 0.00022
2026-09-26 07:08:26,000 | INFO | [main] salvo results\models\final_lgbm_B.joblib (16.3 MB)
2026-09-26 07:08:59,795 | INFO | [bootstrap] 100/2000 | 34s
2026-09-26 07:09:32,262 | INFO | [bootstrap] 200/2000 | 66s
2026-09-26 07:10:04,690 | INFO | [bootstrap] 300/2000 | 99s
2026-09-26 07:10:37,082 | INFO | [bootstrap] 400/2000 | 131s
2026-09-26 07:11:09,509 | INFO | [bootstrap] 500/2000 | 163s
2026-09-26 07:11:41,939 | INFO | [bootstrap] 600/2000 | 196s
2026-09-26 07:12:14,407 | INFO | [bootstrap] 700/2000 | 228s
2026-09-26 07:12:46,853 | INFO | [bootstrap] 800/2000 | 261s
2026-09-26 07:13:19,261 | INFO | [bootstrap] 900/2000 | 293s
2026-09-26 07:13:51,693 | INFO | [bootstrap] 1000/2000 | 326s
2026-09-26 07:14:24,128 | INFO | [bootstrap] 1100/2000 | 358s
2026-09-26 07:14:56,541 | INFO | [bootstrap] 1200/2000 | 391s
2026-09-26 07:15:28,923 | INFO | [bootstrap] 1300/2000 | 423s
2026-09-26 07:16:01,362 | INFO | [bootstrap] 1400/2000 | 455s
2026-09-26 07:16:33,806 | INFO | [bootstrap] 1500/2000 | 488s
2026-09-26 07:17:06,219 | INFO | [bootstrap] 1600/2000 | 520s
2026-09-26 07:17:38,624 | INFO | [bootstrap] 1700/2000 | 553s
2026-09-26 07:18:11,081 | INFO | [bootstrap] 1800/2000 | 585s
2026-09-26 07:18:43,474 | INFO | [bootstrap] 1900/2000 | 617s
2026-09-26 07:19:15,928 | INFO | [bootstrap] 2000/2000 | 650s
2026-09-26 07:19:16,641 | INFO | [metrics] n=1,653,232 | auc=0.7408 logloss=0.5789 brier=0.1983 f1=0.7262 match_top4_acc=0.6871
2026-09-26 07:19:17,707 | INFO | [metrics] n=1,653,232 | auc=0.9218 logloss=0.3603 brier=0.1115 f1=0.8432 match_top4_acc=0.8688
2026-09-26 07:19:18,772 | INFO | [metrics] n=1,653,232 | auc=0.9237 logloss=0.3539 brier=0.1106 f1=0.8452 match_top4_acc=0.8700
2026-09-26 07:19:19,836 | INFO | [metrics] n=1,653,232 | auc=0.9410 logloss=0.3097 brier=0.0969 f1=0.8641 match_top4_acc=0.8939
2026-09-26 07:19:20,900 | INFO | [metrics] n=1,653,232 | auc=0.9288 logloss=0.3398 brier=0.1063 f1=0.8504 match_top4_acc=0.8777
2026-09-26 07:19:21,961 | INFO | [metrics] n=1,653,232 | auc=0.9264 logloss=0.3477 brier=0.1085 f1=0.8484 match_top4_acc=0.8736
2026-09-26 07:19:23,031 | INFO | [metrics] n=1,653,232 | auc=0.9418 logloss=0.3076 brier=0.0961 f1=0.8652 match_top4_acc=0.8950
2026-09-26 07:19:23,039 | INFO | 
         model    auc  logloss  brier     f1  match_top4_acc  auc_lo  auc_hi  logloss_lo  logloss_hi  brier_lo  brier_hi
        lgbm_B 0.9418   0.3076 0.0961 0.8652          0.8950  0.9415  0.9421      0.3069      0.3083    0.0959    0.0964
        lgbm_A 0.9410   0.3097 0.0969 0.8641          0.8939  0.9407  0.9412      0.3090      0.3105    0.0966    0.0971
      logreg_B 0.9288   0.3398 0.1063 0.8504          0.8777  0.9285  0.9292      0.3391      0.3406    0.1061    0.1066
          rf_B 0.9264   0.3477 0.1085 0.8484          0.8736  0.9261  0.9268      0.3470      0.3484    0.1082    0.1087
          rf_A 0.9237   0.3539 0.1106 0.8452          0.8700  0.9233  0.9240      0.3532      0.3546    0.1104    0.1109
      logreg_A 0.9218   0.3603 0.1115 0.8432          0.8688  0.9214  0.9221      0.3595      0.3613    0.1113    0.1118
baseline_level 0.7408   0.5789 0.1983 0.7262          0.6871  0.7400  0.7415      0.5782      0.5795    0.1980    0.1986
2026-09-26 07:19:25,790 | INFO | [delong] baseline_level vs logreg_A: z=-475.91 | p=0.00e+00
2026-09-26 07:19:25,810 | INFO | [delong] baseline_level vs rf_A: z=-493.74 | p=0.00e+00
2026-09-26 07:19:25,827 | INFO | [delong] baseline_level vs lgbm_A: z=-549.82 | p=0.00e+00
2026-09-26 07:19:25,844 | INFO | [delong] baseline_level vs logreg_B: z=-524.10 | p=0.00e+00
2026-09-26 07:19:25,860 | INFO | [delong] baseline_level vs rf_B: z=-517.71 | p=0.00e+00
2026-09-26 07:19:25,877 | INFO | [delong] baseline_level vs lgbm_B: z=-555.97 | p=0.00e+00
2026-09-26 07:19:25,897 | INFO | [delong] logreg_A vs rf_A: z=-15.55 | p=1.52e-54
2026-09-26 07:19:25,914 | INFO | [delong] logreg_A vs lgbm_A: z=-174.05 | p=0.00e+00
2026-09-26 07:19:25,930 | INFO | [delong] logreg_A vs logreg_B: z=-93.22 | p=0.00e+00
2026-09-26 07:19:25,947 | INFO | [delong] logreg_A vs rf_B: z=-37.59 | p=3.03e-309
2026-09-26 07:19:25,964 | INFO | [delong] logreg_A vs lgbm_B: z=-177.08 | p=0.00e+00
2026-09-26 07:19:25,984 | INFO | [delong] rf_A vs lgbm_A: z=-184.93 | p=0.00e+00
2026-09-26 07:19:26,001 | INFO | [delong] rf_A vs logreg_B: z=-46.15 | p=0.00e+00
2026-09-26 07:19:26,018 | INFO | [delong] rf_A vs rf_B: z=-66.42 | p=0.00e+00
2026-09-26 07:19:26,035 | INFO | [delong] rf_A vs lgbm_B: z=-188.48 | p=0.00e+00
2026-09-26 07:19:26,052 | INFO | [delong] lgbm_A vs logreg_B: z=133.44 | p=0.00e+00
2026-09-26 07:19:26,071 | INFO | [delong] lgbm_A vs rf_B: z=163.33 | p=0.00e+00
2026-09-26 07:19:26,088 | INFO | [delong] lgbm_A vs lgbm_B: z=-30.90 | p=1.12e-209
2026-09-26 07:19:26,105 | INFO | [delong] logreg_B vs rf_B: z=23.38 | p=6.41e-121
2026-09-26 07:19:26,121 | INFO | [delong] logreg_B vs lgbm_B: z=-147.64 | p=0.00e+00
2026-09-26 07:19:26,138 | INFO | [delong] rf_B vs lgbm_B: z=-174.73 | p=0.00e+00
2026-09-26 07:19:26,144 | INFO | [main] Holm aplicado: 42 comparações (42 significativas a 5%)
2026-09-26 07:19:26,338 | INFO | [main] temporal: teste=patch 16.5 (201,624) | treino=1,451,608
2026-09-26 07:20:16,155 | INFO | [fit] logreg: 811/811 coef. não nulos | n_iter=12
2026-09-26 07:20:16,371 | INFO | [metrics] n=201,624 | auc=0.9128 logloss=0.3904 brier=0.1210 f1=0.8385 match_top4_acc=0.8568
2026-09-26 07:20:16,401 | INFO | [dense] (1451608, 811) -> denso float32 (4.7 GB)
[Parallel(n_jobs=-1)]: Using backend ThreadingBackend with 16 concurrent workers.
[Parallel(n_jobs=-1)]: Done  18 tasks      | elapsed:    6.5s
[Parallel(n_jobs=-1)]: Done 168 tasks      | elapsed:   36.4s
[Parallel(n_jobs=-1)]: Done 200 out of 200 | elapsed:   42.3s finished
2026-09-26 07:21:01,812 | INFO | [metrics] n=201,624 | auc=0.9225 logloss=0.3595 brier=0.1119 f1=0.8472 match_top4_acc=0.8690
2026-09-26 07:28:51,993 | INFO | [fit] lgbm early stopping: 3919 árvores | ganho logloss últimas 1000: 0.00019
2026-09-26 07:29:05,573 | INFO | [metrics] n=201,624 | auc=0.9386 logloss=0.3204 brier=0.1002 f1=0.8635 match_top4_acc=0.8911
2026-09-26 07:29:58,670 | INFO | [fit] logreg: 811/812 coef. não nulos | n_iter=13
2026-09-26 07:29:58,891 | INFO | [metrics] n=201,624 | auc=0.9244 logloss=0.3591 brier=0.1127 f1=0.8490 match_top4_acc=0.8711
2026-09-26 07:29:58,920 | INFO | [dense] (1451608, 812) -> denso float32 (4.7 GB)
[Parallel(n_jobs=-1)]: Using backend ThreadingBackend with 16 concurrent workers.
[Parallel(n_jobs=-1)]: Done  18 tasks      | elapsed:    6.3s
[Parallel(n_jobs=-1)]: Done 168 tasks      | elapsed:   37.1s
[Parallel(n_jobs=-1)]: Done 200 out of 200 | elapsed:   42.4s finished
2026-09-26 07:30:44,302 | INFO | [metrics] n=201,624 | auc=0.9254 logloss=0.3538 brier=0.1098 f1=0.8507 match_top4_acc=0.8729
2026-09-26 07:39:07,686 | INFO | [fit] lgbm early stopping: 4227 árvores | ganho logloss últimas 1000: 0.00011
2026-09-26 07:39:22,610 | INFO | [metrics] n=201,624 | auc=0.9400 logloss=0.3160 brier=0.0987 f1=0.8657 match_top4_acc=0.8932
2026-09-26 07:39:23,396 | INFO | [main] saídas em D:\Estudos\TCC\tft_tcc_uspesalq_v2\results | Total: 336 min
------------------------------------------------------------------------------------------
[4/13] train_main: OK | duração 5:35:35 | log: logs\20260926_015604\04_train_main.log
==========================================================================================
[5/13] train_lvl8 | 2026-09-26 07:39:23
$ 03_train.py --min-level 8 --drop-agg n_units,board_value,n_items,n_components --out results_lvl8
------------------------------------------------------------------------------------------
2026-09-26 07:39:25,232 | INFO | [main] args: {'inp': 'data/processed', 'out': 'results_lvl8', 'models': 'logreg,rf,lgbm', 'trials': 20, 'outer': 3, 'inner': 3, 'tune_frac': 0.25, 'n_boot': 500, 'budget_min': 240, 'min_level': 8, 'drop_agg': 'n_units,board_value,n_items,n_components', 'drop_blocks': '', 'log_level': 'INFO'}
2026-09-26 07:39:25,232 | INFO | [load] lendo data\processed\features.parquet
2026-09-26 07:39:25,240 | INFO | [load] removidas 4 features (blocos=[], features=['board_value', 'n_components', 'n_items', 'n_units'])
2026-09-26 07:39:25,241 | INFO | [load] 808 features | 807 no cenário A
2026-09-26 07:39:25,608 | INFO | [load] meta: 1,653,232 linhas | 206,654 partidas | top4=0.500 | patches=['16.1', '16.2', '16.3', '16.4', '16.5']
2026-09-26 07:39:27,507 | INFO | [load] bloco 1/9: nnz=40,724,306 | 332 MB | 1.9s
2026-09-26 07:39:28,998 | INFO | [load] bloco 2/9: nnz=19,641,603 | 164 MB | 1.5s
2026-09-26 07:39:30,009 | INFO | [load] bloco 3/9: nnz=5,617,774 | 52 MB | 1.0s
2026-09-26 07:39:30,888 | INFO | [load] bloco 4/9: nnz=2,738,710 | 29 MB | 0.9s
2026-09-26 07:39:31,793 | INFO | [load] bloco 5/9: nnz=3,733,182 | 36 MB | 0.9s
2026-09-26 07:39:32,635 | INFO | [load] bloco 6/9: nnz=2,020,819 | 23 MB | 0.8s
2026-09-26 07:39:33,504 | INFO | [load] bloco 7/9: nnz=2,390,877 | 26 MB | 0.9s
2026-09-26 07:39:34,359 | INFO | [load] bloco 8/9: nnz=2,397,732 | 26 MB | 0.9s
2026-09-26 07:39:34,479 | INFO | [load] bloco 9/9: nnz=715,098 | 12 MB | 0.1s
2026-09-26 07:39:35,585 | INFO | [load] XA: (1653232, 812), densidade=0.0608, 660 MB | XB: (1653232, 813) | tempo 10.4s
2026-09-26 07:39:35,958 | INFO | [main] level >= 8: 1,551,450 linhas | 206,653 partidas | top4=0.526
2026-09-26 07:39:38,126 | INFO | [main] baseline AUC OOF=0.7177
2026-09-26 07:39:38,126 | INFO | == logreg | A | 812 feats | tuning 4.3 min | decorrido 0 min
2026-09-26 07:39:38,520 | INFO |   [fold 1/3] treino=1,034,300 teste=517,150 | trials=20
2026-09-26 07:39:38,599 | INFO | [tune] logreg | n_trials=20 | timeout=1.7 min
2026-09-26 07:39:38,632 | INFO | [group_sample] 34,442/137,769 partidas (25%) -> 258,566 linhas
2026-09-26 07:40:36,843 | INFO | [obj] trial 0: loss=0.38760 | 58.1s
2026-09-26 07:42:30,231 | INFO | [obj] trial 1: loss=0.37626 | 113.4s
2026-09-26 07:42:30,256 | INFO |     tuning logreg: 2 trials (0 podados), loss=0.37626 | 2.9 min | best={'C': 6.351221010640703}
2026-09-26 07:43:49,932 | INFO | [fit] logreg: 811/812 coef. não nulos | n_iter=28
2026-09-26 07:43:50,327 | INFO |   fold 1: AUC=0.9148 | 4.2 min | decorrido 4 min
2026-09-26 07:43:50,360 | INFO |   [fold 2/3] treino=1,034,300 teste=517,150 | trials=6
2026-09-26 07:43:50,438 | INFO | [tune] logreg | n_trials=6 | timeout=1.3 min
2026-09-26 07:43:50,476 | INFO | [group_sample] 34,442/137,769 partidas (25%) -> 258,514 linhas
2026-09-26 07:45:55,041 | INFO | [obj] trial 0: loss=0.37523 | 124.5s
2026-09-26 07:45:55,067 | INFO |     tuning logreg: 1 trials (0 podados), loss=0.37523 | 2.1 min | best={'C': 6.351221010640703}
2026-09-26 07:47:14,874 | INFO | [fit] logreg: 811/812 coef. não nulos | n_iter=28
2026-09-26 07:47:15,265 | INFO |   fold 2: AUC=0.9140 | 3.4 min | decorrido 8 min
2026-09-26 07:47:15,297 | INFO |   [fold 3/3] treino=1,034,300 teste=517,150 | trials=6
2026-09-26 07:47:15,376 | INFO | [tune] logreg | n_trials=6 | timeout=1.3 min
2026-09-26 07:47:15,409 | INFO | [group_sample] 34,442/137,768 partidas (25%) -> 258,342 linhas
2026-09-26 07:49:19,243 | INFO | [obj] trial 0: loss=0.37726 | 123.7s
2026-09-26 07:49:19,268 | INFO |     tuning logreg: 1 trials (0 podados), loss=0.37726 | 2.1 min | best={'C': 6.351221010640703}
2026-09-26 07:50:30,581 | INFO | [fit] logreg: 808/812 coef. não nulos | n_iter=26
2026-09-26 07:50:30,968 | INFO |   fold 3: AUC=0.9143 | 3.3 min | decorrido 11 min
2026-09-26 07:50:31,307 | INFO | [run_nested] logreg: 10.9 min | AUC OOF=0.9144
2026-09-26 07:52:05,214 | INFO | [fit] logreg: 812/812 coef. não nulos | n_iter=22
2026-09-26 07:52:05,217 | INFO | [main] salvo results_lvl8\models\final_logreg_A.joblib (0.0 MB)
2026-09-26 07:52:05,244 | INFO | == rf | A | 812 feats | tuning 15.1 min | decorrido 13 min
2026-09-26 07:52:05,628 | INFO |   [fold 1/3] treino=1,034,300 teste=517,150 | trials=20
2026-09-26 07:52:05,706 | INFO | [tune] rf | n_trials=20 | timeout=6.0 min
2026-09-26 07:52:05,740 | INFO | [group_sample] 34,442/137,769 partidas (25%) -> 258,569 linhas
2026-09-26 07:52:05,774 | INFO | [dense] (258569, 812) -> denso float32 (0.8 GB)
2026-09-26 07:52:21,097 | INFO | [obj] trial 0: loss=0.45393 | 15.1s
2026-09-26 07:52:34,745 | INFO | [obj] trial 1: loss=0.46985 | 13.6s
2026-09-26 07:52:46,596 | INFO | [obj] trial 2: loss=0.49576 | 11.8s
2026-09-26 07:53:00,885 | INFO | [obj] trial 3: loss=0.45990 | 14.3s
2026-09-26 07:55:13,420 | INFO | [obj] trial 4: loss=0.37263 | 132.5s
2026-09-26 07:57:20,761 | INFO | [obj] trial 5: loss=0.37437 | 127.3s
2026-09-26 07:58:44,702 | INFO | [obj] trial 6: loss=0.37242 | 83.9s
2026-09-26 07:58:44,737 | INFO |     tuning rf: 7 trials (0 podados), loss=0.37242 | 6.7 min | best={'max_depth': 21, 'min_samples_leaf': 2, 'max_features': 0.3}
2026-09-26 07:58:44,877 | INFO | [dense] (1034300, 812) -> denso float32 (3.4 GB)
[Parallel(n_jobs=-1)]: Using backend ThreadingBackend with 16 concurrent workers.
[Parallel(n_jobs=-1)]: Done  18 tasks      | elapsed:    5.5s
[Parallel(n_jobs=-1)]: Done 168 tasks      | elapsed:   31.7s
[Parallel(n_jobs=-1)]: Done 200 out of 200 | elapsed:   36.8s finished
2026-09-26 07:59:26,186 | INFO |   fold 1: AUC=0.9174 | 7.3 min | decorrido 20 min
2026-09-26 07:59:26,224 | INFO |   [fold 2/3] treino=1,034,300 teste=517,150 | trials=6
2026-09-26 07:59:26,320 | INFO | [tune] rf | n_trials=6 | timeout=4.5 min
2026-09-26 07:59:26,353 | INFO | [group_sample] 34,442/137,769 partidas (25%) -> 258,735 linhas
2026-09-26 07:59:26,385 | INFO | [dense] (258735, 812) -> denso float32 (0.8 GB)
2026-09-26 08:00:50,925 | INFO | [obj] trial 0: loss=0.37023 | 84.4s
2026-09-26 08:01:06,045 | INFO | [obj] trial 1: loss=0.45117 | 15.1s
2026-09-26 08:01:19,599 | INFO | [obj] trial 2: loss=0.46622 | 13.5s
2026-09-26 08:02:46,340 | INFO | [obj] trial 5: loss=0.37464 | 78.0s
2026-09-26 08:02:46,379 | INFO |     tuning rf: 6 trials (2 podados), loss=0.37023 | 3.3 min | best={'max_depth': 21, 'min_samples_leaf': 2, 'max_features': 0.3}
2026-09-26 08:02:46,528 | INFO | [dense] (1034300, 812) -> denso float32 (3.4 GB)
[Parallel(n_jobs=-1)]: Using backend ThreadingBackend with 16 concurrent workers.
[Parallel(n_jobs=-1)]: Done  18 tasks      | elapsed:    5.5s
[Parallel(n_jobs=-1)]: Done 168 tasks      | elapsed:   31.7s
[Parallel(n_jobs=-1)]: Done 200 out of 200 | elapsed:   36.8s finished
2026-09-26 08:03:27,840 | INFO |   fold 2: AUC=0.9164 | 4.0 min | decorrido 24 min
2026-09-26 08:03:27,883 | INFO |   [fold 3/3] treino=1,034,300 teste=517,150 | trials=6
2026-09-26 08:03:27,968 | INFO | [tune] rf | n_trials=6 | timeout=4.5 min
2026-09-26 08:03:28,005 | INFO | [group_sample] 34,442/137,768 partidas (25%) -> 258,602 linhas
2026-09-26 08:03:28,037 | INFO | [dense] (258602, 812) -> denso float32 (0.8 GB)
2026-09-26 08:04:52,787 | INFO | [obj] trial 0: loss=0.37207 | 84.6s
2026-09-26 08:05:07,926 | INFO | [obj] trial 1: loss=0.45271 | 15.1s
2026-09-26 08:05:21,495 | INFO | [obj] trial 2: loss=0.46849 | 13.5s
2026-09-26 08:06:47,858 | INFO | [obj] trial 5: loss=0.37674 | 77.6s
2026-09-26 08:06:47,886 | INFO |     tuning rf: 6 trials (2 podados), loss=0.37207 | 3.3 min | best={'max_depth': 21, 'min_samples_leaf': 2, 'max_features': 0.3}
2026-09-26 08:06:48,018 | INFO | [dense] (1034300, 812) -> denso float32 (3.4 GB)
[Parallel(n_jobs=-1)]: Using backend ThreadingBackend with 16 concurrent workers.
[Parallel(n_jobs=-1)]: Done  18 tasks      | elapsed:    5.5s
[Parallel(n_jobs=-1)]: Done 168 tasks      | elapsed:   31.5s
[Parallel(n_jobs=-1)]: Done 200 out of 200 | elapsed:   36.6s finished
2026-09-26 08:07:29,128 | INFO |   fold 3: AUC=0.9169 | 4.0 min | decorrido 28 min
2026-09-26 08:07:29,458 | INFO | [run_nested] rf: 15.4 min | AUC OOF=0.9169
2026-09-26 08:07:29,459 | INFO | [dense] (1551450, 812) -> denso float32 (5.0 GB)
[Parallel(n_jobs=-1)]: Using backend ThreadingBackend with 16 concurrent workers.
[Parallel(n_jobs=-1)]: Done  18 tasks      | elapsed:    6.0s
[Parallel(n_jobs=-1)]: Done 168 tasks      | elapsed:   34.7s
[Parallel(n_jobs=-1)]: Done 200 out of 200 | elapsed:   40.0s finished
2026-09-26 08:08:11,547 | INFO | [main] salvo results_lvl8\models\final_rf_A.joblib (19.5 MB)
2026-09-26 08:08:11,576 | INFO | == lgbm | A | 812 feats | tuning 23.8 min | decorrido 29 min
2026-09-26 08:08:11,958 | INFO |   [fold 1/3] treino=1,034,300 teste=517,150 | trials=20
2026-09-26 08:08:12,036 | INFO | [tune] lgbm | n_trials=20 | timeout=9.5 min
2026-09-26 08:08:12,068 | INFO | [group_sample] 34,442/137,769 partidas (25%) -> 258,612 linhas
2026-09-26 08:08:29,462 | INFO | [obj] trial 0: loss=0.32853 | 17.4s | árvores=466
2026-09-26 08:09:02,987 | INFO | [obj] trial 1: loss=0.32671 | 33.5s | árvores=1264
2026-09-26 08:09:15,756 | INFO | [obj] trial 2: loss=0.33061 | 12.7s | árvores=402
2026-09-26 08:09:42,757 | INFO | [obj] trial 3: loss=0.32770 | 27.0s | árvores=1074
2026-09-26 08:10:22,790 | INFO | [obj] trial 5: loss=0.32802 | 33.0s | árvores=1068
2026-09-26 08:10:54,913 | INFO | [obj] trial 8: loss=0.32793 | 8.1s | árvores=915
2026-09-26 08:11:35,890 | INFO | [obj] trial 9: loss=0.32598 | 41.0s | árvores=2030
2026-09-26 08:12:54,164 | INFO | [obj] trial 10: loss=0.32654 | 78.2s | árvores=4350
2026-09-26 08:13:38,714 | INFO | [obj] trial 11: loss=0.32615 | 44.5s | árvores=2324
2026-09-26 08:14:28,477 | INFO | [obj] trial 12: loss=0.32640 | 49.7s | árvores=2389
2026-09-26 08:15:38,468 | INFO | [obj] trial 14: loss=0.32626 | 44.2s | árvores=1957
2026-09-26 08:17:55,940 | INFO | [obj] trial 16: loss=0.32617 | 84.7s | árvores=4098
2026-09-26 08:17:55,990 | INFO |     tuning lgbm: 17 trials (5 podados), loss=0.32598 | 9.7 min | best={'learning_rate': 0.04464698683174732, 'num_leaves': 24, 'min_child_samples': 107, 'subsample': 0.8143607587870447, 'colsample_bytree': 0.2542562142100967, 'reg_lambda': 0.6324024717435501, 'n_estimators': 10000}
2026-09-26 08:26:14,041 | INFO | [fit] lgbm early stopping: 6429 árvores | ganho logloss últimas 1000: 0.00017
2026-09-26 08:26:42,703 | INFO |   [fold 1] modelo salvo fold_lgbm_A_0.joblib (6.9 MB)
2026-09-26 08:26:42,797 | INFO |   fold 1: AUC=0.9376 | 18.5 min | decorrido 47 min
2026-09-26 08:26:42,836 | INFO |   [fold 2/3] treino=1,034,300 teste=517,150 | trials=6
2026-09-26 08:26:42,914 | INFO | [tune] lgbm | n_trials=6 | timeout=7.1 min
2026-09-26 08:26:42,947 | INFO | [group_sample] 34,442/137,769 partidas (25%) -> 258,697 linhas
2026-09-26 08:27:29,217 | INFO | [obj] trial 0: loss=0.32496 | 46.2s | árvores=2280
2026-09-26 08:27:47,173 | INFO | [obj] trial 1: loss=0.32747 | 17.9s | árvores=475
2026-09-26 08:28:27,297 | INFO | [obj] trial 2: loss=0.32506 | 40.1s | árvores=1584
2026-09-26 08:29:24,218 | INFO |     tuning lgbm: 6 trials (3 podados), loss=0.32496 | 2.7 min | best={'learning_rate': 0.04464698683174732, 'num_leaves': 24, 'min_child_samples': 107, 'subsample': 0.8143607587870447, 'colsample_bytree': 0.2542562142100967, 'reg_lambda': 0.6324024717435501, 'n_estimators': 10000}
2026-09-26 08:35:07,798 | INFO | [fit] lgbm early stopping: 4315 árvores | ganho logloss últimas 1000: 0.00050
2026-09-26 08:35:27,423 | INFO |   [fold 2] modelo salvo fold_lgbm_A_1.joblib (4.6 MB)
2026-09-26 08:35:27,518 | INFO |   fold 2: AUC=0.9365 | 8.7 min | decorrido 56 min
2026-09-26 08:35:27,556 | INFO |   [fold 3/3] treino=1,034,300 teste=517,150 | trials=6
2026-09-26 08:35:27,634 | INFO | [tune] lgbm | n_trials=6 | timeout=7.1 min
2026-09-26 08:35:27,668 | INFO | [group_sample] 34,442/137,768 partidas (25%) -> 258,579 linhas
2026-09-26 08:36:15,074 | INFO | [obj] trial 0: loss=0.32502 | 47.4s | árvores=2393
2026-09-26 08:36:32,220 | INFO | [obj] trial 1: loss=0.32702 | 17.1s | árvores=453
2026-09-26 08:37:08,232 | INFO | [obj] trial 2: loss=0.32541 | 36.0s | árvores=1388
2026-09-26 08:38:01,804 | INFO |     tuning lgbm: 6 trials (3 podados), loss=0.32502 | 2.6 min | best={'learning_rate': 0.04464698683174732, 'num_leaves': 24, 'min_child_samples': 107, 'subsample': 0.8143607587870447, 'colsample_bytree': 0.2542562142100967, 'reg_lambda': 0.6324024717435501, 'n_estimators': 10000}
2026-09-26 08:45:50,734 | INFO | [fit] lgbm early stopping: 6045 árvores | ganho logloss últimas 1000: 0.00023
2026-09-26 08:46:17,251 | INFO |   [fold 3] modelo salvo fold_lgbm_A_2.joblib (6.5 MB)
2026-09-26 08:46:17,345 | INFO |   fold 3: AUC=0.9370 | 10.8 min | decorrido 67 min
2026-09-26 08:46:17,674 | INFO | [run_nested] lgbm: 38.1 min | AUC OOF=0.9370
2026-09-26 09:01:00,234 | INFO | [fit] lgbm early stopping: 7694 árvores | ganho logloss últimas 1000: 0.00015
2026-09-26 09:01:00,808 | INFO | [main] salvo results_lvl8\models\final_lgbm_A.joblib (8.2 MB)
2026-09-26 09:01:00,842 | INFO | == logreg | B | 813 feats | tuning 2.9 min | decorrido 82 min
2026-09-26 09:01:01,234 | INFO |   [fold 1/3] treino=1,034,300 teste=517,150 | trials=6
2026-09-26 09:01:01,314 | INFO | [tune] logreg | n_trials=6 | timeout=1.2 min
2026-09-26 09:01:01,348 | INFO | [group_sample] 34,442/137,769 partidas (25%) -> 258,637 linhas
2026-09-26 09:02:31,636 | INFO | [obj] trial 0: loss=0.35175 | 90.2s
2026-09-26 09:02:31,661 | INFO |     tuning logreg: 1 trials (0 podados), loss=0.35175 | 1.5 min | best={'C': 6.351221010640703}
2026-09-26 09:03:16,430 | INFO | [fit] logreg: 813/813 coef. não nulos | n_iter=15
2026-09-26 09:03:16,818 | INFO |   fold 1: AUC=0.9245 | 2.3 min | decorrido 84 min
2026-09-26 09:03:16,851 | INFO |   [fold 2/3] treino=1,034,300 teste=517,150 | trials=6
2026-09-26 09:03:16,931 | INFO | [tune] logreg | n_trials=6 | timeout=0.9 min
2026-09-26 09:03:16,964 | INFO | [group_sample] 34,442/137,769 partidas (25%) -> 258,367 linhas
2026-09-26 09:04:44,169 | INFO | [obj] trial 0: loss=0.35146 | 87.1s
2026-09-26 09:04:44,194 | INFO |     tuning logreg: 1 trials (0 podados), loss=0.35146 | 1.5 min | best={'C': 6.351221010640703}
2026-09-26 09:05:32,243 | INFO | [fit] logreg: 813/813 coef. não nulos | n_iter=16
2026-09-26 09:05:32,629 | INFO |   fold 2: AUC=0.9239 | 2.3 min | decorrido 86 min
2026-09-26 09:05:32,661 | INFO |   [fold 3/3] treino=1,034,300 teste=517,150 | trials=6
2026-09-26 09:05:32,741 | INFO | [tune] logreg | n_trials=6 | timeout=0.9 min
2026-09-26 09:05:32,774 | INFO | [group_sample] 34,442/137,768 partidas (25%) -> 258,603 linhas
2026-09-26 09:06:59,048 | INFO | [obj] trial 0: loss=0.35197 | 86.2s
2026-09-26 09:06:59,074 | INFO |     tuning logreg: 1 trials (0 podados), loss=0.35197 | 1.4 min | best={'C': 6.351221010640703}
2026-09-26 09:07:40,368 | INFO | [fit] logreg: 813/813 coef. não nulos | n_iter=14
2026-09-26 09:07:40,755 | INFO |   fold 3: AUC=0.9243 | 2.1 min | decorrido 88 min
2026-09-26 09:07:41,082 | INFO | [run_nested] logreg: 6.7 min | AUC OOF=0.9242
2026-09-26 09:08:29,164 | INFO | [fit] logreg: 813/813 coef. não nulos | n_iter=11
2026-09-26 09:08:29,167 | INFO | [main] salvo results_lvl8\models\final_logreg_B.joblib (0.0 MB)
2026-09-26 09:08:29,193 | INFO | == rf | B | 813 feats | tuning 10.1 min | decorrido 89 min
2026-09-26 09:08:29,574 | INFO |   [fold 1/3] treino=1,034,300 teste=517,150 | trials=6
2026-09-26 09:08:29,653 | INFO | [tune] rf | n_trials=6 | timeout=4.0 min
2026-09-26 09:08:29,686 | INFO | [group_sample] 34,442/137,769 partidas (25%) -> 258,545 linhas
2026-09-26 09:08:29,720 | INFO | [dense] (258545, 813) -> denso float32 (0.8 GB)
2026-09-26 09:09:54,131 | INFO | [obj] trial 0: loss=0.36439 | 84.2s
2026-09-26 09:10:09,354 | INFO | [obj] trial 1: loss=0.44612 | 15.2s
2026-09-26 09:10:22,947 | INFO | [obj] trial 2: loss=0.46179 | 13.6s
2026-09-26 09:11:49,155 | INFO | [obj] trial 5: loss=0.36803 | 77.4s
2026-09-26 09:11:49,195 | INFO |     tuning rf: 6 trials (2 podados), loss=0.36439 | 3.3 min | best={'max_depth': 21, 'min_samples_leaf': 2, 'max_features': 0.3}
2026-09-26 09:11:49,325 | INFO | [dense] (1034300, 813) -> denso float32 (3.4 GB)
[Parallel(n_jobs=-1)]: Using backend ThreadingBackend with 16 concurrent workers.
[Parallel(n_jobs=-1)]: Done  18 tasks      | elapsed:    5.5s
[Parallel(n_jobs=-1)]: Done 168 tasks      | elapsed:   31.8s
[Parallel(n_jobs=-1)]: Done 200 out of 200 | elapsed:   36.9s finished
2026-09-26 09:12:30,990 | INFO |   fold 1: AUC=0.9210 | 4.0 min | decorrido 93 min
2026-09-26 09:12:31,025 | INFO |   [fold 2/3] treino=1,034,300 teste=517,150 | trials=6
2026-09-26 09:12:31,105 | INFO | [tune] rf | n_trials=6 | timeout=3.0 min
2026-09-26 09:12:31,139 | INFO | [group_sample] 34,442/137,769 partidas (25%) -> 258,693 linhas
2026-09-26 09:12:31,173 | INFO | [dense] (258693, 813) -> denso float32 (0.8 GB)
2026-09-26 09:13:56,240 | INFO | [obj] trial 0: loss=0.36313 | 84.9s
2026-09-26 09:14:11,375 | INFO | [obj] trial 1: loss=0.44535 | 15.1s
2026-09-26 09:14:25,025 | INFO | [obj] trial 2: loss=0.46074 | 13.6s
2026-09-26 09:15:51,811 | INFO | [obj] trial 5: loss=0.36696 | 78.0s
2026-09-26 09:15:51,850 | INFO |     tuning rf: 6 trials (2 podados), loss=0.36313 | 3.3 min | best={'max_depth': 21, 'min_samples_leaf': 2, 'max_features': 0.3}
2026-09-26 09:15:51,979 | INFO | [dense] (1034300, 813) -> denso float32 (3.4 GB)
[Parallel(n_jobs=-1)]: Using backend ThreadingBackend with 16 concurrent workers.
[Parallel(n_jobs=-1)]: Done  18 tasks      | elapsed:    5.5s
[Parallel(n_jobs=-1)]: Done 168 tasks      | elapsed:   31.9s
[Parallel(n_jobs=-1)]: Done 200 out of 200 | elapsed:   37.0s finished
2026-09-26 09:16:33,917 | INFO |   fold 2: AUC=0.9202 | 4.0 min | decorrido 97 min
2026-09-26 09:16:33,953 | INFO |   [fold 3/3] treino=1,034,300 teste=517,150 | trials=6
2026-09-26 09:16:34,034 | INFO | [tune] rf | n_trials=6 | timeout=3.0 min
2026-09-26 09:16:34,071 | INFO | [group_sample] 34,442/137,768 partidas (25%) -> 258,629 linhas
2026-09-26 09:16:34,106 | INFO | [dense] (258629, 813) -> denso float32 (0.8 GB)
2026-09-26 09:17:58,752 | INFO | [obj] trial 0: loss=0.36360 | 84.5s
2026-09-26 09:18:14,149 | INFO | [obj] trial 1: loss=0.44555 | 15.4s
2026-09-26 09:18:27,937 | INFO | [obj] trial 2: loss=0.46000 | 13.8s
2026-09-26 09:19:54,519 | INFO | [obj] trial 5: loss=0.36739 | 77.8s
2026-09-26 09:19:54,546 | INFO |     tuning rf: 6 trials (2 podados), loss=0.36360 | 3.3 min | best={'max_depth': 21, 'min_samples_leaf': 2, 'max_features': 0.3}
2026-09-26 09:19:54,688 | INFO | [dense] (1034300, 813) -> denso float32 (3.4 GB)
[Parallel(n_jobs=-1)]: Using backend ThreadingBackend with 16 concurrent workers.
[Parallel(n_jobs=-1)]: Done  18 tasks      | elapsed:    5.4s
[Parallel(n_jobs=-1)]: Done 168 tasks      | elapsed:   31.9s
[Parallel(n_jobs=-1)]: Done 200 out of 200 | elapsed:   36.5s finished
2026-09-26 09:20:35,879 | INFO |   fold 3: AUC=0.9209 | 4.0 min | decorrido 101 min
2026-09-26 09:20:36,204 | INFO | [run_nested] rf: 12.1 min | AUC OOF=0.9207
2026-09-26 09:20:36,204 | INFO | [dense] (1551450, 813) -> denso float32 (5.0 GB)
[Parallel(n_jobs=-1)]: Using backend ThreadingBackend with 16 concurrent workers.
[Parallel(n_jobs=-1)]: Done  18 tasks      | elapsed:    6.1s
[Parallel(n_jobs=-1)]: Done 168 tasks      | elapsed:   34.8s
[Parallel(n_jobs=-1)]: Done 200 out of 200 | elapsed:   40.3s finished
2026-09-26 09:21:19,031 | INFO | [main] salvo results_lvl8\models\final_rf_B.joblib (19.0 MB)
2026-09-26 09:21:19,058 | INFO | == lgbm | B | 813 feats | tuning 15.8 min | decorrido 102 min
2026-09-26 09:21:19,442 | INFO |   [fold 1/3] treino=1,034,300 teste=517,150 | trials=6
2026-09-26 09:21:19,521 | INFO | [tune] lgbm | n_trials=6 | timeout=6.3 min
2026-09-26 09:21:19,555 | INFO | [group_sample] 34,442/137,769 partidas (25%) -> 258,496 linhas
2026-09-26 09:22:00,407 | INFO | [obj] trial 0: loss=0.32187 | 40.8s | árvores=2006
2026-09-26 09:22:16,632 | INFO | [obj] trial 1: loss=0.32370 | 16.2s | árvores=411
2026-09-26 09:22:47,914 | INFO | [obj] trial 2: loss=0.32230 | 31.3s | árvores=1170
2026-09-26 09:23:33,596 | INFO |     tuning lgbm: 6 trials (3 podados), loss=0.32187 | 2.2 min | best={'learning_rate': 0.04464698683174732, 'num_leaves': 24, 'min_child_samples': 107, 'subsample': 0.8143607587870447, 'colsample_bytree': 0.2542562142100967, 'reg_lambda': 0.6324024717435501, 'n_estimators': 10000}
2026-09-26 09:31:25,000 | INFO | [fit] lgbm early stopping: 6048 árvores | ganho logloss últimas 1000: 0.00018
2026-09-26 09:31:50,445 | INFO |   [fold 1] modelo salvo fold_lgbm_B_0.joblib (6.5 MB)
2026-09-26 09:31:50,540 | INFO |   fold 1: AUC=0.9383 | 10.5 min | decorrido 112 min
2026-09-26 09:31:50,581 | INFO |   [fold 2/3] treino=1,034,300 teste=517,150 | trials=6
2026-09-26 09:31:50,661 | INFO | [tune] lgbm | n_trials=6 | timeout=4.8 min
2026-09-26 09:31:50,695 | INFO | [group_sample] 34,442/137,769 partidas (25%) -> 258,394 linhas
2026-09-26 09:32:23,360 | INFO | [obj] trial 0: loss=0.32102 | 32.6s | árvores=1545
2026-09-26 09:32:39,401 | INFO | [obj] trial 1: loss=0.32222 | 16.0s | árvores=408
2026-09-26 09:33:09,160 | INFO | [obj] trial 2: loss=0.32141 | 29.7s | árvores=1096
2026-09-26 09:33:51,730 | INFO |     tuning lgbm: 6 trials (3 podados), loss=0.32102 | 2.0 min | best={'learning_rate': 0.04464698683174732, 'num_leaves': 24, 'min_child_samples': 107, 'subsample': 0.8143607587870447, 'colsample_bytree': 0.2542562142100967, 'reg_lambda': 0.6324024717435501, 'n_estimators': 10000}
2026-09-26 09:41:52,411 | INFO | [fit] lgbm early stopping: 5989 árvores | ganho logloss últimas 1000: 0.00013
2026-09-26 09:42:17,303 | INFO |   [fold 2] modelo salvo fold_lgbm_B_1.joblib (6.4 MB)
2026-09-26 09:42:17,396 | INFO |   fold 2: AUC=0.9375 | 10.4 min | decorrido 123 min
2026-09-26 09:42:17,435 | INFO |   [fold 3/3] treino=1,034,300 teste=517,150 | trials=6
2026-09-26 09:42:17,514 | INFO | [tune] lgbm | n_trials=6 | timeout=4.8 min
2026-09-26 09:42:17,547 | INFO | [group_sample] 34,442/137,768 partidas (25%) -> 258,477 linhas
2026-09-26 09:42:59,745 | INFO | [obj] trial 0: loss=0.32425 | 42.2s | árvores=2114
2026-09-26 09:43:15,486 | INFO | [obj] trial 1: loss=0.32613 | 15.7s | árvores=403
2026-09-26 09:43:44,246 | INFO | [obj] trial 2: loss=0.32447 | 28.7s | árvores=1059
2026-09-26 09:44:34,325 | INFO |     tuning lgbm: 6 trials (3 podados), loss=0.32425 | 2.3 min | best={'learning_rate': 0.04464698683174732, 'num_leaves': 24, 'min_child_samples': 107, 'subsample': 0.8143607587870447, 'colsample_bytree': 0.2542562142100967, 'reg_lambda': 0.6324024717435501, 'n_estimators': 10000}
2026-09-26 09:51:17,911 | INFO | [fit] lgbm early stopping: 5133 árvores | ganho logloss últimas 1000: 0.00038
2026-09-26 09:51:39,688 | INFO |   [fold 3] modelo salvo fold_lgbm_B_2.joblib (5.5 MB)
2026-09-26 09:51:39,783 | INFO |   fold 3: AUC=0.9379 | 9.4 min | decorrido 132 min
2026-09-26 09:51:40,115 | INFO | [run_nested] lgbm: 30.3 min | AUC OOF=0.9379
2026-09-26 10:04:08,651 | INFO | [fit] lgbm early stopping: 6473 árvores | ganho logloss últimas 1000: 0.00019
2026-09-26 10:04:09,709 | INFO | [main] salvo results_lvl8\models\final_lgbm_B.joblib (6.9 MB)
2026-09-26 10:04:40,912 | INFO | [bootstrap] 100/500 | 31s
2026-09-26 10:05:10,878 | INFO | [bootstrap] 200/500 | 61s
2026-09-26 10:05:40,835 | INFO | [bootstrap] 300/500 | 91s
2026-09-26 10:06:10,796 | INFO | [bootstrap] 400/500 | 121s
2026-09-26 10:06:40,761 | INFO | [bootstrap] 500/500 | 151s
2026-09-26 10:06:41,272 | INFO | [metrics] n=1,551,450 | auc=0.7177 logloss=0.5966 brier=0.2057 f1=0.7301 match_top4_acc=nan
2026-09-26 10:06:41,914 | INFO | [metrics] n=1,551,450 | auc=0.9144 logloss=0.3738 brier=0.1170 f1=0.8437 match_top4_acc=nan
2026-09-26 10:06:42,553 | INFO | [metrics] n=1,551,450 | auc=0.9169 logloss=0.3691 brier=0.1156 f1=0.8476 match_top4_acc=nan
2026-09-26 10:06:43,190 | INFO | [metrics] n=1,551,450 | auc=0.9370 logloss=0.3192 brier=0.1000 f1=0.8673 match_top4_acc=nan
2026-09-26 10:06:43,832 | INFO | [metrics] n=1,551,450 | auc=0.9242 logloss=0.3499 brier=0.1098 f1=0.8535 match_top4_acc=nan
2026-09-26 10:06:44,466 | INFO | [metrics] n=1,551,450 | auc=0.9207 logloss=0.3609 brier=0.1127 f1=0.8515 match_top4_acc=nan
2026-09-26 10:06:45,104 | INFO | [metrics] n=1,551,450 | auc=0.9379 logloss=0.3171 brier=0.0993 f1=0.8680 match_top4_acc=nan
2026-09-26 10:06:45,112 | INFO | 
         model    auc  logloss  brier     f1  match_top4_acc  auc_lo  auc_hi  logloss_lo  logloss_hi  brier_lo  brier_hi
        lgbm_B 0.9379   0.3171 0.0993 0.8680             NaN  0.9376  0.9382      0.3164      0.3180    0.0990    0.0995
        lgbm_A 0.9370   0.3192 0.1000 0.8673             NaN  0.9367  0.9374      0.3185      0.3201    0.0997    0.1002
      logreg_B 0.9242   0.3499 0.1098 0.8535             NaN  0.9238  0.9246      0.3492      0.3508    0.1096    0.1101
          rf_B 0.9207   0.3609 0.1127 0.8515             NaN  0.9203  0.9211      0.3601      0.3616    0.1125    0.1130
          rf_A 0.9169   0.3691 0.1156 0.8476             NaN  0.9165  0.9173      0.3684      0.3698    0.1153    0.1159
      logreg_A 0.9144   0.3738 0.1170 0.8437             NaN  0.9140  0.9148      0.3728      0.3747    0.1168    0.1173
baseline_level 0.7177   0.5966 0.2057 0.7301             NaN  0.7169  0.7185      0.5960      0.5972    0.2054    0.2059
2026-09-26 10:06:47,646 | INFO | [delong] baseline_level vs logreg_A: z=-471.45 | p=0.00e+00
2026-09-26 10:06:47,661 | INFO | [delong] baseline_level vs rf_A: z=-488.97 | p=0.00e+00
2026-09-26 10:06:47,677 | INFO | [delong] baseline_level vs lgbm_A: z=-557.88 | p=0.00e+00
2026-09-26 10:06:47,692 | INFO | [delong] baseline_level vs logreg_B: z=-532.06 | p=0.00e+00
2026-09-26 10:06:47,708 | INFO | [delong] baseline_level vs rf_B: z=-525.57 | p=0.00e+00
2026-09-26 10:06:47,724 | INFO | [delong] baseline_level vs lgbm_B: z=-565.70 | p=0.00e+00
2026-09-26 10:06:47,740 | INFO | [delong] logreg_A vs rf_A: z=-18.55 | p=8.13e-77
2026-09-26 10:06:47,756 | INFO | [delong] logreg_A vs lgbm_A: z=-186.92 | p=0.00e+00
2026-09-26 10:06:47,772 | INFO | [delong] logreg_A vs logreg_B: z=-115.55 | p=0.00e+00
2026-09-26 10:06:47,787 | INFO | [delong] logreg_A vs rf_B: z=-45.22 | p=0.00e+00
2026-09-26 10:06:47,803 | INFO | [delong] logreg_A vs lgbm_B: z=-189.38 | p=0.00e+00
2026-09-26 10:06:47,818 | INFO | [delong] rf_A vs lgbm_A: z=-191.74 | p=0.00e+00
2026-09-26 10:06:47,834 | INFO | [delong] rf_A vs logreg_B: z=-58.87 | p=0.00e+00
2026-09-26 10:06:47,849 | INFO | [delong] rf_A vs rf_B: z=-66.26 | p=0.00e+00
2026-09-26 10:06:47,865 | INFO | [delong] rf_A vs lgbm_B: z=-193.97 | p=0.00e+00
2026-09-26 10:06:47,880 | INFO | [delong] lgbm_A vs logreg_B: z=132.78 | p=0.00e+00
2026-09-26 10:06:47,896 | INFO | [delong] lgbm_A vs rf_B: z=164.93 | p=0.00e+00
2026-09-26 10:06:47,911 | INFO | [delong] lgbm_A vs lgbm_B: z=-27.98 | p=2.75e-172
2026-09-26 10:06:47,927 | INFO | [delong] logreg_B vs rf_B: z=31.81 | p=4.37e-222
2026-09-26 10:06:47,942 | INFO | [delong] logreg_B vs lgbm_B: z=-148.83 | p=0.00e+00
2026-09-26 10:06:47,958 | INFO | [delong] rf_B vs lgbm_B: z=-178.12 | p=0.00e+00
2026-09-26 10:06:47,963 | INFO | [main] Holm aplicado: 42 comparações (42 significativas a 5%)
2026-09-26 10:06:48,148 | INFO | [main] temporal: teste=patch 16.5 (186,414) | treino=1,365,036
2026-09-26 10:07:25,919 | INFO | [fit] logreg: 807/807 coef. não nulos | n_iter=10
2026-09-26 10:07:26,081 | INFO | [metrics] n=186,414 | auc=0.9102 logloss=0.3912 brier=0.1229 f1=0.8445 match_top4_acc=nan
2026-09-26 10:07:26,110 | INFO | [dense] (1365036, 807) -> denso float32 (4.4 GB)
[Parallel(n_jobs=-1)]: Using backend ThreadingBackend with 16 concurrent workers.
[Parallel(n_jobs=-1)]: Done  18 tasks      | elapsed:    5.8s
[Parallel(n_jobs=-1)]: Done 168 tasks      | elapsed:   33.7s
[Parallel(n_jobs=-1)]: Done 200 out of 200 | elapsed:   38.9s finished
2026-09-26 10:08:08,034 | INFO | [metrics] n=186,414 | auc=0.9177 logloss=0.3699 brier=0.1151 f1=0.8511 match_top4_acc=nan
2026-09-26 10:19:41,389 | INFO | [fit] lgbm early stopping: 6856 árvores | ganho logloss últimas 1000: 0.00023
2026-09-26 10:19:54,472 | INFO | [metrics] n=186,414 | auc=0.9355 logloss=0.3291 brier=0.1031 f1=0.8681 match_top4_acc=nan
2026-09-26 10:20:44,579 | INFO | [fit] logreg: 808/808 coef. não nulos | n_iter=13
2026-09-26 10:20:44,746 | INFO | [metrics] n=186,414 | auc=0.9224 logloss=0.3627 brier=0.1141 f1=0.8555 match_top4_acc=nan
2026-09-26 10:20:44,775 | INFO | [dense] (1365036, 808) -> denso float32 (4.4 GB)
[Parallel(n_jobs=-1)]: Using backend ThreadingBackend with 16 concurrent workers.
[Parallel(n_jobs=-1)]: Done  18 tasks      | elapsed:    5.9s
[Parallel(n_jobs=-1)]: Done 168 tasks      | elapsed:   33.8s
[Parallel(n_jobs=-1)]: Done 200 out of 200 | elapsed:   38.9s finished
2026-09-26 10:21:26,557 | INFO | [metrics] n=186,414 | auc=0.9219 logloss=0.3616 brier=0.1121 f1=0.8562 match_top4_acc=nan
2026-09-26 10:34:09,539 | INFO | [fit] lgbm early stopping: 7614 árvores | ganho logloss últimas 1000: 0.00021
2026-09-26 10:34:24,912 | INFO | [metrics] n=186,414 | auc=0.9370 logloss=0.3245 brier=0.1015 f1=0.8700 match_top4_acc=nan
2026-09-26 10:34:25,710 | INFO | [main] saídas em D:\Estudos\TCC\tft_tcc_uspesalq_v2\results_lvl8 | Total: 175 min
------------------------------------------------------------------------------------------
[5/13] train_lvl8: OK | duração 2:55:02 | log: logs\20260926_015604\05_train_lvl8.log
==========================================================================================
[6/13] train_no_units | 2026-09-26 10:34:25
$ 03_train.py --drop-blocks unit,unit_item --out results_no_units
------------------------------------------------------------------------------------------
2026-09-26 10:34:32,945 | INFO | [main] args: {'inp': 'data/processed', 'out': 'results_no_units', 'models': 'logreg,rf,lgbm', 'trials': 20, 'outer': 3, 'inner': 3, 'tune_frac': 0.25, 'n_boot': 500, 'budget_min': 240, 'min_level': 0, 'drop_agg': '', 'drop_blocks': 'unit,unit_item', 'log_level': 'INFO'}
2026-09-26 10:34:32,949 | INFO | [load] lendo data\processed\features.parquet
2026-09-26 10:34:32,968 | INFO | [load] removidas 625 features (blocos=['unit', 'unit_item'], features=[])
2026-09-26 10:34:32,970 | INFO | [load] 187 features | 186 no cenário A
2026-09-26 10:34:33,573 | INFO | [load] meta: 1,653,232 linhas | 206,654 partidas | top4=0.500 | patches=['16.1', '16.2', '16.3', '16.4', '16.5']
2026-09-26 10:34:35,845 | INFO | [load] bloco 1/2: nnz=50,805,792 | 413 MB | 2.3s
2026-09-26 10:34:36,837 | INFO | [load] bloco 2/2: nnz=6,911,745 | 62 MB | 1.0s
2026-09-26 10:34:37,696 | INFO | [load] XA: (1653232, 191), densidade=0.1880, 482 MB | XB: (1653232, 192) | tempo 4.7s
2026-09-26 10:34:39,887 | INFO | [main] baseline AUC OOF=0.7408
2026-09-26 10:34:39,887 | INFO | == logreg | A | 191 feats | tuning 4.3 min | decorrido 0 min
2026-09-26 10:34:40,286 | INFO |   [fold 1/3] treino=1,102,152 teste=551,080 | trials=20
2026-09-26 10:34:40,353 | INFO | [tune] logreg | n_trials=20 | timeout=1.7 min
2026-09-26 10:34:40,392 | INFO | [group_sample] 34,442/137,769 partidas (25%) -> 275,536 linhas
2026-09-26 10:34:59,047 | INFO | [obj] trial 0: loss=0.39124 | 18.6s
2026-09-26 10:35:33,642 | INFO | [obj] trial 1: loss=0.38094 | 34.6s
2026-09-26 10:36:14,559 | INFO | [obj] trial 2: loss=0.38097 | 40.9s
2026-09-26 10:36:24,679 | INFO |     tuning logreg: 4 trials (1 podados), loss=0.38094 | 1.7 min | best={'C': 6.351221010640703}
2026-09-26 10:36:42,400 | INFO | [fit] logreg: 191/191 coef. não nulos | n_iter=12
2026-09-26 10:36:42,737 | INFO |   fold 1: AUC=0.9142 | 2.0 min | decorrido 2 min
2026-09-26 10:36:42,770 | INFO |   [fold 2/3] treino=1,102,152 teste=551,080 | trials=6
2026-09-26 10:36:42,835 | INFO | [tune] logreg | n_trials=6 | timeout=1.3 min
2026-09-26 10:36:42,872 | INFO | [group_sample] 34,442/137,769 partidas (25%) -> 275,536 linhas
2026-09-26 10:37:16,189 | INFO | [obj] trial 0: loss=0.37821 | 33.2s
2026-09-26 10:37:44,791 | INFO | [obj] trial 1: loss=0.38913 | 28.6s
2026-09-26 10:38:17,229 | INFO | [obj] trial 2: loss=0.37821 | 32.4s
2026-09-26 10:38:17,255 | INFO |     tuning logreg: 3 trials (0 podados), loss=0.37821 | 1.6 min | best={'C': 6.351221010640703}
2026-09-26 10:38:35,017 | INFO | [fit] logreg: 191/191 coef. não nulos | n_iter=12
2026-09-26 10:38:35,352 | INFO |   fold 2: AUC=0.9142 | 1.9 min | decorrido 4 min
2026-09-26 10:38:35,385 | INFO |   [fold 3/3] treino=1,102,160 teste=551,072 | trials=6
2026-09-26 10:38:35,450 | INFO | [tune] logreg | n_trials=6 | timeout=1.3 min
2026-09-26 10:38:35,499 | INFO | [group_sample] 34,442/137,770 partidas (25%) -> 275,536 linhas
2026-09-26 10:39:08,889 | INFO | [obj] trial 0: loss=0.37914 | 33.3s
2026-09-26 10:39:42,680 | INFO | [obj] trial 1: loss=0.38938 | 33.8s
2026-09-26 10:40:15,998 | INFO | [obj] trial 2: loss=0.37914 | 33.3s
2026-09-26 10:40:16,024 | INFO |     tuning logreg: 3 trials (0 podados), loss=0.37914 | 1.7 min | best={'C': 6.351221010640703}
2026-09-26 10:40:32,350 | INFO | [fit] logreg: 191/191 coef. não nulos | n_iter=11
2026-09-26 10:40:32,690 | INFO |   fold 3: AUC=0.9142 | 2.0 min | decorrido 6 min
2026-09-26 10:40:33,044 | INFO | [run_nested] logreg: 5.9 min | AUC OOF=0.9142
2026-09-26 10:40:53,585 | INFO | [fit] logreg: 191/191 coef. não nulos | n_iter=9
2026-09-26 10:40:53,588 | INFO | [main] salvo results_no_units\models\final_logreg_A.joblib (0.0 MB)
2026-09-26 10:40:53,620 | INFO | == rf | A | 191 feats | tuning 15.1 min | decorrido 6 min
2026-09-26 10:40:54,003 | INFO |   [fold 1/3] treino=1,102,152 teste=551,080 | trials=20
2026-09-26 10:40:54,069 | INFO | [tune] rf | n_trials=20 | timeout=6.0 min
2026-09-26 10:40:54,107 | INFO | [group_sample] 34,442/137,769 partidas (25%) -> 275,536 linhas
2026-09-26 10:40:54,135 | INFO | [dense] (275536, 191) -> denso float32 (0.2 GB)
2026-09-26 10:41:01,564 | INFO | [obj] trial 0: loss=0.40244 | 7.3s
2026-09-26 10:41:08,883 | INFO | [obj] trial 1: loss=0.40186 | 7.3s
2026-09-26 10:41:15,824 | INFO | [obj] trial 2: loss=0.42514 | 6.9s
2026-09-26 10:41:23,266 | INFO | [obj] trial 3: loss=0.39527 | 7.4s
2026-09-26 10:41:53,981 | INFO | [obj] trial 4: loss=0.35521 | 30.7s
2026-09-26 10:42:22,982 | INFO | [obj] trial 5: loss=0.35797 | 29.0s
2026-09-26 10:42:42,877 | INFO | [obj] trial 6: loss=0.35596 | 19.9s
2026-09-26 10:43:10,808 | INFO | [obj] trial 7: loss=0.36142 | 27.9s
2026-09-26 10:43:41,474 | INFO | [obj] trial 8: loss=0.35521 | 30.6s
2026-09-26 10:44:25,647 | INFO | [obj] trial 11: loss=0.35615 | 29.8s
2026-09-26 10:44:58,922 | INFO | [obj] trial 13: loss=0.35491 | 30.5s
2026-09-26 10:45:37,824 | INFO | [obj] trial 15: loss=0.35468 | 32.8s
2026-09-26 10:46:10,159 | INFO | [obj] trial 16: loss=0.35473 | 32.3s
2026-09-26 10:46:43,151 | INFO | [obj] trial 17: loss=0.35468 | 33.0s
2026-09-26 10:46:56,356 | INFO |     tuning rf: 20 trials (6 podados), loss=0.35468 | 6.0 min | best={'max_depth': 24, 'min_samples_leaf': 2, 'max_features': 0.5}
2026-09-26 10:46:56,464 | INFO | [dense] (1102152, 191) -> denso float32 (0.8 GB)
[Parallel(n_jobs=-1)]: Using backend ThreadingBackend with 16 concurrent workers.
[Parallel(n_jobs=-1)]: Done  18 tasks      | elapsed:    2.4s
[Parallel(n_jobs=-1)]: Done 168 tasks      | elapsed:   13.8s
[Parallel(n_jobs=-1)]: Done 200 out of 200 | elapsed:   16.1s finished
2026-09-26 10:47:15,514 | INFO |   fold 1: AUC=0.9238 | 6.4 min | decorrido 13 min
2026-09-26 10:47:15,551 | INFO |   [fold 2/3] treino=1,102,152 teste=551,080 | trials=6
2026-09-26 10:47:15,617 | INFO | [tune] rf | n_trials=6 | timeout=4.5 min
2026-09-26 10:47:15,659 | INFO | [group_sample] 34,442/137,769 partidas (25%) -> 275,536 linhas
2026-09-26 10:47:15,691 | INFO | [dense] (275536, 191) -> denso float32 (0.2 GB)
2026-09-26 10:47:49,504 | INFO | [obj] trial 0: loss=0.35645 | 33.7s
2026-09-26 10:47:57,648 | INFO | [obj] trial 1: loss=0.40376 | 8.1s
2026-09-26 10:48:05,741 | INFO | [obj] trial 2: loss=0.40280 | 8.1s
2026-09-26 10:48:16,290 | INFO | [obj] trial 4: loss=0.39609 | 8.1s
2026-09-26 10:48:46,521 | INFO | [obj] trial 5: loss=0.35941 | 30.2s
2026-09-26 10:48:46,548 | INFO |     tuning rf: 6 trials (1 podados), loss=0.35645 | 1.5 min | best={'max_depth': 24, 'min_samples_leaf': 2, 'max_features': 0.5}
2026-09-26 10:48:46,647 | INFO | [dense] (1102152, 191) -> denso float32 (0.8 GB)
[Parallel(n_jobs=-1)]: Using backend ThreadingBackend with 16 concurrent workers.
[Parallel(n_jobs=-1)]: Done  18 tasks      | elapsed:    2.4s
[Parallel(n_jobs=-1)]: Done 168 tasks      | elapsed:   13.7s
[Parallel(n_jobs=-1)]: Done 200 out of 200 | elapsed:   15.9s finished
2026-09-26 10:49:05,456 | INFO |   fold 2: AUC=0.9236 | 1.8 min | decorrido 15 min
2026-09-26 10:49:05,492 | INFO |   [fold 3/3] treino=1,102,160 teste=551,072 | trials=6
2026-09-26 10:49:05,557 | INFO | [tune] rf | n_trials=6 | timeout=4.5 min
2026-09-26 10:49:05,593 | INFO | [group_sample] 34,442/137,770 partidas (25%) -> 275,536 linhas
2026-09-26 10:49:05,622 | INFO | [dense] (275536, 191) -> denso float32 (0.2 GB)
2026-09-26 10:49:38,404 | INFO | [obj] trial 0: loss=0.35660 | 32.7s
2026-09-26 10:49:45,997 | INFO | [obj] trial 1: loss=0.40380 | 7.6s
2026-09-26 10:49:53,462 | INFO | [obj] trial 2: loss=0.40291 | 7.4s
2026-09-26 10:50:03,454 | INFO | [obj] trial 4: loss=0.39647 | 7.6s
2026-09-26 10:50:33,272 | INFO | [obj] trial 5: loss=0.35933 | 29.8s
2026-09-26 10:50:33,299 | INFO |     tuning rf: 6 trials (1 podados), loss=0.35660 | 1.5 min | best={'max_depth': 24, 'min_samples_leaf': 2, 'max_features': 0.5}
2026-09-26 10:50:33,398 | INFO | [dense] (1102160, 191) -> denso float32 (0.8 GB)
[Parallel(n_jobs=-1)]: Using backend ThreadingBackend with 16 concurrent workers.
[Parallel(n_jobs=-1)]: Done  18 tasks      | elapsed:    2.4s
[Parallel(n_jobs=-1)]: Done 168 tasks      | elapsed:   13.5s
[Parallel(n_jobs=-1)]: Done 200 out of 200 | elapsed:   15.7s finished
2026-09-26 10:50:51,983 | INFO |   fold 3: AUC=0.9232 | 1.8 min | decorrido 16 min
2026-09-26 10:50:52,337 | INFO | [run_nested] rf: 10.0 min | AUC OOF=0.9235
2026-09-26 10:50:52,337 | INFO | [dense] (1653232, 191) -> denso float32 (1.3 GB)
[Parallel(n_jobs=-1)]: Using backend ThreadingBackend with 16 concurrent workers.
[Parallel(n_jobs=-1)]: Done  18 tasks      | elapsed:    2.7s
[Parallel(n_jobs=-1)]: Done 168 tasks      | elapsed:   15.4s
[Parallel(n_jobs=-1)]: Done 200 out of 200 | elapsed:   17.7s finished
2026-09-26 10:51:11,235 | INFO | [main] salvo results_no_units\models\final_rf_A.joblib (20.9 MB)
2026-09-26 10:51:11,263 | INFO | == lgbm | A | 191 feats | tuning 23.8 min | decorrido 17 min
2026-09-26 10:51:11,643 | INFO |   [fold 1/3] treino=1,102,152 teste=551,080 | trials=20
2026-09-26 10:51:11,708 | INFO | [tune] lgbm | n_trials=20 | timeout=9.5 min
2026-09-26 10:51:11,744 | INFO | [group_sample] 34,442/137,769 partidas (25%) -> 275,536 linhas
2026-09-26 10:51:23,018 | INFO | [obj] trial 0: loss=0.32737 | 11.2s | árvores=475
2026-09-26 10:51:47,341 | INFO | [obj] trial 1: loss=0.32606 | 24.3s | árvores=1491
2026-09-26 10:51:55,365 | INFO | [obj] trial 2: loss=0.32827 | 8.0s | árvores=447
2026-09-26 10:52:11,871 | INFO | [obj] trial 3: loss=0.32621 | 16.5s | árvores=1113
2026-09-26 10:52:38,125 | INFO | [obj] trial 5: loss=0.32630 | 20.2s | árvores=1009
2026-09-26 10:53:30,829 | INFO | [obj] trial 9: loss=0.32537 | 30.4s | árvores=2606
2026-09-26 10:54:19,155 | INFO | [obj] trial 10: loss=0.32529 | 48.3s | árvores=4539
2026-09-26 10:54:43,824 | INFO | [obj] trial 11: loss=0.32583 | 24.6s | árvores=2185
2026-09-26 10:55:24,764 | INFO | [obj] trial 12: loss=0.32566 | 40.9s | árvores=3711
2026-09-26 10:55:54,107 | INFO | [obj] trial 13: loss=0.32574 | 29.3s | árvores=1959
2026-09-26 10:56:22,390 | INFO | [obj] trial 14: loss=0.32550 | 28.3s | árvores=2116
2026-09-26 10:57:08,376 | INFO | [obj] trial 15: loss=0.32561 | 46.0s | árvores=4499
2026-09-26 10:57:55,924 | INFO | [obj] trial 16: loss=0.32512 | 47.5s | árvores=3884
2026-09-26 10:58:42,227 | INFO | [obj] trial 18: loss=0.32553 | 27.9s | árvores=1981
2026-09-26 10:59:26,677 | INFO | [obj] trial 19: loss=0.32523 | 44.4s | árvores=3875
2026-09-26 10:59:26,707 | INFO |     tuning lgbm: 20 trials (5 podados), loss=0.32512 | 8.2 min | best={'learning_rate': 0.03140570343331407, 'num_leaves': 20, 'min_child_samples': 97, 'subsample': 0.7574820079030267, 'colsample_bytree': 0.3804392518553657, 'reg_lambda': 5.817101458598127, 'n_estimators': 10000}
2026-09-26 11:07:08,836 | INFO | [fit] lgbm early stopping: 9991 árvores | ganho logloss últimas 1000: 0.00010
2026-09-26 11:08:02,803 | INFO |   [fold 1] modelo salvo fold_lgbm_A_0.joblib (9.0 MB)
2026-09-26 11:08:02,904 | INFO |   fold 1: AUC=0.9384 | 16.9 min | decorrido 33 min
2026-09-26 11:08:02,942 | INFO |   [fold 2/3] treino=1,102,152 teste=551,080 | trials=6
2026-09-26 11:08:03,007 | INFO | [tune] lgbm | n_trials=6 | timeout=7.1 min
2026-09-26 11:08:03,045 | INFO | [group_sample] 34,442/137,769 partidas (25%) -> 275,536 linhas
2026-09-26 11:08:44,580 | INFO | [obj] trial 0: loss=0.31986 | 41.5s | árvores=3489
2026-09-26 11:08:55,720 | INFO | [obj] trial 1: loss=0.32216 | 11.1s | árvores=492
2026-09-26 11:09:17,825 | INFO | [obj] trial 2: loss=0.32090 | 22.1s | árvores=1341
2026-09-26 11:09:52,216 | INFO |     tuning lgbm: 6 trials (3 podados), loss=0.31986 | 1.8 min | best={'learning_rate': 0.03140570343331407, 'num_leaves': 20, 'min_child_samples': 97, 'subsample': 0.7574820079030267, 'colsample_bytree': 0.3804392518553657, 'reg_lambda': 5.817101458598127, 'n_estimators': 10000}
2026-09-26 11:17:37,843 | INFO | [fit] lgbm early stopping: 9994 árvores | ganho logloss últimas 1000: 0.00012
2026-09-26 11:18:37,894 | INFO |   [fold 2] modelo salvo fold_lgbm_A_1.joblib (9.0 MB)
2026-09-26 11:18:38,001 | INFO |   fold 2: AUC=0.9387 | 10.6 min | decorrido 44 min
2026-09-26 11:18:38,045 | INFO |   [fold 3/3] treino=1,102,160 teste=551,072 | trials=6
2026-09-26 11:18:38,111 | INFO | [tune] lgbm | n_trials=6 | timeout=7.1 min
2026-09-26 11:18:38,148 | INFO | [group_sample] 34,442/137,770 partidas (25%) -> 275,536 linhas
2026-09-26 11:19:24,747 | INFO | [obj] trial 0: loss=0.32165 | 46.6s | árvores=3770
2026-09-26 11:19:36,136 | INFO | [obj] trial 1: loss=0.32364 | 11.4s | árvores=484
2026-09-26 11:20:00,494 | INFO | [obj] trial 2: loss=0.32265 | 24.3s | árvores=1484
2026-09-26 11:20:37,005 | INFO |     tuning lgbm: 6 trials (3 podados), loss=0.32165 | 2.0 min | best={'learning_rate': 0.03140570343331407, 'num_leaves': 20, 'min_child_samples': 97, 'subsample': 0.7574820079030267, 'colsample_bytree': 0.3804392518553657, 'reg_lambda': 5.817101458598127, 'n_estimators': 10000}
2026-09-26 11:28:19,870 | INFO | [fit] lgbm early stopping: 9993 árvores | ganho logloss últimas 1000: 0.00011
2026-09-26 11:29:17,280 | INFO |   [fold 3] modelo salvo fold_lgbm_A_2.joblib (9.0 MB)
2026-09-26 11:29:17,395 | INFO |   fold 3: AUC=0.9384 | 10.7 min | decorrido 55 min
2026-09-26 11:29:17,782 | INFO | [run_nested] lgbm: 38.1 min | AUC OOF=0.9385
2026-09-26 11:40:54,161 | INFO | [fit] lgbm early stopping: 9954 árvores | ganho logloss últimas 1000: 0.00019
2026-09-26 11:40:54,810 | INFO | [main] salvo results_no_units\models\final_lgbm_A.joblib (9.0 MB)
2026-09-26 11:40:54,842 | INFO | == logreg | B | 192 feats | tuning 2.9 min | decorrido 66 min
2026-09-26 11:40:55,240 | INFO |   [fold 1/3] treino=1,102,152 teste=551,080 | trials=6
2026-09-26 11:40:55,307 | INFO | [tune] logreg | n_trials=6 | timeout=1.2 min
2026-09-26 11:40:55,343 | INFO | [group_sample] 34,442/137,769 partidas (25%) -> 275,536 linhas
2026-09-26 11:41:15,830 | INFO | [obj] trial 0: loss=0.35011 | 20.4s
2026-09-26 11:41:38,527 | INFO | [obj] trial 1: loss=0.35612 | 22.7s
2026-09-26 11:41:58,984 | INFO | [obj] trial 2: loss=0.35011 | 20.4s
2026-09-26 11:42:05,630 | INFO |     tuning logreg: 4 trials (1 podados), loss=0.35011 | 1.2 min | best={'C': 6.351221010640703}
2026-09-26 11:42:19,425 | INFO | [fit] logreg: 192/192 coef. não nulos | n_iter=9
2026-09-26 11:42:19,777 | INFO |   fold 1: AUC=0.9250 | 1.4 min | decorrido 68 min
2026-09-26 11:42:19,810 | INFO |   [fold 2/3] treino=1,102,152 teste=551,080 | trials=6
2026-09-26 11:42:19,880 | INFO | [tune] logreg | n_trials=6 | timeout=0.9 min
2026-09-26 11:42:19,916 | INFO | [group_sample] 34,442/137,769 partidas (25%) -> 275,536 linhas
2026-09-26 11:42:36,814 | INFO | [obj] trial 0: loss=0.34814 | 16.8s
2026-09-26 11:43:12,048 | INFO | [obj] trial 1: loss=0.35422 | 35.2s
2026-09-26 11:43:12,075 | INFO |     tuning logreg: 2 trials (0 podados), loss=0.34814 | 0.9 min | best={'C': 6.351221010640703}
2026-09-26 11:43:25,900 | INFO | [fit] logreg: 192/192 coef. não nulos | n_iter=9
2026-09-26 11:43:26,253 | INFO |   fold 2: AUC=0.9249 | 1.1 min | decorrido 69 min
2026-09-26 11:43:26,287 | INFO |   [fold 3/3] treino=1,102,160 teste=551,072 | trials=6
2026-09-26 11:43:26,353 | INFO | [tune] logreg | n_trials=6 | timeout=0.9 min
2026-09-26 11:43:26,389 | INFO | [group_sample] 34,442/137,770 partidas (25%) -> 275,536 linhas
2026-09-26 11:43:46,070 | INFO | [obj] trial 0: loss=0.34761 | 19.6s
2026-09-26 11:44:10,305 | INFO | [obj] trial 1: loss=0.35414 | 24.2s
2026-09-26 11:44:29,833 | INFO | [obj] trial 2: loss=0.34761 | 19.5s
2026-09-26 11:44:29,860 | INFO |     tuning logreg: 3 trials (0 podados), loss=0.34761 | 1.1 min | best={'C': 6.351221010640703}
2026-09-26 11:44:43,554 | INFO | [fit] logreg: 192/192 coef. não nulos | n_iter=9
2026-09-26 11:44:43,894 | INFO |   fold 3: AUC=0.9251 | 1.3 min | decorrido 70 min
2026-09-26 11:44:44,251 | INFO | [run_nested] logreg: 3.8 min | AUC OOF=0.9250
2026-09-26 11:45:05,048 | INFO | [fit] logreg: 192/192 coef. não nulos | n_iter=9
2026-09-26 11:45:05,058 | INFO | [main] salvo results_no_units\models\final_logreg_B.joblib (0.0 MB)
2026-09-26 11:45:05,084 | INFO | == rf | B | 192 feats | tuning 10.1 min | decorrido 71 min
2026-09-26 11:45:05,463 | INFO |   [fold 1/3] treino=1,102,152 teste=551,080 | trials=6
2026-09-26 11:45:05,530 | INFO | [tune] rf | n_trials=6 | timeout=4.0 min
2026-09-26 11:45:05,565 | INFO | [group_sample] 34,442/137,769 partidas (25%) -> 275,536 linhas
2026-09-26 11:45:05,603 | INFO | [dense] (275536, 192) -> denso float32 (0.2 GB)
2026-09-26 11:45:37,476 | INFO | [obj] trial 0: loss=0.35146 | 31.8s
2026-09-26 11:45:45,027 | INFO | [obj] trial 1: loss=0.39840 | 7.5s
2026-09-26 11:45:52,499 | INFO | [obj] trial 2: loss=0.39780 | 7.4s
2026-09-26 11:46:02,481 | INFO | [obj] trial 4: loss=0.39090 | 7.6s
2026-09-26 11:46:31,648 | INFO | [obj] trial 5: loss=0.35362 | 29.1s
2026-09-26 11:46:31,689 | INFO |     tuning rf: 6 trials (1 podados), loss=0.35146 | 1.4 min | best={'max_depth': 24, 'min_samples_leaf': 2, 'max_features': 0.5}
2026-09-26 11:46:31,791 | INFO | [dense] (1102152, 192) -> denso float32 (0.8 GB)
[Parallel(n_jobs=-1)]: Using backend ThreadingBackend with 16 concurrent workers.
[Parallel(n_jobs=-1)]: Done  18 tasks      | elapsed:    2.4s
[Parallel(n_jobs=-1)]: Done 168 tasks      | elapsed:   13.3s
[Parallel(n_jobs=-1)]: Done 200 out of 200 | elapsed:   15.3s finished
2026-09-26 11:46:50,161 | INFO |   fold 1: AUC=0.9264 | 1.7 min | decorrido 72 min
2026-09-26 11:46:50,200 | INFO |   [fold 2/3] treino=1,102,152 teste=551,080 | trials=6
2026-09-26 11:46:50,273 | INFO | [tune] rf | n_trials=6 | timeout=3.0 min
2026-09-26 11:46:50,330 | INFO | [group_sample] 34,442/137,769 partidas (25%) -> 275,536 linhas
2026-09-26 11:46:50,363 | INFO | [dense] (275536, 192) -> denso float32 (0.2 GB)
2026-09-26 11:47:22,557 | INFO | [obj] trial 0: loss=0.35082 | 32.1s
2026-09-26 11:47:30,123 | INFO | [obj] trial 1: loss=0.39723 | 7.5s
2026-09-26 11:47:37,588 | INFO | [obj] trial 2: loss=0.39652 | 7.4s
2026-09-26 11:47:47,574 | INFO | [obj] trial 4: loss=0.38969 | 7.6s
2026-09-26 11:48:17,270 | INFO | [obj] trial 5: loss=0.35317 | 29.7s
2026-09-26 11:48:17,299 | INFO |     tuning rf: 6 trials (1 podados), loss=0.35082 | 1.5 min | best={'max_depth': 24, 'min_samples_leaf': 2, 'max_features': 0.5}
2026-09-26 11:48:17,411 | INFO | [dense] (1102152, 192) -> denso float32 (0.8 GB)
[Parallel(n_jobs=-1)]: Using backend ThreadingBackend with 16 concurrent workers.
[Parallel(n_jobs=-1)]: Done  18 tasks      | elapsed:    2.4s
[Parallel(n_jobs=-1)]: Done 168 tasks      | elapsed:   13.5s
[Parallel(n_jobs=-1)]: Done 200 out of 200 | elapsed:   15.6s finished
2026-09-26 11:48:35,866 | INFO |   fold 2: AUC=0.9262 | 1.8 min | decorrido 74 min
2026-09-26 11:48:35,903 | INFO |   [fold 3/3] treino=1,102,160 teste=551,072 | trials=6
2026-09-26 11:48:35,970 | INFO | [tune] rf | n_trials=6 | timeout=3.0 min
2026-09-26 11:48:36,008 | INFO | [group_sample] 34,442/137,770 partidas (25%) -> 275,536 linhas
2026-09-26 11:48:36,037 | INFO | [dense] (275536, 192) -> denso float32 (0.2 GB)
2026-09-26 11:49:08,147 | INFO | [obj] trial 0: loss=0.35074 | 32.0s
2026-09-26 11:49:15,853 | INFO | [obj] trial 1: loss=0.39707 | 7.7s
2026-09-26 11:49:23,592 | INFO | [obj] trial 2: loss=0.39657 | 7.7s
2026-09-26 11:49:33,663 | INFO | [obj] trial 4: loss=0.38984 | 7.7s
2026-09-26 11:50:04,028 | INFO | [obj] trial 5: loss=0.35274 | 30.3s
2026-09-26 11:50:04,064 | INFO |     tuning rf: 6 trials (1 podados), loss=0.35074 | 1.5 min | best={'max_depth': 24, 'min_samples_leaf': 2, 'max_features': 0.5}
2026-09-26 11:50:04,168 | INFO | [dense] (1102160, 192) -> denso float32 (0.8 GB)
[Parallel(n_jobs=-1)]: Using backend ThreadingBackend with 16 concurrent workers.
[Parallel(n_jobs=-1)]: Done  18 tasks      | elapsed:    2.5s
[Parallel(n_jobs=-1)]: Done 168 tasks      | elapsed:   13.7s
[Parallel(n_jobs=-1)]: Done 200 out of 200 | elapsed:   15.8s finished
2026-09-26 11:50:22,938 | INFO |   fold 3: AUC=0.9261 | 1.8 min | decorrido 76 min
2026-09-26 11:50:23,295 | INFO | [run_nested] rf: 5.3 min | AUC OOF=0.9262
2026-09-26 11:50:23,295 | INFO | [dense] (1653232, 192) -> denso float32 (1.3 GB)
[Parallel(n_jobs=-1)]: Using backend ThreadingBackend with 16 concurrent workers.
[Parallel(n_jobs=-1)]: Done  18 tasks      | elapsed:    2.7s
[Parallel(n_jobs=-1)]: Done 168 tasks      | elapsed:   15.8s
[Parallel(n_jobs=-1)]: Done 200 out of 200 | elapsed:   18.2s finished
2026-09-26 11:50:42,693 | INFO | [main] salvo results_no_units\models\final_rf_B.joblib (20.7 MB)
2026-09-26 11:50:42,723 | INFO | == lgbm | B | 192 feats | tuning 15.8 min | decorrido 76 min
2026-09-26 11:50:43,125 | INFO |   [fold 1/3] treino=1,102,152 teste=551,080 | trials=6
2026-09-26 11:50:43,195 | INFO | [tune] lgbm | n_trials=6 | timeout=6.3 min
2026-09-26 11:50:43,233 | INFO | [group_sample] 34,442/137,769 partidas (25%) -> 275,536 linhas
2026-09-26 11:51:24,579 | INFO | [obj] trial 0: loss=0.32262 | 41.3s | árvores=3292
2026-09-26 11:51:35,264 | INFO | [obj] trial 1: loss=0.32377 | 10.6s | árvores=435
2026-09-26 11:51:54,658 | INFO | [obj] trial 2: loss=0.32295 | 19.4s | árvores=1107
2026-09-26 11:52:27,254 | INFO |     tuning lgbm: 6 trials (3 podados), loss=0.32262 | 1.7 min | best={'learning_rate': 0.03140570343331407, 'num_leaves': 20, 'min_child_samples': 97, 'subsample': 0.7574820079030267, 'colsample_bytree': 0.3804392518553657, 'reg_lambda': 5.817101458598127, 'n_estimators': 10000}
2026-09-26 12:00:09,653 | INFO | [fit] lgbm early stopping: 9998 árvores | ganho logloss últimas 1000: 0.00013
2026-09-26 12:01:02,064 | INFO |   [fold 1] modelo salvo fold_lgbm_B_0.joblib (9.0 MB)
2026-09-26 12:01:02,164 | INFO |   fold 1: AUC=0.9395 | 10.3 min | decorrido 86 min
2026-09-26 12:01:02,201 | INFO |   [fold 2/3] treino=1,102,152 teste=551,080 | trials=6
2026-09-26 12:01:02,268 | INFO | [tune] lgbm | n_trials=6 | timeout=4.8 min
2026-09-26 12:01:02,302 | INFO | [group_sample] 34,442/137,769 partidas (25%) -> 275,536 linhas
2026-09-26 12:01:45,145 | INFO | [obj] trial 0: loss=0.31745 | 42.8s | árvores=3517
2026-09-26 12:01:56,578 | INFO | [obj] trial 1: loss=0.31886 | 11.4s | árvores=491
2026-09-26 12:02:19,636 | INFO | [obj] trial 2: loss=0.31764 | 23.0s | árvores=1395
2026-09-26 12:02:55,813 | INFO |     tuning lgbm: 6 trials (3 podados), loss=0.31745 | 1.9 min | best={'learning_rate': 0.03140570343331407, 'num_leaves': 20, 'min_child_samples': 97, 'subsample': 0.7574820079030267, 'colsample_bytree': 0.3804392518553657, 'reg_lambda': 5.817101458598127, 'n_estimators': 10000}
2026-09-26 12:10:17,112 | INFO | [fit] lgbm early stopping: 9172 árvores | ganho logloss últimas 1000: 0.00014
2026-09-26 12:11:12,692 | INFO |   [fold 2] modelo salvo fold_lgbm_B_1.joblib (8.3 MB)
2026-09-26 12:11:12,796 | INFO |   fold 2: AUC=0.9397 | 10.2 min | decorrido 97 min
2026-09-26 12:11:12,837 | INFO |   [fold 3/3] treino=1,102,160 teste=551,072 | trials=6
2026-09-26 12:11:12,905 | INFO | [tune] lgbm | n_trials=6 | timeout=4.8 min
2026-09-26 12:11:12,940 | INFO | [group_sample] 34,442/137,770 partidas (25%) -> 275,536 linhas
2026-09-26 12:11:55,755 | INFO | [obj] trial 0: loss=0.32362 | 42.8s | árvores=3352
2026-09-26 12:12:05,398 | INFO | [obj] trial 1: loss=0.32571 | 9.6s | árvores=345
2026-09-26 12:12:29,213 | INFO | [obj] trial 2: loss=0.32446 | 23.8s | árvores=1423
2026-09-26 12:13:06,599 | INFO |     tuning lgbm: 6 trials (3 podados), loss=0.32362 | 1.9 min | best={'learning_rate': 0.03140570343331407, 'num_leaves': 20, 'min_child_samples': 97, 'subsample': 0.7574820079030267, 'colsample_bytree': 0.3804392518553657, 'reg_lambda': 5.817101458598127, 'n_estimators': 10000}
2026-09-26 12:20:57,810 | INFO | [fit] lgbm early stopping: 9919 árvores | ganho logloss últimas 1000: 0.00008
2026-09-26 12:21:52,280 | INFO |   [fold 3] modelo salvo fold_lgbm_B_2.joblib (9.0 MB)
2026-09-26 12:21:52,385 | INFO |   fold 3: AUC=0.9396 | 10.7 min | decorrido 107 min
2026-09-26 12:21:52,752 | INFO | [run_nested] lgbm: 31.2 min | AUC OOF=0.9396
2026-09-26 12:33:28,529 | INFO | [fit] lgbm early stopping: 9979 árvores | ganho logloss últimas 1000: 0.00019
2026-09-26 12:33:29,150 | INFO | [main] salvo results_no_units\models\final_lgbm_B.joblib (9.0 MB)
2026-09-26 12:34:04,725 | INFO | [bootstrap] 100/500 | 36s
2026-09-26 12:34:40,036 | INFO | [bootstrap] 200/500 | 71s
2026-09-26 12:35:14,651 | INFO | [bootstrap] 300/500 | 105s
2026-09-26 12:35:48,963 | INFO | [bootstrap] 400/500 | 140s
2026-09-26 12:36:24,516 | INFO | [bootstrap] 500/500 | 175s
2026-09-26 12:36:25,220 | INFO | [metrics] n=1,653,232 | auc=0.7408 logloss=0.5789 brier=0.1983 f1=0.7262 match_top4_acc=0.6871
2026-09-26 12:36:26,298 | INFO | [metrics] n=1,653,232 | auc=0.9142 logloss=0.3784 brier=0.1170 f1=0.8363 match_top4_acc=0.8596
2026-09-26 12:36:27,360 | INFO | [metrics] n=1,653,232 | auc=0.9235 logloss=0.3541 brier=0.1109 f1=0.8451 match_top4_acc=0.8701
2026-09-26 12:36:28,449 | INFO | [metrics] n=1,653,232 | auc=0.9385 logloss=0.3160 brier=0.0989 f1=0.8612 match_top4_acc=0.8906
2026-09-26 12:36:29,518 | INFO | [metrics] n=1,653,232 | auc=0.9250 logloss=0.3489 brier=0.1092 f1=0.8467 match_top4_acc=0.8733
2026-09-26 12:36:30,583 | INFO | [metrics] n=1,653,232 | auc=0.9262 logloss=0.3481 brier=0.1087 f1=0.8484 match_top4_acc=0.8736
2026-09-26 12:36:31,656 | INFO | [metrics] n=1,653,232 | auc=0.9396 logloss=0.3131 brier=0.0979 f1=0.8627 match_top4_acc=0.8925
2026-09-26 12:36:31,663 | INFO | 
         model    auc  logloss  brier     f1  match_top4_acc  auc_lo  auc_hi  logloss_lo  logloss_hi  brier_lo  brier_hi
        lgbm_B 0.9396   0.3131 0.0979 0.8627          0.8925  0.9393  0.9399      0.3125      0.3139    0.0977    0.0982
        lgbm_A 0.9385   0.3160 0.0989 0.8612          0.8906  0.9382  0.9387      0.3154      0.3167    0.0987    0.0992
          rf_B 0.9262   0.3481 0.1087 0.8484          0.8736  0.9259  0.9265      0.3475      0.3488    0.1085    0.1089
      logreg_B 0.9250   0.3489 0.1092 0.8467          0.8733  0.9247  0.9253      0.3482      0.3497    0.1090    0.1095
          rf_A 0.9235   0.3541 0.1109 0.8451          0.8701  0.9232  0.9238      0.3535      0.3548    0.1106    0.1111
      logreg_A 0.9142   0.3784 0.1170 0.8363          0.8596  0.9138  0.9146      0.3775      0.3794    0.1168    0.1173
baseline_level 0.7408   0.5789 0.1983 0.7262          0.6871  0.7401  0.7415      0.5782      0.5795    0.1980    0.1986
2026-09-26 12:36:34,420 | INFO | [delong] baseline_level vs logreg_A: z=-450.86 | p=0.00e+00
2026-09-26 12:36:34,437 | INFO | [delong] baseline_level vs rf_A: z=-496.66 | p=0.00e+00
2026-09-26 12:36:34,453 | INFO | [delong] baseline_level vs lgbm_A: z=-546.46 | p=0.00e+00
2026-09-26 12:36:34,470 | INFO | [delong] baseline_level vs logreg_B: z=-518.38 | p=0.00e+00
2026-09-26 12:36:34,486 | INFO | [delong] baseline_level vs rf_B: z=-520.73 | p=0.00e+00
2026-09-26 12:36:34,503 | INFO | [delong] baseline_level vs lgbm_B: z=-555.00 | p=0.00e+00
2026-09-26 12:36:34,519 | INFO | [delong] logreg_A vs rf_A: z=-72.70 | p=0.00e+00
2026-09-26 12:36:34,537 | INFO | [delong] logreg_A vs lgbm_A: z=-193.07 | p=0.00e+00
2026-09-26 12:36:34,555 | INFO | [delong] logreg_A vs logreg_B: z=-116.04 | p=0.00e+00
2026-09-26 12:36:34,573 | INFO | [delong] logreg_A vs rf_B: z=-91.03 | p=0.00e+00
2026-09-26 12:36:34,590 | INFO | [delong] logreg_A vs lgbm_B: z=-197.74 | p=0.00e+00
2026-09-26 12:36:34,606 | INFO | [delong] rf_A vs lgbm_A: z=-171.26 | p=0.00e+00
2026-09-26 12:36:34,623 | INFO | [delong] rf_A vs logreg_B: z=-13.03 | p=7.92e-39
2026-09-26 12:36:34,639 | INFO | [delong] rf_A vs rf_B: z=-62.61 | p=0.00e+00
2026-09-26 12:36:34,656 | INFO | [delong] rf_A vs lgbm_B: z=-178.00 | p=0.00e+00
2026-09-26 12:36:34,672 | INFO | [delong] lgbm_A vs logreg_B: z=136.38 | p=0.00e+00
2026-09-26 12:36:34,689 | INFO | [delong] lgbm_A vs rf_B: z=145.10 | p=0.00e+00
2026-09-26 12:36:34,705 | INFO | [delong] lgbm_A vs lgbm_B: z=-42.78 | p=0.00e+00
2026-09-26 12:36:34,722 | INFO | [delong] logreg_B vs rf_B: z=-12.00 | p=3.58e-33
2026-09-26 12:36:34,739 | INFO | [delong] logreg_B vs lgbm_B: z=-156.93 | p=0.00e+00
2026-09-26 12:36:34,755 | INFO | [delong] rf_B vs lgbm_B: z=-163.15 | p=0.00e+00
2026-09-26 12:36:34,761 | INFO | [main] Holm aplicado: 42 comparações (42 significativas a 5%)
2026-09-26 12:36:34,969 | INFO | [main] temporal: teste=patch 16.5 (201,624) | treino=1,451,608
2026-09-26 12:36:57,760 | INFO | [fit] logreg: 186/186 coef. não nulos | n_iter=11
2026-09-26 12:36:57,958 | INFO | [metrics] n=201,624 | auc=0.9134 logloss=0.3782 brier=0.1189 f1=0.8371 match_top4_acc=0.8569
2026-09-26 12:36:57,991 | INFO | [dense] (1451608, 186) -> denso float32 (1.1 GB)
[Parallel(n_jobs=-1)]: Using backend ThreadingBackend with 16 concurrent workers.
[Parallel(n_jobs=-1)]: Done  18 tasks      | elapsed:    3.1s
[Parallel(n_jobs=-1)]: Done 168 tasks      | elapsed:   16.1s
[Parallel(n_jobs=-1)]: Done 200 out of 200 | elapsed:   18.4s finished
2026-09-26 12:37:18,064 | INFO | [metrics] n=201,624 | auc=0.9227 logloss=0.3598 brier=0.1121 f1=0.8478 match_top4_acc=0.8710
2026-09-26 12:47:21,757 | INFO | [fit] lgbm early stopping: 9993 árvores | ganho logloss últimas 1000: 0.00018
2026-09-26 12:47:41,315 | INFO | [metrics] n=201,624 | auc=0.9379 logloss=0.3193 brier=0.0998 f1=0.8625 match_top4_acc=0.8910
2026-09-26 12:47:58,851 | INFO | [fit] logreg: 187/187 coef. não nulos | n_iter=9
2026-09-26 12:47:59,045 | INFO | [metrics] n=201,624 | auc=0.9239 logloss=0.3554 brier=0.1119 f1=0.8475 match_top4_acc=0.8725
2026-09-26 12:47:59,085 | INFO | [dense] (1451608, 187) -> denso float32 (1.1 GB)
[Parallel(n_jobs=-1)]: Using backend ThreadingBackend with 16 concurrent workers.
[Parallel(n_jobs=-1)]: Done  18 tasks      | elapsed:    2.5s
[Parallel(n_jobs=-1)]: Done 168 tasks      | elapsed:   13.9s
[Parallel(n_jobs=-1)]: Done 200 out of 200 | elapsed:   16.0s finished
2026-09-26 12:48:16,549 | INFO | [metrics] n=201,624 | auc=0.9256 logloss=0.3537 brier=0.1098 f1=0.8512 match_top4_acc=0.8748
2026-09-26 12:58:40,740 | INFO | [fit] lgbm early stopping: 9993 árvores | ganho logloss últimas 1000: 0.00014
2026-09-26 12:59:00,070 | INFO | [metrics] n=201,624 | auc=0.9387 logloss=0.3173 brier=0.0991 f1=0.8641 match_top4_acc=0.8922
2026-09-26 12:59:00,807 | INFO | [main] saídas em D:\Estudos\TCC\tft_tcc_uspesalq_v2\results_no_units | Total: 144 min
------------------------------------------------------------------------------------------
[6/13] train_no_units: OK | duração 2:24:35 | log: logs\20260926_015604\06_train_no_units.log
==========================================================================================
[7/13] shap | 2026-09-26 12:59:01
$ 04_shap.py --res results --models lgbm --top-inter 40 --threads 8
------------------------------------------------------------------------------------------
2026-09-26 12:59:08,775 | [load] lendo data\processed\features.parquet
2026-09-26 12:59:08,788 | [load] 812 features | 811 no cenário A
2026-09-26 12:59:09,382 | [load] meta: 1,653,232 linhas | 206,654 partidas | top4=0.500 | patches=['16.1', '16.2', '16.3', '16.4', '16.5']
2026-09-26 12:59:11,381 | [load] bloco 1/9: nnz=45,259,348 | 369 MB | 2.0s
2026-09-26 12:59:12,920 | [load] bloco 2/9: nnz=19,861,226 | 166 MB | 1.5s
2026-09-26 12:59:13,983 | [load] bloco 3/9: nnz=6,148,658 | 56 MB | 1.1s
2026-09-26 12:59:14,912 | [load] bloco 4/9: nnz=2,820,451 | 29 MB | 0.9s
2026-09-26 12:59:15,841 | [load] bloco 5/9: nnz=3,724,670 | 36 MB | 0.9s
2026-09-26 12:59:16,734 | [load] bloco 6/9: nnz=2,058,209 | 23 MB | 0.9s
2026-09-26 12:59:17,608 | [load] bloco 7/9: nnz=2,348,539 | 25 MB | 0.9s
2026-09-26 12:59:18,497 | [load] bloco 8/9: nnz=1,780,805 | 21 MB | 0.9s
2026-09-26 12:59:18,684 | [load] bloco 9/9: nnz=1,468,481 | 18 MB | 0.2s
2026-09-26 12:59:19,853 | [load] XA: (1653232, 816), densidade=0.0646, 704 MB | XB: (1653232, 817) | tempo 11.1s
2026-09-26 13:02:32,412 | [lgbm_A] SHAP em 5000 linhas × 816 features | 193s
2026-09-26 13:02:34,899 |   [2] agrupado ok | 195s
2026-09-26 13:02:49,099 |   [2b] permutação ok | 209s
2026-09-26 13:02:49,400 |   H1b SHAP médio por nº de traits ouro+: {0.0: 0.018, 1.0: -0.023, 2.0: 0.062, 3.0: 0.242}
2026-09-26 13:02:49,401 |   [3] hipóteses ok | 209s
2026-09-26 13:03:33,180 |   [4] dependência ok | 253s
