2026-09-25 10:38:12,479 | INFO | 2710 arquivos encontrados em raw

Extraindo:   0%|          | 0/2710 [00:00<?, ?it/s]
Extraindo:   0%|          | 2/2710 [00:00<02:38, 17.14it/s]
Extraindo:   0%|          | 4/2710 [00:00<02:41, 16.78it/s]
Extraindo:   0%|          | 6/2710 [00:00<02:46, 16.22it/s]
Extraindo:   0%|          | 8/2710 [00:00<02:57, 15.26it/s]
Extraindo:   0%|          | 10/2710 [00:00<02:57, 15.25it/s]
Extraindo:   0%|          | 12/2710 [00:00<02:56, 15.25it/s]
Extraindo:   1%|          | 14/2710 [00:00<02:59, 14.98it/s]
Extraindo:   1%|          | 16/2710 [00:01<03:03, 14.64it/s]
Extraindo:   1%|          | 18/2710 [00:01<03:04, 14.60it/s]
Extraindo:   1%|          | 20/2710 [00:01<03:07, 14.37it/s]
Extraindo:   1%|          | 22/2710 [00:01<03:10, 14.09it/s]
Extraindo:   1%|          | 24/2710 [00:01<03:12, 13.96it/s]
Extraindo:   1%|          | 26/2710 [00:01<03:14, 13.77it/s]
Extraindo:   1%|          | 28/2710 [00:02<06:21,  7.03it/s]
Extraindo:   1%|          | 30/2710 [00:02<05:29,  8.13it/s]
Extraindo:   1%|          | 32/2710 [00:02<05:46,  7.74it/s]
Extraindo:   1%|▏         | 34/2710 [00:02<05:05,  8.77it/s]
Extraindo:   1%|▏         | 36/2710 [00:03<04:34,  9.75it/s]
Extraindo:   1%|▏         | 38/2710 [00:03<05:06,  8.73it/s]
Extraindo:   1%|▏         | 40/2710 [00:03<04:34,  9.73it/s]
Extraindo:   2%|▏         | 42/2710 [00:03<04:15, 10.45it/s]
Extraindo:   2%|▏         | 44/2710 [00:03<04:03, 10.97it/s]
Extraindo:   2%|▏         | 46/2710 [00:04<03:56, 11.26it/s]
Extraindo:   2%|▏         | 48/2710 [00:04<03:50, 11.57it/s]
Extraindo:   2%|▏         | 50/2710 [00:04<03:45, 11.82it/s]
Extraindo:   2%|▏         | 52/2710 [00:04<03:42, 11.94it/s]
Extraindo:   2%|▏         | 54/2710 [00:04<03:43, 11.90it/s]
Extraindo:   2%|▏         | 56/2710 [00:05<04:30,  9.83it/s]
Extraindo:   2%|▏         | 58/2710 [00:05<04:12, 10.50it/s]
Extraindo:   2%|▏         | 60/2710 [00:05<04:08, 10.67it/s]
Extraindo:   2%|▏         | 62/2710 [00:05<05:06,  8.64it/s]
Extraindo:   2%|▏         | 64/2710 [00:05<04:37,  9.53it/s]
Extraindo:   2%|▏         | 66/2710 [00:06<04:20, 10.15it/s]
Extraindo:   3%|▎         | 68/2710 [00:06<04:09, 10.57it/s]
Extraindo:   3%|▎         | 70/2710 [00:06<04:06, 10.73it/s]
Extraindo:   3%|▎         | 72/2710 [00:06<04:08, 10.62it/s]
Extraindo:   3%|▎         | 74/2710 [00:06<04:01, 10.92it/s]
Extraindo:   3%|▎         | 76/2710 [00:07<04:47,  9.17it/s]
Extraindo:   3%|▎         | 78/2710 [00:07<04:27,  9.85it/s]
Extraindo:   3%|▎         | 80/2710 [00:07<04:23, 10.00it/s]
Extraindo:   3%|▎         | 82/2710 [00:07<05:11,  8.42it/s]
Extraindo:   3%|▎         | 84/2710 [00:07<04:44,  9.25it/s]
Extraindo:   3%|▎         | 86/2710 [00:08<04:22,  9.99it/s]
Extraindo:   3%|▎         | 88/2710 [00:08<04:07, 10.58it/s]
Extraindo:   3%|▎         | 90/2710 [00:08<04:09, 10.50it/s]
Extraindo:   3%|▎         | 92/2710 [00:08<04:02, 10.80it/s]
Extraindo:   3%|▎         | 94/2710 [00:08<04:50,  9.01it/s]
Extraindo:   4%|▎         | 96/2710 [00:09<04:31,  9.62it/s]
Extraindo:   4%|▎         | 98/2710 [00:09<04:21,  9.98it/s]
Extraindo:   4%|▎         | 100/2710 [00:09<04:11, 10.36it/s]
Extraindo:   4%|▍         | 102/2710 [00:09<04:05, 10.62it/s]
Extraindo:   4%|▍         | 104/2710 [00:09<04:02, 10.74it/s]
Extraindo:   4%|▍         | 106/2710 [00:09<04:02, 10.75it/s]
Extraindo:   4%|▍         | 108/2710 [00:10<04:00, 10.82it/s]
Extraindo:   4%|▍         | 110/2710 [00:10<04:49,  8.98it/s]
Extraindo:   4%|▍         | 112/2710 [00:10<04:33,  9.51it/s]
Extraindo:   4%|▍         | 114/2710 [00:10<05:07,  8.44it/s]
Extraindo:   4%|▍         | 116/2710 [00:11<04:38,  9.32it/s]
Extraindo:   4%|▍         | 118/2710 [00:11<04:20,  9.95it/s]
Extraindo:   4%|▍         | 120/2710 [00:11<04:11, 10.31it/s]
Extraindo:   5%|▍         | 122/2710 [00:11<04:02, 10.65it/s]
Extraindo:   5%|▍         | 124/2710 [00:11<04:46,  9.02it/s]
Extraindo:   5%|▍         | 126/2710 [00:12<04:27,  9.68it/s]
Extraindo:   5%|▍         | 128/2710 [00:12<04:12, 10.24it/s]
Extraindo:   5%|▍         | 130/2710 [00:12<04:04, 10.57it/s]
Extraindo:   5%|▍         | 132/2710 [00:12<04:00, 10.74it/s]
Extraindo:   5%|▍         | 134/2710 [00:12<03:56, 10.89it/s]
Extraindo:   5%|▌         | 136/2710 [00:13<04:48,  8.93it/s]
Extraindo:   5%|▌         | 138/2710 [00:13<04:29,  9.54it/s]
Extraindo:   5%|▌         | 140/2710 [00:13<04:26,  9.66it/s]
Extraindo:   5%|▌         | 142/2710 [00:13<04:11, 10.20it/s]
Extraindo:   5%|▌         | 144/2710 [00:13<04:12, 10.16it/s]
Extraindo:   5%|▌         | 146/2710 [00:14<04:11, 10.19it/s]
Extraindo:   5%|▌         | 148/2710 [00:14<04:08, 10.30it/s]
Extraindo:   6%|▌         | 150/2710 [00:14<05:05,  8.39it/s]
Extraindo:   6%|▌         | 152/2710 [00:14<04:42,  9.06it/s]
Extraindo:   6%|▌         | 154/2710 [00:15<05:16,  8.08it/s]
Extraindo:   6%|▌         | 156/2710 [00:15<04:44,  8.97it/s]
Extraindo:   6%|▌         | 158/2710 [00:15<04:28,  9.49it/s]
Extraindo:   6%|▌         | 160/2710 [00:15<04:18,  9.88it/s]
Extraindo:   6%|▌         | 162/2710 [00:15<04:09, 10.22it/s]
Extraindo:   6%|▌         | 164/2710 [00:16<04:46,  8.88it/s]
Extraindo:   6%|▌         | 166/2710 [00:16<04:25,  9.58it/s]
Extraindo:   6%|▌         | 168/2710 [00:16<04:19,  9.80it/s]
Extraindo:   6%|▋         | 170/2710 [00:16<04:13, 10.01it/s]
Extraindo:   6%|▋         | 172/2710 [00:16<04:00, 10.54it/s]
Extraindo:   6%|▋         | 174/2710 [00:16<04:01, 10.51it/s]
Extraindo:   6%|▋         | 176/2710 [00:17<03:58, 10.65it/s]
Extraindo:   7%|▋         | 178/2710 [00:17<03:54, 10.79it/s]
Extraindo:   7%|▋         | 180/2710 [00:17<04:00, 10.52it/s]
Extraindo:   7%|▋         | 182/2710 [00:17<03:56, 10.69it/s]
Extraindo:   7%|▋         | 184/2710 [00:18<04:42,  8.93it/s]
Extraindo:   7%|▋         | 186/2710 [00:18<04:30,  9.33it/s]
Extraindo:   7%|▋         | 187/2710 [00:18<05:28,  7.69it/s]
Extraindo:   7%|▋         | 189/2710 [00:18<04:46,  8.78it/s]
Extraindo:   7%|▋         | 190/2710 [00:18<05:31,  7.61it/s]
Extraindo:   7%|▋         | 192/2710 [00:18<04:46,  8.80it/s]
Extraindo:   7%|▋         | 194/2710 [00:19<04:21,  9.61it/s]
Extraindo:   7%|▋         | 196/2710 [00:19<04:07, 10.16it/s]
Extraindo:   7%|▋         | 198/2710 [00:19<04:05, 10.24it/s]
Extraindo:   7%|▋         | 200/2710 [00:19<03:55, 10.65it/s]
Extraindo:   7%|▋         | 202/2710 [00:19<03:49, 10.94it/s]
Extraindo:   8%|▊         | 204/2710 [00:20<03:45, 11.11it/s]
Extraindo:   8%|▊         | 206/2710 [00:20<03:39, 11.39it/s]
Extraindo:   8%|▊         | 208/2710 [00:20<03:39, 11.39it/s]
Extraindo:   8%|▊         | 210/2710 [00:20<03:51, 10.82it/s]
Extraindo:   8%|▊         | 212/2710 [00:20<03:52, 10.75it/s]
Extraindo:   8%|▊         | 214/2710 [00:21<04:47,  8.69it/s]
Extraindo:   8%|▊         | 216/2710 [00:21<04:28,  9.30it/s]
Extraindo:   8%|▊         | 217/2710 [00:21<05:31,  7.51it/s]
Extraindo:   8%|▊         | 219/2710 [00:21<04:56,  8.39it/s]
Extraindo:   8%|▊         | 221/2710 [00:21<04:33,  9.10it/s]
Extraindo:   8%|▊         | 222/2710 [00:22<04:28,  9.25it/s]
Extraindo:   8%|▊         | 224/2710 [00:22<04:15,  9.74it/s]
Extraindo:   8%|▊         | 226/2710 [00:22<04:49,  8.58it/s]
Extraindo:   8%|▊         | 228/2710 [00:22<04:23,  9.41it/s]
Extraindo:   8%|▊         | 230/2710 [00:22<04:07, 10.02it/s]
Extraindo:   9%|▊         | 232/2710 [00:22<03:58, 10.39it/s]
Extraindo:   9%|▊         | 234/2710 [00:23<03:54, 10.58it/s]
Extraindo:   9%|▊         | 236/2710 [00:23<03:53, 10.60it/s]
Extraindo:   9%|▉         | 238/2710 [00:23<04:05, 10.08it/s]
Extraindo:   9%|▉         | 240/2710 [00:23<03:57, 10.41it/s]
Extraindo:   9%|▉         | 242/2710 [00:23<03:51, 10.64it/s]
Extraindo:   9%|▉         | 244/2710 [00:24<04:33,  9.02it/s]
Extraindo:   9%|▉         | 245/2710 [00:24<05:24,  7.59it/s]
Extraindo:   9%|▉         | 246/2710 [00:24<05:13,  7.87it/s]
Extraindo:   9%|▉         | 248/2710 [00:24<04:39,  8.80it/s]
Extraindo:   9%|▉         | 250/2710 [00:24<04:14,  9.65it/s]
Extraindo:   9%|▉         | 252/2710 [00:25<04:05, 10.02it/s]
Extraindo:   9%|▉         | 254/2710 [00:25<03:57, 10.34it/s]
Extraindo:   9%|▉         | 256/2710 [00:25<03:59, 10.25it/s]
Extraindo:  10%|▉         | 258/2710 [00:25<03:59, 10.25it/s]
Extraindo:  10%|▉         | 260/2710 [00:25<03:55, 10.41it/s]
Extraindo:  10%|▉         | 262/2710 [00:26<04:41,  8.70it/s]
Extraindo:  10%|▉         | 264/2710 [00:26<04:26,  9.19it/s]
Extraindo:  10%|▉         | 265/2710 [00:26<04:22,  9.32it/s]
Extraindo:  10%|▉         | 267/2710 [00:26<04:08,  9.83it/s]
Extraindo:  10%|▉         | 269/2710 [00:26<03:58, 10.22it/s]
Extraindo:  10%|█         | 271/2710 [00:27<04:39,  8.72it/s]
Extraindo:  10%|█         | 273/2710 [00:27<04:16,  9.50it/s]
Extraindo:  10%|█         | 275/2710 [00:27<04:56,  8.20it/s]
Extraindo:  10%|█         | 277/2710 [00:27<04:24,  9.19it/s]
Extraindo:  10%|█         | 279/2710 [00:27<04:12,  9.64it/s]
Extraindo:  10%|█         | 281/2710 [00:28<04:07,  9.80it/s]
Extraindo:  10%|█         | 283/2710 [00:28<04:05,  9.90it/s]
Extraindo:  11%|█         | 285/2710 [00:28<04:05,  9.86it/s]
Extraindo:  11%|█         | 287/2710 [00:28<04:02,  9.97it/s]
Extraindo:  11%|█         | 289/2710 [00:28<04:01, 10.01it/s]
Extraindo:  11%|█         | 291/2710 [00:29<04:02,  9.99it/s]
Extraindo:  11%|█         | 293/2710 [00:29<04:01, 10.01it/s]
Extraindo:  11%|█         | 295/2710 [00:29<04:12,  9.58it/s]
Extraindo:  11%|█         | 296/2710 [00:29<04:13,  9.54it/s]
Extraindo:  11%|█         | 297/2710 [00:29<05:09,  7.80it/s]
Extraindo:  11%|█         | 299/2710 [00:30<05:35,  7.19it/s]
Extraindo:  11%|█         | 301/2710 [00:30<04:59,  8.05it/s]
Extraindo:  11%|█         | 302/2710 [00:30<05:01,  8.00it/s]
Extraindo:  11%|█         | 304/2710 [00:30<04:34,  8.77it/s]
Extraindo:  11%|█▏        | 306/2710 [00:31<05:11,  7.73it/s]
Extraindo:  11%|█▏        | 308/2710 [00:31<04:43,  8.48it/s]
Extraindo:  11%|█▏        | 310/2710 [00:31<04:25,  9.04it/s]
Extraindo:  12%|█▏        | 312/2710 [00:31<04:18,  9.26it/s]
Extraindo:  12%|█▏        | 313/2710 [00:31<04:15,  9.37it/s]
Extraindo:  12%|█▏        | 314/2710 [00:31<04:15,  9.39it/s]
Extraindo:  12%|█▏        | 316/2710 [00:32<04:10,  9.56it/s]
Extraindo:  12%|█▏        | 318/2710 [00:32<04:01,  9.90it/s]
Extraindo:  12%|█▏        | 320/2710 [00:32<03:54, 10.19it/s]
Extraindo:  12%|█▏        | 322/2710 [00:32<04:01,  9.88it/s]
Extraindo:  12%|█▏        | 324/2710 [00:32<04:44,  8.40it/s]
Extraindo:  12%|█▏        | 325/2710 [00:33<04:36,  8.64it/s]
Extraindo:  12%|█▏        | 327/2710 [00:33<04:20,  9.13it/s]
Extraindo:  12%|█▏        | 328/2710 [00:33<06:12,  6.40it/s]
Extraindo:  12%|█▏        | 330/2710 [00:33<05:15,  7.55it/s]
Extraindo:  12%|█▏        | 332/2710 [00:33<04:39,  8.50it/s]
Extraindo:  12%|█▏        | 334/2710 [00:34<04:23,  9.00it/s]
Extraindo:  12%|█▏        | 336/2710 [00:34<05:42,  6.94it/s]
Extraindo:  12%|█▏        | 338/2710 [00:34<04:58,  7.94it/s]
Extraindo:  13%|█▎        | 340/2710 [00:34<04:23,  9.01it/s]
Extraindo:  13%|█▎        | 342/2710 [00:35<04:04,  9.67it/s]
Extraindo:  13%|█▎        | 344/2710 [00:35<03:51, 10.21it/s]
Extraindo:  13%|█▎        | 346/2710 [00:35<03:43, 10.58it/s]
Extraindo:  13%|█▎        | 348/2710 [00:35<03:42, 10.61it/s]
Extraindo:  13%|█▎        | 350/2710 [00:35<03:35, 10.94it/s]
Extraindo:  13%|█▎        | 352/2710 [00:36<04:18,  9.11it/s]
Extraindo:  13%|█▎        | 354/2710 [00:36<04:06,  9.56it/s]
Extraindo:  13%|█▎        | 356/2710 [00:36<04:01,  9.75it/s]
Extraindo:  13%|█▎        | 358/2710 [00:36<04:07,  9.50it/s]
Extraindo:  13%|█▎        | 360/2710 [00:36<03:58,  9.85it/s]
Extraindo:  13%|█▎        | 362/2710 [00:37<03:52, 10.08it/s]
Extraindo:  13%|█▎        | 364/2710 [00:37<03:47, 10.31it/s]
Extraindo:  14%|█▎        | 366/2710 [00:37<04:29,  8.71it/s]
Extraindo:  14%|█▎        | 368/2710 [00:37<04:11,  9.31it/s]
Extraindo:  14%|█▎        | 370/2710 [00:37<04:01,  9.70it/s]
Extraindo:  14%|█▎        | 372/2710 [00:38<03:52, 10.07it/s]
Extraindo:  14%|█▍        | 374/2710 [00:38<04:26,  8.77it/s]
Extraindo:  14%|█▍        | 376/2710 [00:38<04:19,  8.99it/s]
Extraindo:  14%|█▍        | 377/2710 [00:38<04:59,  7.78it/s]
Extraindo:  14%|█▍        | 379/2710 [00:38<04:22,  8.89it/s]
Extraindo:  14%|█▍        | 381/2710 [00:39<04:02,  9.60it/s]
Extraindo:  14%|█▍        | 383/2710 [00:39<03:52, 10.01it/s]
Extraindo:  14%|█▍        | 385/2710 [00:39<03:54,  9.91it/s]
Extraindo:  14%|█▍        | 387/2710 [00:39<03:45, 10.29it/s]
Extraindo:  14%|█▍        | 389/2710 [00:39<03:42, 10.43it/s]
Extraindo:  14%|█▍        | 391/2710 [00:40<03:37, 10.68it/s]
Extraindo:  15%|█▍        | 393/2710 [00:40<03:36, 10.72it/s]
Extraindo:  15%|█▍        | 395/2710 [00:40<03:34, 10.78it/s]
Extraindo:  15%|█▍        | 397/2710 [00:40<04:31,  8.51it/s]
Extraindo:  15%|█▍        | 399/2710 [00:40<04:14,  9.10it/s]
Extraindo:  15%|█▍        | 401/2710 [00:41<04:03,  9.50it/s]
Extraindo:  15%|█▍        | 403/2710 [00:41<03:58,  9.69it/s]
Extraindo:  15%|█▍        | 405/2710 [00:41<04:34,  8.41it/s]
Extraindo:  15%|█▌        | 407/2710 [00:41<04:14,  9.06it/s]
Extraindo:  15%|█▌        | 409/2710 [00:42<04:02,  9.47it/s]
Extraindo:  15%|█▌        | 410/2710 [00:42<04:47,  8.00it/s]
Extraindo:  15%|█▌        | 412/2710 [00:42<04:19,  8.84it/s]
Extraindo:  15%|█▌        | 413/2710 [00:42<04:14,  9.03it/s]
Extraindo:  15%|█▌        | 415/2710 [00:42<03:55,  9.73it/s]
Extraindo:  15%|█▌        | 417/2710 [00:42<03:48, 10.03it/s]
Extraindo:  15%|█▌        | 419/2710 [00:43<03:43, 10.23it/s]
Extraindo:  16%|█▌        | 421/2710 [00:43<03:39, 10.43it/s]
Extraindo:  16%|█▌        | 423/2710 [00:43<03:35, 10.63it/s]
Extraindo:  16%|█▌        | 425/2710 [00:43<03:35, 10.59it/s]
Extraindo:  16%|█▌        | 427/2710 [00:43<04:23,  8.68it/s]
Extraindo:  16%|█▌        | 429/2710 [00:44<04:03,  9.37it/s]
Extraindo:  16%|█▌        | 431/2710 [00:44<04:37,  8.22it/s]
Extraindo:  16%|█▌        | 432/2710 [00:44<04:35,  8.28it/s]
Extraindo:  16%|█▌        | 434/2710 [00:44<04:13,  8.99it/s]
Extraindo:  16%|█▌        | 436/2710 [00:44<03:56,  9.63it/s]
Extraindo:  16%|█▌        | 438/2710 [00:45<03:45, 10.06it/s]
Extraindo:  16%|█▌        | 440/2710 [00:45<03:42, 10.20it/s]
Extraindo:  16%|█▋        | 442/2710 [00:45<03:38, 10.39it/s]
Extraindo:  16%|█▋        | 444/2710 [00:45<03:46,  9.98it/s]
Extraindo:  16%|█▋        | 446/2710 [00:45<03:39, 10.29it/s]
Extraindo:  17%|█▋        | 448/2710 [00:46<04:23,  8.59it/s]
Extraindo:  17%|█▋        | 450/2710 [00:46<04:06,  9.15it/s]
Extraindo:  17%|█▋        | 452/2710 [00:46<04:07,  9.14it/s]
Extraindo:  17%|█▋        | 453/2710 [00:46<04:06,  9.15it/s]
Extraindo:  17%|█▋        | 455/2710 [00:46<03:58,  9.47it/s]
Extraindo:  17%|█▋        | 456/2710 [00:47<03:56,  9.54it/s]
Extraindo:  17%|█▋        | 458/2710 [00:47<05:37,  6.68it/s]
Extraindo:  17%|█▋        | 459/2710 [00:47<05:22,  6.97it/s]
Extraindo:  17%|█▋        | 461/2710 [00:47<04:34,  8.18it/s]
Extraindo:  17%|█▋        | 463/2710 [00:47<04:07,  9.09it/s]
Extraindo:  17%|█▋        | 465/2710 [00:48<03:50,  9.72it/s]
Extraindo:  17%|█▋        | 467/2710 [00:48<03:42, 10.06it/s]
Extraindo:  17%|█▋        | 469/2710 [00:48<03:35, 10.40it/s]
Extraindo:  17%|█▋        | 471/2710 [00:48<03:48,  9.78it/s]
Extraindo:  17%|█▋        | 473/2710 [00:48<03:44,  9.95it/s]
Extraindo:  18%|█▊        | 475/2710 [00:49<03:42, 10.06it/s]
Extraindo:  18%|█▊        | 477/2710 [00:49<03:43, 10.00it/s]
Extraindo:  18%|█▊        | 479/2710 [00:49<03:43,  9.98it/s]
Extraindo:  18%|█▊        | 481/2710 [00:49<03:54,  9.50it/s]
Extraindo:  18%|█▊        | 482/2710 [00:49<03:53,  9.54it/s]
Extraindo:  18%|█▊        | 484/2710 [00:50<04:32,  8.16it/s]
Extraindo:  18%|█▊        | 485/2710 [00:50<05:15,  7.04it/s]
Extraindo:  18%|█▊        | 487/2710 [00:50<04:32,  8.15it/s]
Extraindo:  18%|█▊        | 488/2710 [00:50<05:18,  6.97it/s]
Extraindo:  18%|█▊        | 490/2710 [00:50<04:30,  8.21it/s]
Extraindo:  18%|█▊        | 492/2710 [00:51<04:04,  9.07it/s]
Extraindo:  18%|█▊        | 494/2710 [00:51<03:48,  9.69it/s]
Extraindo:  18%|█▊        | 496/2710 [00:51<03:35, 10.29it/s]
Extraindo:  18%|█▊        | 498/2710 [00:51<03:35, 10.27it/s]
Extraindo:  18%|█▊        | 500/2710 [00:51<03:30, 10.50it/s]
Extraindo:  19%|█▊        | 502/2710 [00:52<03:31, 10.44it/s]
Extraindo:  19%|█▊        | 504/2710 [00:52<03:29, 10.55it/s]
Extraindo:  19%|█▊        | 506/2710 [00:52<03:27, 10.64it/s]
Extraindo:  19%|█▊        | 508/2710 [00:52<03:38, 10.10it/s]
Extraindo:  19%|█▉        | 510/2710 [00:52<03:35, 10.19it/s]
Extraindo:  19%|█▉        | 512/2710 [00:53<04:17,  8.54it/s]
Extraindo:  19%|█▉        | 514/2710 [00:53<04:04,  8.99it/s]
Extraindo:  19%|█▉        | 515/2710 [00:53<04:00,  9.14it/s]
Extraindo:  19%|█▉        | 517/2710 [00:53<04:07,  8.87it/s]
Extraindo:  19%|█▉        | 518/2710 [00:53<04:56,  7.40it/s]
Extraindo:  19%|█▉        | 520/2710 [00:54<04:20,  8.40it/s]
Extraindo:  19%|█▉        | 522/2710 [00:54<04:46,  7.63it/s]
Extraindo:  19%|█▉        | 524/2710 [00:54<04:23,  8.30it/s]
Extraindo:  19%|█▉        | 525/2710 [00:54<04:16,  8.53it/s]
Extraindo:  19%|█▉        | 527/2710 [00:54<03:54,  9.29it/s]
Extraindo:  20%|█▉        | 529/2710 [00:55<03:44,  9.70it/s]
Extraindo:  20%|█▉        | 531/2710 [00:55<03:39,  9.91it/s]
Extraindo:  20%|█▉        | 533/2710 [00:55<03:43,  9.74it/s]
Extraindo:  20%|█▉        | 534/2710 [00:55<03:47,  9.57it/s]
Extraindo:  20%|█▉        | 535/2710 [00:55<03:51,  9.41it/s]
Extraindo:  20%|█▉        | 537/2710 [00:55<03:43,  9.71it/s]
Extraindo:  20%|█▉        | 538/2710 [00:56<04:39,  7.78it/s]
Extraindo:  20%|█▉        | 540/2710 [00:56<04:14,  8.53it/s]
Extraindo:  20%|██        | 542/2710 [00:56<04:04,  8.86it/s]
Extraindo:  20%|██        | 543/2710 [00:56<04:10,  8.64it/s]
Extraindo:  20%|██        | 545/2710 [00:56<03:37,  9.96it/s]
Extraindo:  20%|██        | 547/2710 [00:57<03:39,  9.86it/s]
Extraindo:  20%|██        | 549/2710 [00:57<04:21,  8.28it/s]
Extraindo:  20%|██        | 551/2710 [00:57<04:01,  8.94it/s]
Extraindo:  20%|██        | 552/2710 [00:57<03:57,  9.08it/s]
Extraindo:  20%|██        | 553/2710 [00:57<03:56,  9.11it/s]
Extraindo:  20%|██        | 555/2710 [00:57<03:47,  9.45it/s]
Extraindo:  21%|██        | 556/2710 [00:58<03:46,  9.50it/s]
Extraindo:  21%|██        | 558/2710 [00:58<03:41,  9.70it/s]
Extraindo:  21%|██        | 559/2710 [00:58<04:35,  7.81it/s]
Extraindo:  21%|██        | 561/2710 [00:58<04:13,  8.48it/s]
Extraindo:  21%|██        | 562/2710 [00:58<04:06,  8.71it/s]
Extraindo:  21%|██        | 564/2710 [00:58<03:53,  9.19it/s]
Extraindo:  21%|██        | 566/2710 [00:59<04:32,  7.86it/s]
Extraindo:  21%|██        | 568/2710 [00:59<04:09,  8.57it/s]
Extraindo:  21%|██        | 570/2710 [00:59<03:56,  9.04it/s]
Extraindo:  21%|██        | 572/2710 [00:59<03:46,  9.43it/s]
Extraindo:  21%|██        | 573/2710 [00:59<03:45,  9.49it/s]
Extraindo:  21%|██        | 575/2710 [01:00<03:40,  9.68it/s]
Extraindo:  21%|██▏       | 576/2710 [01:00<03:40,  9.69it/s]
Extraindo:  21%|██▏       | 577/2710 [01:00<03:41,  9.61it/s]
Extraindo:  21%|██▏       | 579/2710 [01:00<04:40,  7.60it/s]
Extraindo:  21%|██▏       | 581/2710 [01:00<04:10,  8.48it/s]
Extraindo:  22%|██▏       | 583/2710 [01:01<03:57,  8.94it/s]
Extraindo:  22%|██▏       | 585/2710 [01:01<03:48,  9.28it/s]
Extraindo:  22%|██▏       | 587/2710 [01:01<03:42,  9.53it/s]
Extraindo:  22%|██▏       | 589/2710 [01:01<03:42,  9.54it/s]
Extraindo:  22%|██▏       | 590/2710 [01:01<03:42,  9.55it/s]
Extraindo:  22%|██▏       | 591/2710 [01:01<03:41,  9.57it/s]
Extraindo:  22%|██▏       | 592/2710 [01:02<04:40,  7.55it/s]
Extraindo:  22%|██▏       | 594/2710 [01:02<04:10,  8.44it/s]
Extraindo:  22%|██▏       | 595/2710 [01:02<04:02,  8.72it/s]
Extraindo:  22%|██▏       | 596/2710 [01:02<05:02,  6.99it/s]
Extraindo:  22%|██▏       | 598/2710 [01:02<04:21,  8.09it/s]
Extraindo:  22%|██▏       | 600/2710 [01:03<04:00,  8.78it/s]
Extraindo:  22%|██▏       | 602/2710 [01:03<03:47,  9.25it/s]
Extraindo:  22%|██▏       | 603/2710 [01:03<03:45,  9.34it/s]
Extraindo:  22%|██▏       | 605/2710 [01:03<03:39,  9.60it/s]
Extraindo:  22%|██▏       | 607/2710 [01:03<03:40,  9.52it/s]
Extraindo:  22%|██▏       | 608/2710 [01:03<03:41,  9.50it/s]
Extraindo:  22%|██▏       | 609/2710 [01:04<04:39,  7.51it/s]
Extraindo:  23%|██▎       | 611/2710 [01:04<04:09,  8.41it/s]
Extraindo:  23%|██▎       | 613/2710 [01:04<03:50,  9.09it/s]
Extraindo:  23%|██▎       | 615/2710 [01:04<03:46,  9.25it/s]
Extraindo:  23%|██▎       | 616/2710 [01:04<03:45,  9.30it/s]
Extraindo:  23%|██▎       | 617/2710 [01:04<03:42,  9.41it/s]
Extraindo:  23%|██▎       | 618/2710 [01:05<03:41,  9.45it/s]
Extraindo:  23%|██▎       | 619/2710 [01:05<04:42,  7.40it/s]
Extraindo:  23%|██▎       | 621/2710 [01:05<04:10,  8.33it/s]
Extraindo:  23%|██▎       | 623/2710 [01:05<03:55,  8.87it/s]
Extraindo:  23%|██▎       | 624/2710 [01:05<03:51,  9.02it/s]
Extraindo:  23%|██▎       | 625/2710 [01:05<03:46,  9.22it/s]
Extraindo:  23%|██▎       | 626/2710 [01:05<03:42,  9.39it/s]
Extraindo:  23%|██▎       | 627/2710 [01:06<03:39,  9.47it/s]
Extraindo:  23%|██▎       | 628/2710 [01:06<03:38,  9.53it/s]
Extraindo:  23%|██▎       | 629/2710 [01:06<03:38,  9.52it/s]
Extraindo:  23%|██▎       | 630/2710 [01:06<03:36,  9.59it/s]
Extraindo:  23%|██▎       | 631/2710 [01:06<03:37,  9.58it/s]
Extraindo:  23%|██▎       | 632/2710 [01:06<03:36,  9.60it/s]
Extraindo:  23%|██▎       | 633/2710 [01:06<05:01,  6.88it/s]
Extraindo:  23%|██▎       | 634/2710 [01:06<04:34,  7.56it/s]
Extraindo:  23%|██▎       | 636/2710 [01:07<04:03,  8.53it/s]
Extraindo:  24%|██▎       | 637/2710 [01:07<03:54,  8.84it/s]
Extraindo:  24%|██▎       | 638/2710 [01:07<03:48,  9.06it/s]
Extraindo:  24%|██▎       | 639/2710 [01:07<03:45,  9.20it/s]
Extraindo:  24%|██▎       | 640/2710 [01:07<04:59,  6.91it/s]
Extraindo:  24%|██▎       | 641/2710 [01:07<04:51,  7.09it/s]
Extraindo:  24%|██▎       | 643/2710 [01:07<04:11,  8.23it/s]
Extraindo:  24%|██▍       | 645/2710 [01:08<03:50,  8.96it/s]
Extraindo:  24%|██▍       | 646/2710 [01:08<04:40,  7.36it/s]
Extraindo:  24%|██▍       | 648/2710 [01:08<04:06,  8.38it/s]
Extraindo:  24%|██▍       | 649/2710 [01:08<04:02,  8.50it/s]
Extraindo:  24%|██▍       | 650/2710 [01:08<03:54,  8.78it/s]
Extraindo:  24%|██▍       | 652/2710 [01:08<03:40,  9.32it/s]
Extraindo:  24%|██▍       | 654/2710 [01:09<03:33,  9.64it/s]
Extraindo:  24%|██▍       | 655/2710 [01:09<05:16,  6.49it/s]
Extraindo:  24%|██▍       | 657/2710 [01:09<04:30,  7.60it/s]
Extraindo:  24%|██▍       | 659/2710 [01:09<03:59,  8.57it/s]
Extraindo:  24%|██▍       | 661/2710 [01:10<03:43,  9.16it/s]
Extraindo:  24%|██▍       | 663/2710 [01:10<03:30,  9.72it/s]
Extraindo:  25%|██▍       | 665/2710 [01:10<03:24,  9.98it/s]
Extraindo:  25%|██▍       | 667/2710 [01:10<03:21, 10.15it/s]
Extraindo:  25%|██▍       | 669/2710 [01:10<03:27,  9.85it/s]
Extraindo:  25%|██▍       | 671/2710 [01:11<04:40,  7.27it/s]
Extraindo:  25%|██▍       | 673/2710 [01:11<04:06,  8.25it/s]
Extraindo:  25%|██▍       | 674/2710 [01:11<04:42,  7.20it/s]
Extraindo:  25%|██▍       | 675/2710 [01:11<04:27,  7.61it/s]
Extraindo:  25%|██▍       | 677/2710 [01:11<03:50,  8.82it/s]
Extraindo:  25%|██▌       | 679/2710 [01:12<03:31,  9.60it/s]
Extraindo:  25%|██▌       | 681/2710 [01:12<03:21, 10.04it/s]
Extraindo:  25%|██▌       | 683/2710 [01:12<03:10, 10.64it/s]
Extraindo:  25%|██▌       | 685/2710 [01:12<03:05, 10.91it/s]
Extraindo:  25%|██▌       | 687/2710 [01:12<03:08, 10.74it/s]
Extraindo:  25%|██▌       | 689/2710 [01:13<03:06, 10.84it/s]
Extraindo:  25%|██▌       | 691/2710 [01:13<03:07, 10.76it/s]
Extraindo:  26%|██▌       | 693/2710 [01:13<03:09, 10.65it/s]
Extraindo:  26%|██▌       | 695/2710 [01:13<03:09, 10.66it/s]
Extraindo:  26%|██▌       | 697/2710 [01:13<03:17, 10.17it/s]
Extraindo:  26%|██▌       | 699/2710 [01:14<03:17, 10.18it/s]
Extraindo:  26%|██▌       | 701/2710 [01:14<03:54,  8.58it/s]
Extraindo:  26%|██▌       | 702/2710 [01:14<04:32,  7.37it/s]
Extraindo:  26%|██▌       | 704/2710 [01:14<04:09,  8.03it/s]
Extraindo:  26%|██▌       | 706/2710 [01:14<03:50,  8.70it/s]
Extraindo:  26%|██▌       | 708/2710 [01:15<03:33,  9.39it/s]
Extraindo:  26%|██▌       | 709/2710 [01:15<04:12,  7.94it/s]
Extraindo:  26%|██▌       | 711/2710 [01:15<03:43,  8.93it/s]
Extraindo:  26%|██▋       | 713/2710 [01:15<03:30,  9.49it/s]
Extraindo:  26%|██▋       | 715/2710 [01:15<03:22,  9.83it/s]
Extraindo:  26%|██▋       | 717/2710 [01:16<03:18, 10.05it/s]
Extraindo:  27%|██▋       | 719/2710 [01:16<03:11, 10.40it/s]
Extraindo:  27%|██▋       | 721/2710 [01:16<03:08, 10.55it/s]
Extraindo:  27%|██▋       | 723/2710 [01:16<03:07, 10.60it/s]
Extraindo:  27%|██▋       | 725/2710 [01:16<03:12, 10.33it/s]
Extraindo:  27%|██▋       | 727/2710 [01:17<03:10, 10.38it/s]
Extraindo:  27%|██▋       | 729/2710 [01:17<03:47,  8.73it/s]
Extraindo:  27%|██▋       | 731/2710 [01:17<03:36,  9.12it/s]
Extraindo:  27%|██▋       | 732/2710 [01:17<04:17,  7.68it/s]
Extraindo:  27%|██▋       | 734/2710 [01:17<03:48,  8.64it/s]
Extraindo:  27%|██▋       | 736/2710 [01:18<03:31,  9.31it/s]
Extraindo:  27%|██▋       | 738/2710 [01:18<03:22,  9.72it/s]
Extraindo:  27%|██▋       | 740/2710 [01:18<03:16, 10.04it/s]
Extraindo:  27%|██▋       | 742/2710 [01:18<03:14, 10.13it/s]
Extraindo:  27%|██▋       | 744/2710 [01:18<03:23,  9.64it/s]
Extraindo:  28%|██▊       | 746/2710 [01:19<03:54,  8.36it/s]
Extraindo:  28%|██▊       | 748/2710 [01:19<03:40,  8.91it/s]
Extraindo:  28%|██▊       | 750/2710 [01:19<03:35,  9.11it/s]
Extraindo:  28%|██▊       | 751/2710 [01:19<03:32,  9.24it/s]
Extraindo:  28%|██▊       | 752/2710 [01:19<03:34,  9.12it/s]
Extraindo:  28%|██▊       | 754/2710 [01:20<03:25,  9.53it/s]
Extraindo:  28%|██▊       | 755/2710 [01:20<04:10,  7.79it/s]
Extraindo:  28%|██▊       | 757/2710 [01:20<03:43,  8.75it/s]
Extraindo:  28%|██▊       | 759/2710 [01:20<03:29,  9.32it/s]
Extraindo:  28%|██▊       | 761/2710 [01:20<03:29,  9.29it/s]
Extraindo:  28%|██▊       | 763/2710 [01:21<04:01,  8.05it/s]
Extraindo:  28%|██▊       | 765/2710 [01:21<03:42,  8.76it/s]
Extraindo:  28%|██▊       | 767/2710 [01:21<03:30,  9.23it/s]
Extraindo:  28%|██▊       | 769/2710 [01:21<03:23,  9.56it/s]
Extraindo:  28%|██▊       | 770/2710 [01:21<03:29,  9.25it/s]
Extraindo:  28%|██▊       | 772/2710 [01:22<03:23,  9.51it/s]
Extraindo:  29%|██▊       | 774/2710 [01:22<03:17,  9.82it/s]
Extraindo:  29%|██▊       | 776/2710 [01:22<03:13,  9.99it/s]
Extraindo:  29%|██▊       | 778/2710 [01:22<03:11, 10.11it/s]
Extraindo:  29%|██▉       | 780/2710 [01:22<03:18,  9.72it/s]
Extraindo:  29%|██▉       | 781/2710 [01:22<03:18,  9.72it/s]
Extraindo:  29%|██▉       | 782/2710 [01:23<04:06,  7.82it/s]
Extraindo:  29%|██▉       | 783/2710 [01:23<04:47,  6.71it/s]
Extraindo:  29%|██▉       | 785/2710 [01:23<04:08,  7.76it/s]
Extraindo:  29%|██▉       | 787/2710 [01:23<03:46,  8.48it/s]
Extraindo:  29%|██▉       | 788/2710 [01:23<03:52,  8.28it/s]
Extraindo:  29%|██▉       | 790/2710 [01:24<03:32,  9.06it/s]
Extraindo:  29%|██▉       | 792/2710 [01:24<03:21,  9.52it/s]
Extraindo:  29%|██▉       | 793/2710 [01:24<04:05,  7.81it/s]
Extraindo:  29%|██▉       | 795/2710 [01:24<03:39,  8.72it/s]
Extraindo:  29%|██▉       | 797/2710 [01:24<03:36,  8.82it/s]
Extraindo:  29%|██▉       | 799/2710 [01:25<03:27,  9.20it/s]
Extraindo:  30%|██▉       | 801/2710 [01:25<03:20,  9.50it/s]
Extraindo:  30%|██▉       | 802/2710 [01:25<03:20,  9.52it/s]
Extraindo:  30%|██▉       | 803/2710 [01:25<03:22,  9.44it/s]
Extraindo:  30%|██▉       | 804/2710 [01:25<03:21,  9.44it/s]
Extraindo:  30%|██▉       | 806/2710 [01:25<03:18,  9.61it/s]
Extraindo:  30%|██▉       | 807/2710 [01:25<03:19,  9.53it/s]
Extraindo:  30%|██▉       | 809/2710 [01:26<04:00,  7.91it/s]
Extraindo:  30%|██▉       | 811/2710 [01:26<03:37,  8.74it/s]
Extraindo:  30%|██▉       | 812/2710 [01:26<03:32,  8.95it/s]
Extraindo:  30%|███       | 813/2710 [01:26<03:29,  9.05it/s]
Extraindo:  30%|███       | 814/2710 [01:26<03:24,  9.26it/s]
Extraindo:  30%|███       | 815/2710 [01:26<03:30,  9.02it/s]
Extraindo:  30%|███       | 816/2710 [01:26<03:24,  9.24it/s]
Extraindo:  30%|███       | 817/2710 [01:27<03:23,  9.30it/s]
Extraindo:  30%|███       | 819/2710 [01:27<03:15,  9.66it/s]
Extraindo:  30%|███       | 820/2710 [01:27<04:07,  7.64it/s]
Extraindo:  30%|███       | 821/2710 [01:27<03:53,  8.08it/s]
Extraindo:  30%|███       | 823/2710 [01:27<03:32,  8.90it/s]
Extraindo:  30%|███       | 824/2710 [01:28<04:26,  7.07it/s]
Extraindo:  30%|███       | 826/2710 [01:28<03:50,  8.16it/s]
Extraindo:  31%|███       | 828/2710 [01:28<03:30,  8.93it/s]
Extraindo:  31%|███       | 830/2710 [01:28<03:21,  9.32it/s]
Extraindo:  31%|███       | 831/2710 [01:28<03:18,  9.44it/s]
Extraindo:  31%|███       | 832/2710 [01:28<03:16,  9.54it/s]
Extraindo:  31%|███       | 833/2710 [01:28<03:18,  9.48it/s]
Extraindo:  31%|███       | 834/2710 [01:28<03:15,  9.58it/s]
Extraindo:  31%|███       | 835/2710 [01:29<04:11,  7.47it/s]
Extraindo:  31%|███       | 837/2710 [01:29<03:37,  8.61it/s]
Extraindo:  31%|███       | 839/2710 [01:29<03:21,  9.27it/s]
Extraindo:  31%|███       | 841/2710 [01:29<03:14,  9.62it/s]
Extraindo:  31%|███       | 842/2710 [01:29<03:14,  9.63it/s]
Extraindo:  31%|███       | 843/2710 [01:29<03:15,  9.57it/s]
Extraindo:  31%|███       | 844/2710 [01:30<03:15,  9.55it/s]
Extraindo:  31%|███       | 846/2710 [01:30<03:10,  9.80it/s]
Extraindo:  31%|███▏      | 848/2710 [01:30<03:08,  9.88it/s]
Extraindo:  31%|███▏      | 849/2710 [01:30<03:10,  9.77it/s]
Extraindo:  31%|███▏      | 850/2710 [01:30<03:09,  9.80it/s]
Extraindo:  31%|███▏      | 851/2710 [01:30<03:09,  9.80it/s]
Extraindo:  31%|███▏      | 852/2710 [01:30<03:20,  9.26it/s]
Extraindo:  31%|███▏      | 853/2710 [01:31<03:17,  9.42it/s]
Extraindo:  32%|███▏      | 854/2710 [01:31<04:21,  7.10it/s]
Extraindo:  32%|███▏      | 856/2710 [01:31<03:42,  8.34it/s]
Extraindo:  32%|███▏      | 857/2710 [01:31<03:35,  8.60it/s]
Extraindo:  32%|███▏      | 858/2710 [01:31<04:25,  6.99it/s]
Extraindo:  32%|███▏      | 859/2710 [01:31<04:04,  7.58it/s]
Extraindo:  32%|███▏      | 860/2710 [01:31<03:55,  7.86it/s]
Extraindo:  32%|███▏      | 862/2710 [01:32<03:27,  8.91it/s]
Extraindo:  32%|███▏      | 863/2710 [01:32<04:18,  7.15it/s]
Extraindo:  32%|███▏      | 865/2710 [01:32<03:41,  8.32it/s]
Extraindo:  32%|███▏      | 867/2710 [01:32<03:24,  9.02it/s]
Extraindo:  32%|███▏      | 869/2710 [01:32<03:15,  9.40it/s]
Extraindo:  32%|███▏      | 871/2710 [01:33<03:08,  9.76it/s]
Extraindo:  32%|███▏      | 873/2710 [01:33<03:04,  9.94it/s]
Extraindo:  32%|███▏      | 875/2710 [01:33<03:04,  9.96it/s]
Extraindo:  32%|███▏      | 876/2710 [01:33<03:04,  9.93it/s]
Extraindo:  32%|███▏      | 878/2710 [01:33<03:02, 10.03it/s]
Extraindo:  32%|███▏      | 880/2710 [01:34<03:10,  9.59it/s]
Extraindo:  33%|███▎      | 881/2710 [01:34<03:10,  9.62it/s]
Extraindo:  33%|███▎      | 882/2710 [01:34<03:09,  9.63it/s]
Extraindo:  33%|███▎      | 884/2710 [01:34<03:05,  9.82it/s]
Extraindo:  33%|███▎      | 885/2710 [01:34<03:56,  7.70it/s]
Extraindo:  33%|███▎      | 886/2710 [01:34<03:45,  8.08it/s]
Extraindo:  33%|███▎      | 887/2710 [01:34<03:44,  8.12it/s]
Extraindo:  33%|███▎      | 888/2710 [01:35<03:33,  8.53it/s]
Extraindo:  33%|███▎      | 889/2710 [01:35<03:30,  8.65it/s]
Extraindo:  33%|███▎      | 890/2710 [01:35<04:26,  6.83it/s]
Extraindo:  33%|███▎      | 892/2710 [01:35<03:45,  8.05it/s]
Extraindo:  33%|███▎      | 894/2710 [01:35<03:24,  8.87it/s]
Extraindo:  33%|███▎      | 895/2710 [01:35<04:07,  7.34it/s]
Extraindo:  33%|███▎      | 897/2710 [01:36<03:35,  8.40it/s]
Extraindo:  33%|███▎      | 899/2710 [01:36<03:19,  9.08it/s]
Extraindo:  33%|███▎      | 901/2710 [01:36<03:10,  9.49it/s]
Extraindo:  33%|███▎      | 903/2710 [01:36<03:04,  9.79it/s]
Extraindo:  33%|███▎      | 905/2710 [01:36<03:12,  9.39it/s]
Extraindo:  33%|███▎      | 906/2710 [01:37<03:10,  9.46it/s]
Extraindo:  33%|███▎      | 907/2710 [01:37<03:08,  9.54it/s]
Extraindo:  34%|███▎      | 909/2710 [01:37<03:03,  9.82it/s]
Extraindo:  34%|███▎      | 911/2710 [01:37<03:02,  9.87it/s]
Extraindo:  34%|███▎      | 912/2710 [01:37<03:03,  9.81it/s]
Extraindo:  34%|███▎      | 913/2710 [01:37<03:04,  9.74it/s]
Extraindo:  34%|███▎      | 914/2710 [01:37<03:09,  9.46it/s]
Extraindo:  34%|███▍      | 915/2710 [01:37<03:15,  9.16it/s]
Extraindo:  34%|███▍      | 916/2710 [01:38<04:14,  7.05it/s]
Extraindo:  34%|███▍      | 917/2710 [01:38<04:58,  6.02it/s]
Extraindo:  34%|███▍      | 919/2710 [01:38<04:03,  7.34it/s]
Extraindo:  34%|███▍      | 921/2710 [01:38<03:33,  8.39it/s]
Extraindo:  34%|███▍      | 922/2710 [01:38<03:33,  8.39it/s]
Extraindo:  34%|███▍      | 924/2710 [01:39<03:16,  9.07it/s]
Extraindo:  34%|███▍      | 926/2710 [01:39<03:07,  9.53it/s]
Extraindo:  34%|███▍      | 928/2710 [01:39<03:02,  9.74it/s]
Extraindo:  34%|███▍      | 929/2710 [01:39<03:02,  9.73it/s]
Extraindo:  34%|███▍      | 930/2710 [01:39<03:01,  9.79it/s]
Extraindo:  34%|███▍      | 932/2710 [01:39<03:05,  9.57it/s]
Extraindo:  34%|███▍      | 933/2710 [01:40<03:51,  7.68it/s]
Extraindo:  34%|███▍      | 934/2710 [01:40<03:39,  8.10it/s]
Extraindo:  35%|███▍      | 935/2710 [01:40<03:28,  8.50it/s]
Extraindo:  35%|███▍      | 937/2710 [01:40<03:14,  9.10it/s]
Extraindo:  35%|███▍      | 938/2710 [01:40<03:10,  9.29it/s]
Extraindo:  35%|███▍      | 939/2710 [01:40<03:11,  9.26it/s]
Extraindo:  35%|███▍      | 940/2710 [01:40<03:17,  8.97it/s]
Extraindo:  35%|███▍      | 941/2710 [01:41<03:19,  8.86it/s]
Extraindo:  35%|███▍      | 942/2710 [01:41<03:14,  9.07it/s]
Extraindo:  35%|███▍      | 943/2710 [01:41<03:12,  9.17it/s]
Extraindo:  35%|███▍      | 944/2710 [01:41<04:12,  7.00it/s]
Extraindo:  35%|███▍      | 946/2710 [01:41<04:25,  6.63it/s]
Extraindo:  35%|███▍      | 948/2710 [01:41<03:56,  7.47it/s]
Extraindo:  35%|███▌      | 950/2710 [01:42<03:30,  8.35it/s]
Extraindo:  35%|███▌      | 951/2710 [01:42<03:23,  8.64it/s]
Extraindo:  35%|███▌      | 953/2710 [01:42<03:08,  9.30it/s]
Extraindo:  35%|███▌      | 955/2710 [01:42<03:03,  9.58it/s]
Extraindo:  35%|███▌      | 957/2710 [01:42<02:57,  9.85it/s]
Extraindo:  35%|███▌      | 958/2710 [01:42<02:57,  9.86it/s]
Extraindo:  35%|███▌      | 959/2710 [01:43<02:57,  9.85it/s]
Extraindo:  35%|███▌      | 961/2710 [01:43<02:56,  9.92it/s]
Extraindo:  35%|███▌      | 962/2710 [01:43<02:56,  9.91it/s]
Extraindo:  36%|███▌      | 963/2710 [01:43<02:56,  9.88it/s]
Extraindo:  36%|███▌      | 964/2710 [01:43<02:57,  9.84it/s]
Extraindo:  36%|███▌      | 965/2710 [01:43<02:57,  9.81it/s]
Extraindo:  36%|███▌      | 966/2710 [01:43<03:02,  9.57it/s]
Extraindo:  36%|███▌      | 967/2710 [01:43<03:03,  9.51it/s]
Extraindo:  36%|███▌      | 968/2710 [01:44<03:09,  9.21it/s]
Extraindo:  36%|███▌      | 970/2710 [01:44<03:51,  7.51it/s]
Extraindo:  36%|███▌      | 971/2710 [01:44<04:29,  6.46it/s]
Extraindo:  36%|███▌      | 973/2710 [01:44<03:47,  7.63it/s]
Extraindo:  36%|███▌      | 974/2710 [01:44<03:35,  8.05it/s]
Extraindo:  36%|███▌      | 975/2710 [01:44<03:26,  8.41it/s]
Extraindo:  36%|███▌      | 976/2710 [01:45<03:23,  8.54it/s]
Extraindo:  36%|███▌      | 977/2710 [01:45<04:15,  6.77it/s]
Extraindo:  36%|███▌      | 979/2710 [01:45<03:33,  8.12it/s]
Extraindo:  36%|███▌      | 981/2710 [01:45<03:14,  8.90it/s]
Extraindo:  36%|███▋      | 983/2710 [01:45<03:02,  9.48it/s]
Extraindo:  36%|███▋      | 984/2710 [01:46<04:32,  6.34it/s]
Extraindo:  36%|███▋      | 986/2710 [01:46<03:47,  7.58it/s]
Extraindo:  36%|███▋      | 988/2710 [01:46<03:23,  8.46it/s]
Extraindo:  36%|███▋      | 989/2710 [01:46<03:17,  8.71it/s]
Extraindo:  37%|███▋      | 991/2710 [01:46<03:05,  9.27it/s]
Extraindo:  37%|███▋      | 992/2710 [01:46<03:05,  9.25it/s]
Extraindo:  37%|███▋      | 994/2710 [01:47<02:58,  9.63it/s]
Extraindo:  37%|███▋      | 996/2710 [01:47<02:53,  9.90it/s]
Extraindo:  37%|███▋      | 998/2710 [01:47<03:25,  8.32it/s]
Extraindo:  37%|███▋      | 999/2710 [01:47<03:19,  8.58it/s]
Extraindo:  37%|███▋      | 1001/2710 [01:47<03:11,  8.94it/s]
Extraindo:  37%|███▋      | 1003/2710 [01:48<03:01,  9.41it/s]
Extraindo:  37%|███▋      | 1004/2710 [01:48<03:00,  9.47it/s]
Extraindo:  37%|███▋      | 1006/2710 [01:48<02:54,  9.75it/s]
Extraindo:  37%|███▋      | 1007/2710 [01:48<04:19,  6.55it/s]
Extraindo:  37%|███▋      | 1009/2710 [01:49<03:39,  7.73it/s]
Extraindo:  37%|███▋      | 1011/2710 [01:49<03:16,  8.65it/s]
Extraindo:  37%|███▋      | 1013/2710 [01:49<03:00,  9.41it/s]
Extraindo:  37%|███▋      | 1015/2710 [01:49<02:51,  9.89it/s]
Extraindo:  38%|███▊      | 1017/2710 [01:49<02:45, 10.22it/s]
Extraindo:  38%|███▊      | 1019/2710 [01:49<02:41, 10.46it/s]
Extraindo:  38%|███▊      | 1021/2710 [01:50<02:44, 10.29it/s]
Extraindo:  38%|███▊      | 1023/2710 [01:50<02:42, 10.38it/s]
Extraindo:  38%|███▊      | 1025/2710 [01:50<03:13,  8.72it/s]
Extraindo:  38%|███▊      | 1027/2710 [01:50<03:01,  9.29it/s]
Extraindo:  38%|███▊      | 1029/2710 [01:50<02:57,  9.47it/s]
Extraindo:  38%|███▊      | 1031/2710 [01:51<02:53,  9.68it/s]
Extraindo:  38%|███▊      | 1033/2710 [01:51<02:50,  9.86it/s]
Extraindo:  38%|███▊      | 1035/2710 [01:51<02:46, 10.06it/s]
Extraindo:  38%|███▊      | 1037/2710 [01:51<02:44, 10.20it/s]
Extraindo:  38%|███▊      | 1039/2710 [01:52<03:18,  8.43it/s]
Extraindo:  38%|███▊      | 1041/2710 [01:52<03:06,  8.96it/s]
Extraindo:  38%|███▊      | 1043/2710 [01:52<02:59,  9.31it/s]
Extraindo:  39%|███▊      | 1045/2710 [01:52<03:23,  8.18it/s]
Extraindo:  39%|███▊      | 1047/2710 [01:52<03:09,  8.77it/s]
Extraindo:  39%|███▊      | 1048/2710 [01:53<03:05,  8.95it/s]
Extraindo:  39%|███▊      | 1050/2710 [01:53<02:56,  9.42it/s]
Extraindo:  39%|███▉      | 1052/2710 [01:53<03:24,  8.11it/s]
Extraindo:  39%|███▉      | 1054/2710 [01:53<03:05,  8.93it/s]
Extraindo:  39%|███▉      | 1056/2710 [01:53<02:53,  9.51it/s]
Extraindo:  39%|███▉      | 1058/2710 [01:54<02:53,  9.50it/s]
Extraindo:  39%|███▉      | 1060/2710 [01:54<02:48,  9.78it/s]
Extraindo:  39%|███▉      | 1062/2710 [01:54<02:45,  9.94it/s]
Extraindo:  39%|███▉      | 1064/2710 [01:54<02:43, 10.08it/s]
Extraindo:  39%|███▉      | 1066/2710 [01:54<02:41, 10.16it/s]
Extraindo:  39%|███▉      | 1068/2710 [01:55<03:12,  8.53it/s]
Extraindo:  39%|███▉      | 1070/2710 [01:55<02:59,  9.12it/s]
Extraindo:  40%|███▉      | 1072/2710 [01:55<02:53,  9.43it/s]
Extraindo:  40%|███▉      | 1074/2710 [01:55<02:49,  9.66it/s]
Extraindo:  40%|███▉      | 1076/2710 [01:56<02:45,  9.87it/s]
Extraindo:  40%|███▉      | 1078/2710 [01:56<02:44,  9.95it/s]
Extraindo:  40%|███▉      | 1080/2710 [01:56<03:13,  8.43it/s]
Extraindo:  40%|███▉      | 1082/2710 [01:56<03:32,  7.68it/s]
Extraindo:  40%|████      | 1084/2710 [01:57<03:18,  8.19it/s]
Extraindo:  40%|████      | 1086/2710 [01:57<03:02,  8.89it/s]
Extraindo:  40%|████      | 1088/2710 [01:57<02:43,  9.93it/s]
Extraindo:  40%|████      | 1090/2710 [01:57<02:41, 10.06it/s]
Extraindo:  40%|████      | 1092/2710 [01:57<02:39, 10.11it/s]
Extraindo:  40%|████      | 1094/2710 [01:57<02:40, 10.08it/s]
Extraindo:  40%|████      | 1096/2710 [01:58<02:37, 10.25it/s]
Extraindo:  41%|████      | 1098/2710 [01:58<02:37, 10.25it/s]
Extraindo:  41%|████      | 1100/2710 [01:58<03:08,  8.54it/s]
Extraindo:  41%|████      | 1102/2710 [01:58<02:57,  9.04it/s]
Extraindo:  41%|████      | 1103/2710 [01:58<02:56,  9.11it/s]
Extraindo:  41%|████      | 1104/2710 [01:59<02:59,  8.96it/s]
Extraindo:  41%|████      | 1105/2710 [01:59<02:54,  9.17it/s]
Extraindo:  41%|████      | 1106/2710 [01:59<03:41,  7.26it/s]
Extraindo:  41%|████      | 1108/2710 [01:59<03:11,  8.37it/s]
Extraindo:  41%|████      | 1109/2710 [01:59<03:06,  8.61it/s]
Extraindo:  41%|████      | 1111/2710 [01:59<02:51,  9.30it/s]
Extraindo:  41%|████      | 1112/2710 [02:00<02:49,  9.42it/s]
Extraindo:  41%|████      | 1113/2710 [02:00<02:47,  9.51it/s]
Extraindo:  41%|████      | 1115/2710 [02:00<02:43,  9.77it/s]
Extraindo:  41%|████      | 1116/2710 [02:00<02:42,  9.78it/s]
Extraindo:  41%|████▏     | 1118/2710 [02:00<02:39, 10.00it/s]
Extraindo:  41%|████▏     | 1119/2710 [02:00<02:39, 10.00it/s]
Extraindo:  41%|████▏     | 1120/2710 [02:00<03:23,  7.80it/s]
Extraindo:  41%|████▏     | 1121/2710 [02:01<03:19,  7.96it/s]
Extraindo:  41%|████▏     | 1123/2710 [02:01<03:00,  8.79it/s]
Extraindo:  41%|████▏     | 1124/2710 [02:01<02:55,  9.04it/s]
Extraindo:  42%|████▏     | 1126/2710 [02:01<02:45,  9.58it/s]
Extraindo:  42%|████▏     | 1127/2710 [02:01<02:45,  9.59it/s]
Extraindo:  42%|████▏     | 1128/2710 [02:01<02:44,  9.64it/s]
Extraindo:  42%|████▏     | 1130/2710 [02:02<03:29,  7.56it/s]
Extraindo:  42%|████▏     | 1132/2710 [02:02<03:06,  8.45it/s]
Extraindo:  42%|████▏     | 1133/2710 [02:02<03:40,  7.17it/s]
Extraindo:  42%|████▏     | 1135/2710 [02:02<03:10,  8.27it/s]
Extraindo:  42%|████▏     | 1137/2710 [02:02<02:53,  9.07it/s]
Extraindo:  42%|████▏     | 1139/2710 [02:03<02:44,  9.56it/s]
Extraindo:  42%|████▏     | 1140/2710 [02:03<02:45,  9.50it/s]
Extraindo:  42%|████▏     | 1142/2710 [02:03<02:36, 10.02it/s]
Extraindo:  42%|████▏     | 1144/2710 [02:03<02:32, 10.26it/s]
Extraindo:  42%|████▏     | 1146/2710 [02:03<02:32, 10.23it/s]
Extraindo:  42%|████▏     | 1148/2710 [02:03<02:31, 10.32it/s]
Extraindo:  42%|████▏     | 1150/2710 [02:04<02:39,  9.79it/s]
Extraindo:  43%|████▎     | 1152/2710 [02:04<02:35, 10.03it/s]
Extraindo:  43%|████▎     | 1154/2710 [02:04<02:37,  9.88it/s]
Extraindo:  43%|████▎     | 1155/2710 [02:04<02:37,  9.85it/s]
Extraindo:  43%|████▎     | 1156/2710 [02:04<02:38,  9.79it/s]
Extraindo:  43%|████▎     | 1158/2710 [02:05<03:12,  8.06it/s]
Extraindo:  43%|████▎     | 1159/2710 [02:05<03:11,  8.09it/s]
Extraindo:  43%|████▎     | 1160/2710 [02:05<03:04,  8.38it/s]
Extraindo:  43%|████▎     | 1161/2710 [02:05<04:33,  5.66it/s]
Extraindo:  43%|████▎     | 1163/2710 [02:05<03:37,  7.13it/s]
Extraindo:  43%|████▎     | 1165/2710 [02:05<03:07,  8.23it/s]
Extraindo:  43%|████▎     | 1167/2710 [02:06<02:56,  8.76it/s]
Extraindo:  43%|████▎     | 1169/2710 [02:06<02:46,  9.28it/s]
Extraindo:  43%|████▎     | 1171/2710 [02:06<02:39,  9.65it/s]
Extraindo:  43%|████▎     | 1173/2710 [02:06<02:35,  9.89it/s]
Extraindo:  43%|████▎     | 1175/2710 [02:06<02:33, 10.01it/s]
Extraindo:  43%|████▎     | 1177/2710 [02:07<02:36,  9.82it/s]
Extraindo:  44%|████▎     | 1179/2710 [02:07<02:34,  9.89it/s]
Extraindo:  44%|████▎     | 1180/2710 [02:07<02:35,  9.86it/s]
Extraindo:  44%|████▎     | 1182/2710 [02:07<02:34,  9.92it/s]
Extraindo:  44%|████▎     | 1183/2710 [02:07<02:35,  9.84it/s]
Extraindo:  44%|████▎     | 1184/2710 [02:07<02:37,  9.67it/s]
Extraindo:  44%|████▎     | 1185/2710 [02:07<02:40,  9.51it/s]
Extraindo:  44%|████▍     | 1186/2710 [02:08<02:39,  9.57it/s]
Extraindo:  44%|████▍     | 1187/2710 [02:08<03:27,  7.35it/s]
Extraindo:  44%|████▍     | 1188/2710 [02:08<03:13,  7.88it/s]
Extraindo:  44%|████▍     | 1189/2710 [02:08<03:02,  8.32it/s]
Extraindo:  44%|████▍     | 1190/2710 [02:08<02:55,  8.68it/s]
Extraindo:  44%|████▍     | 1191/2710 [02:08<02:48,  9.02it/s]
Extraindo:  44%|████▍     | 1192/2710 [02:08<03:44,  6.77it/s]
Extraindo:  44%|████▍     | 1194/2710 [02:09<03:13,  7.83it/s]
Extraindo:  44%|████▍     | 1195/2710 [02:09<03:47,  6.66it/s]
Extraindo:  44%|████▍     | 1197/2710 [02:09<03:08,  8.03it/s]
Extraindo:  44%|████▍     | 1199/2710 [02:09<02:51,  8.81it/s]
Extraindo:  44%|████▍     | 1201/2710 [02:09<02:42,  9.28it/s]
Extraindo:  44%|████▍     | 1203/2710 [02:10<02:37,  9.55it/s]
Extraindo:  44%|████▍     | 1205/2710 [02:10<02:34,  9.76it/s]
Extraindo:  45%|████▍     | 1207/2710 [02:10<02:32,  9.85it/s]
Extraindo:  45%|████▍     | 1209/2710 [02:10<02:31,  9.90it/s]
Extraindo:  45%|████▍     | 1210/2710 [02:10<02:31,  9.88it/s]
Extraindo:  45%|████▍     | 1211/2710 [02:10<02:31,  9.87it/s]
Extraindo:  45%|████▍     | 1212/2710 [02:11<02:31,  9.86it/s]
Extraindo:  45%|████▍     | 1213/2710 [02:11<02:33,  9.74it/s]
Extraindo:  45%|████▍     | 1214/2710 [02:11<03:22,  7.37it/s]
Extraindo:  45%|████▍     | 1216/2710 [02:11<02:57,  8.42it/s]
Extraindo:  45%|████▍     | 1217/2710 [02:11<02:52,  8.66it/s]
Extraindo:  45%|████▍     | 1218/2710 [02:11<02:47,  8.89it/s]
Extraindo:  45%|████▍     | 1219/2710 [02:11<02:46,  8.97it/s]
Extraindo:  45%|████▌     | 1220/2710 [02:11<02:42,  9.14it/s]
Extraindo:  45%|████▌     | 1221/2710 [02:12<02:42,  9.14it/s]
Extraindo:  45%|████▌     | 1222/2710 [02:12<03:45,  6.61it/s]
Extraindo:  45%|████▌     | 1224/2710 [02:12<03:08,  7.88it/s]
Extraindo:  45%|████▌     | 1226/2710 [02:12<02:51,  8.65it/s]
Extraindo:  45%|████▌     | 1228/2710 [02:12<02:42,  9.11it/s]
Extraindo:  45%|████▌     | 1229/2710 [02:13<02:40,  9.22it/s]
Extraindo:  45%|████▌     | 1230/2710 [02:13<02:42,  9.10it/s]
Extraindo:  45%|████▌     | 1231/2710 [02:13<02:41,  9.17it/s]
Extraindo:  45%|████▌     | 1232/2710 [02:13<03:24,  7.21it/s]
Extraindo:  46%|████▌     | 1234/2710 [02:13<02:59,  8.24it/s]
Extraindo:  46%|████▌     | 1235/2710 [02:13<02:52,  8.57it/s]
Extraindo:  46%|████▌     | 1236/2710 [02:13<02:47,  8.81it/s]
Extraindo:  46%|████▌     | 1238/2710 [02:14<02:40,  9.15it/s]
Extraindo:  46%|████▌     | 1239/2710 [02:14<02:43,  8.99it/s]
Extraindo:  46%|████▌     | 1240/2710 [02:14<02:40,  9.18it/s]
Extraindo:  46%|████▌     | 1241/2710 [02:14<03:27,  7.09it/s]
Extraindo:  46%|████▌     | 1243/2710 [02:14<02:57,  8.26it/s]
Extraindo:  46%|████▌     | 1244/2710 [02:14<02:50,  8.60it/s]
Extraindo:  46%|████▌     | 1246/2710 [02:15<02:39,  9.18it/s]
Extraindo:  46%|████▌     | 1247/2710 [02:15<02:38,  9.24it/s]
Extraindo:  46%|████▌     | 1248/2710 [02:15<02:38,  9.22it/s]
Extraindo:  46%|████▌     | 1249/2710 [02:15<02:35,  9.38it/s]
Extraindo:  46%|████▌     | 1250/2710 [02:15<02:35,  9.36it/s]
Extraindo:  46%|████▌     | 1251/2710 [02:15<02:33,  9.49it/s]
Extraindo:  46%|████▌     | 1253/2710 [02:15<03:13,  7.52it/s]
Extraindo:  46%|████▋     | 1255/2710 [02:16<02:53,  8.39it/s]
Extraindo:  46%|████▋     | 1256/2710 [02:16<02:59,  8.11it/s]
Extraindo:  46%|████▋     | 1257/2710 [02:16<02:52,  8.42it/s]
Extraindo:  46%|████▋     | 1258/2710 [02:16<02:45,  8.75it/s]
Extraindo:  46%|████▋     | 1259/2710 [02:16<02:41,  9.01it/s]
Extraindo:  46%|████▋     | 1260/2710 [02:16<02:40,  9.03it/s]
Extraindo:  47%|████▋     | 1261/2710 [02:16<02:39,  9.06it/s]
Extraindo:  47%|████▋     | 1262/2710 [02:16<02:38,  9.16it/s]
Extraindo:  47%|████▋     | 1263/2710 [02:16<02:35,  9.28it/s]
Extraindo:  47%|████▋     | 1264/2710 [02:17<02:35,  9.30it/s]
Extraindo:  47%|████▋     | 1265/2710 [02:17<02:50,  8.49it/s]
Extraindo:  47%|████▋     | 1266/2710 [02:17<02:45,  8.74it/s]
Extraindo:  47%|████▋     | 1267/2710 [02:17<02:43,  8.85it/s]
Extraindo:  47%|████▋     | 1268/2710 [02:17<03:33,  6.76it/s]
Extraindo:  47%|████▋     | 1269/2710 [02:17<04:06,  5.84it/s]
Extraindo:  47%|████▋     | 1271/2710 [02:18<03:16,  7.31it/s]
Extraindo:  47%|████▋     | 1272/2710 [02:18<03:04,  7.80it/s]
Extraindo:  47%|████▋     | 1274/2710 [02:18<02:45,  8.69it/s]
Extraindo:  47%|████▋     | 1276/2710 [02:18<02:35,  9.20it/s]
Extraindo:  47%|████▋     | 1277/2710 [02:18<02:33,  9.32it/s]
Extraindo:  47%|████▋     | 1279/2710 [02:18<02:29,  9.59it/s]
Extraindo:  47%|████▋     | 1280/2710 [02:18<02:31,  9.46it/s]
Extraindo:  47%|████▋     | 1282/2710 [02:19<02:35,  9.18it/s]
Extraindo:  47%|████▋     | 1283/2710 [02:19<03:12,  7.40it/s]
Extraindo:  47%|████▋     | 1285/2710 [02:19<02:53,  8.23it/s]
Extraindo:  47%|████▋     | 1286/2710 [02:19<02:46,  8.55it/s]
Extraindo:  47%|████▋     | 1287/2710 [02:19<02:42,  8.77it/s]
Extraindo:  48%|████▊     | 1288/2710 [02:19<02:37,  9.02it/s]
Extraindo:  48%|████▊     | 1289/2710 [02:20<02:34,  9.19it/s]
Extraindo:  48%|████▊     | 1290/2710 [02:20<02:41,  8.82it/s]
Extraindo:  48%|████▊     | 1291/2710 [02:20<02:37,  8.98it/s]
Extraindo:  48%|████▊     | 1292/2710 [02:20<02:35,  9.14it/s]
Extraindo:  48%|████▊     | 1293/2710 [02:20<02:32,  9.31it/s]
Extraindo:  48%|████▊     | 1294/2710 [02:20<02:29,  9.48it/s]
Extraindo:  48%|████▊     | 1295/2710 [02:20<03:21,  7.01it/s]
Extraindo:  48%|████▊     | 1297/2710 [02:21<02:52,  8.18it/s]
Extraindo:  48%|████▊     | 1298/2710 [02:21<02:45,  8.52it/s]
Extraindo:  48%|████▊     | 1299/2710 [02:21<02:39,  8.84it/s]
Extraindo:  48%|████▊     | 1300/2710 [02:21<02:37,  8.98it/s]
Extraindo:  48%|████▊     | 1301/2710 [02:21<02:34,  9.14it/s]
Extraindo:  48%|████▊     | 1302/2710 [02:21<02:32,  9.26it/s]
Extraindo:  48%|████▊     | 1303/2710 [02:21<02:32,  9.25it/s]
Extraindo:  48%|████▊     | 1305/2710 [02:21<02:27,  9.54it/s]
Extraindo:  48%|████▊     | 1306/2710 [02:21<02:27,  9.53it/s]
Extraindo:  48%|████▊     | 1307/2710 [02:22<03:13,  7.25it/s]
Extraindo:  48%|████▊     | 1309/2710 [02:22<02:51,  8.18it/s]
Extraindo:  48%|████▊     | 1311/2710 [02:22<02:40,  8.71it/s]
Extraindo:  48%|████▊     | 1312/2710 [02:22<02:37,  8.89it/s]
Extraindo:  48%|████▊     | 1313/2710 [02:23<03:57,  5.89it/s]
Extraindo:  48%|████▊     | 1314/2710 [02:23<04:18,  5.41it/s]
Extraindo:  49%|████▊     | 1316/2710 [02:23<03:22,  6.87it/s]
Extraindo:  49%|████▊     | 1318/2710 [02:23<02:52,  8.07it/s]
Extraindo:  49%|████▊     | 1320/2710 [02:23<02:37,  8.81it/s]
Extraindo:  49%|████▉     | 1322/2710 [02:24<02:29,  9.29it/s]
Extraindo:  49%|████▉     | 1323/2710 [02:24<03:00,  7.68it/s]
Extraindo:  49%|████▉     | 1325/2710 [02:24<02:41,  8.60it/s]
Extraindo:  49%|████▉     | 1327/2710 [02:24<02:27,  9.39it/s]
Extraindo:  49%|████▉     | 1329/2710 [02:24<02:21,  9.79it/s]
Extraindo:  49%|████▉     | 1331/2710 [02:24<02:17, 10.00it/s]
Extraindo:  49%|████▉     | 1333/2710 [02:25<02:14, 10.26it/s]
Extraindo:  49%|████▉     | 1335/2710 [02:25<02:14, 10.26it/s]
Extraindo:  49%|████▉     | 1337/2710 [02:25<02:13, 10.30it/s]
Extraindo:  49%|████▉     | 1339/2710 [02:25<02:13, 10.30it/s]
Extraindo:  49%|████▉     | 1341/2710 [02:25<02:12, 10.29it/s]
Extraindo:  50%|████▉     | 1343/2710 [02:26<02:13, 10.24it/s]
Extraindo:  50%|████▉     | 1345/2710 [02:26<03:03,  7.42it/s]
Extraindo:  50%|████▉     | 1347/2710 [02:26<02:45,  8.23it/s]
Extraindo:  50%|████▉     | 1349/2710 [02:26<02:32,  8.94it/s]
Extraindo:  50%|████▉     | 1350/2710 [02:27<02:56,  7.69it/s]
Extraindo:  50%|████▉     | 1351/2710 [02:27<02:54,  7.81it/s]
Extraindo:  50%|████▉     | 1353/2710 [02:27<02:35,  8.75it/s]
Extraindo:  50%|█████     | 1355/2710 [02:27<02:21,  9.58it/s]
Extraindo:  50%|█████     | 1357/2710 [02:27<02:13, 10.11it/s]
Extraindo:  50%|█████     | 1359/2710 [02:27<02:10, 10.38it/s]
Extraindo:  50%|█████     | 1361/2710 [02:28<02:09, 10.42it/s]
Extraindo:  50%|█████     | 1363/2710 [02:28<02:14, 10.01it/s]
Extraindo:  50%|█████     | 1365/2710 [02:28<02:11, 10.21it/s]
Extraindo:  50%|█████     | 1367/2710 [02:28<02:10, 10.27it/s]
Extraindo:  51%|█████     | 1369/2710 [02:28<02:10, 10.26it/s]
Extraindo:  51%|█████     | 1371/2710 [02:29<02:11, 10.19it/s]
Extraindo:  51%|█████     | 1373/2710 [02:29<02:12, 10.05it/s]
Extraindo:  51%|█████     | 1375/2710 [02:29<02:38,  8.44it/s]
Extraindo:  51%|█████     | 1377/2710 [02:30<02:52,  7.71it/s]
Extraindo:  51%|█████     | 1379/2710 [02:30<02:38,  8.39it/s]
Extraindo:  51%|█████     | 1380/2710 [02:30<02:35,  8.53it/s]
Extraindo:  51%|█████     | 1381/2710 [02:30<02:31,  8.77it/s]
Extraindo:  51%|█████     | 1382/2710 [02:30<03:00,  7.34it/s]
Extraindo:  51%|█████     | 1384/2710 [02:30<02:36,  8.47it/s]
Extraindo:  51%|█████     | 1386/2710 [02:30<02:24,  9.13it/s]
Extraindo:  51%|█████     | 1388/2710 [02:31<02:17,  9.62it/s]
Extraindo:  51%|█████▏    | 1390/2710 [02:31<02:12,  9.95it/s]
Extraindo:  51%|█████▏    | 1392/2710 [02:31<02:10, 10.13it/s]
Extraindo:  51%|█████▏    | 1394/2710 [02:31<02:09, 10.18it/s]
Extraindo:  52%|█████▏    | 1396/2710 [02:31<02:09, 10.16it/s]
Extraindo:  52%|█████▏    | 1398/2710 [02:32<02:08, 10.21it/s]
Extraindo:  52%|█████▏    | 1400/2710 [02:32<02:08, 10.17it/s]
Extraindo:  52%|█████▏    | 1402/2710 [02:32<02:11,  9.92it/s]
Extraindo:  52%|█████▏    | 1403/2710 [02:32<02:40,  8.13it/s]
Extraindo:  52%|█████▏    | 1405/2710 [02:33<02:57,  7.36it/s]
Extraindo:  52%|█████▏    | 1407/2710 [02:33<02:37,  8.28it/s]
Extraindo:  52%|█████▏    | 1409/2710 [02:33<02:25,  8.92it/s]
Extraindo:  52%|█████▏    | 1411/2710 [02:33<02:19,  9.34it/s]
Extraindo:  52%|█████▏    | 1413/2710 [02:33<02:13,  9.71it/s]
Extraindo:  52%|█████▏    | 1415/2710 [02:34<02:10,  9.94it/s]
Extraindo:  52%|█████▏    | 1417/2710 [02:34<02:09,  9.95it/s]
Extraindo:  52%|█████▏    | 1419/2710 [02:34<02:34,  8.38it/s]
Extraindo:  52%|█████▏    | 1421/2710 [02:34<02:23,  8.99it/s]
Extraindo:  53%|█████▎    | 1423/2710 [02:34<02:17,  9.37it/s]
Extraindo:  53%|█████▎    | 1425/2710 [02:35<02:13,  9.62it/s]
Extraindo:  53%|█████▎    | 1426/2710 [02:35<02:13,  9.61it/s]
Extraindo:  53%|█████▎    | 1427/2710 [02:35<02:20,  9.13it/s]
Extraindo:  53%|█████▎    | 1428/2710 [02:35<02:18,  9.29it/s]
Extraindo:  53%|█████▎    | 1430/2710 [02:35<02:45,  7.73it/s]
Extraindo:  53%|█████▎    | 1432/2710 [02:35<02:30,  8.48it/s]
Extraindo:  53%|█████▎    | 1434/2710 [02:36<02:21,  9.05it/s]
Extraindo:  53%|█████▎    | 1435/2710 [02:36<02:19,  9.14it/s]
Extraindo:  53%|█████▎    | 1436/2710 [02:36<02:52,  7.39it/s]
Extraindo:  53%|█████▎    | 1438/2710 [02:36<02:32,  8.35it/s]
Extraindo:  53%|█████▎    | 1440/2710 [02:36<02:20,  9.05it/s]
Extraindo:  53%|█████▎    | 1441/2710 [02:36<02:17,  9.21it/s]
Extraindo:  53%|█████▎    | 1443/2710 [02:37<02:12,  9.55it/s]
Extraindo:  53%|█████▎    | 1444/2710 [02:37<02:11,  9.61it/s]
Extraindo:  53%|█████▎    | 1446/2710 [02:37<02:07,  9.88it/s]
Extraindo:  53%|█████▎    | 1447/2710 [02:37<02:08,  9.84it/s]
Extraindo:  53%|█████▎    | 1449/2710 [02:37<02:06,  9.94it/s]
Extraindo:  54%|█████▎    | 1451/2710 [02:37<02:06,  9.96it/s]
Extraindo:  54%|█████▎    | 1452/2710 [02:38<02:07,  9.85it/s]
Extraindo:  54%|█████▎    | 1453/2710 [02:38<02:07,  9.85it/s]
Extraindo:  54%|█████▎    | 1454/2710 [02:38<02:15,  9.29it/s]
Extraindo:  54%|█████▎    | 1455/2710 [02:38<02:15,  9.25it/s]
Extraindo:  54%|█████▎    | 1456/2710 [02:38<02:53,  7.25it/s]
Extraindo:  54%|█████▍    | 1457/2710 [02:38<03:22,  6.18it/s]
Extraindo:  54%|█████▍    | 1459/2710 [02:39<02:44,  7.60it/s]
Extraindo:  54%|█████▍    | 1461/2710 [02:39<02:26,  8.51it/s]
Extraindo:  54%|█████▍    | 1462/2710 [02:39<02:27,  8.44it/s]
Extraindo:  54%|█████▍    | 1464/2710 [02:39<02:16,  9.15it/s]
Extraindo:  54%|█████▍    | 1466/2710 [02:39<02:10,  9.52it/s]
Extraindo:  54%|█████▍    | 1467/2710 [02:39<02:41,  7.68it/s]
Extraindo:  54%|█████▍    | 1469/2710 [02:40<02:24,  8.61it/s]
Extraindo:  54%|█████▍    | 1471/2710 [02:40<02:17,  8.98it/s]
Extraindo:  54%|█████▍    | 1473/2710 [02:40<02:11,  9.43it/s]
Extraindo:  54%|█████▍    | 1474/2710 [02:40<02:10,  9.50it/s]
Extraindo:  54%|█████▍    | 1476/2710 [02:40<02:06,  9.78it/s]
Extraindo:  55%|█████▍    | 1477/2710 [02:40<02:05,  9.80it/s]
Extraindo:  55%|█████▍    | 1478/2710 [02:41<02:06,  9.75it/s]
Extraindo:  55%|█████▍    | 1479/2710 [02:41<02:07,  9.67it/s]
Extraindo:  55%|█████▍    | 1480/2710 [02:41<02:09,  9.52it/s]
Extraindo:  55%|█████▍    | 1481/2710 [02:41<02:15,  9.06it/s]
Extraindo:  55%|█████▍    | 1482/2710 [02:41<02:14,  9.15it/s]
Extraindo:  55%|█████▍    | 1483/2710 [02:41<02:12,  9.26it/s]
Extraindo:  55%|█████▍    | 1484/2710 [02:41<02:55,  6.98it/s]
Extraindo:  55%|█████▍    | 1486/2710 [02:42<02:31,  8.09it/s]
Extraindo:  55%|█████▍    | 1488/2710 [02:42<02:20,  8.67it/s]
Extraindo:  55%|█████▍    | 1489/2710 [02:42<02:18,  8.84it/s]
Extraindo:  55%|█████▍    | 1490/2710 [02:42<02:14,  9.04it/s]
Extraindo:  55%|█████▌    | 1491/2710 [02:42<02:14,  9.06it/s]
Extraindo:  55%|█████▌    | 1492/2710 [02:42<02:11,  9.29it/s]
Extraindo:  55%|█████▌    | 1494/2710 [02:42<02:39,  7.63it/s]
Extraindo:  55%|█████▌    | 1496/2710 [02:43<02:23,  8.45it/s]
Extraindo:  55%|█████▌    | 1497/2710 [02:43<02:53,  7.01it/s]
Extraindo:  55%|█████▌    | 1499/2710 [02:43<02:31,  8.02it/s]
Extraindo:  55%|█████▌    | 1501/2710 [02:43<02:18,  8.76it/s]
Extraindo:  55%|█████▌    | 1503/2710 [02:43<02:11,  9.19it/s]
Extraindo:  56%|█████▌    | 1505/2710 [02:44<02:07,  9.48it/s]
Extraindo:  56%|█████▌    | 1506/2710 [02:44<02:07,  9.46it/s]
Extraindo:  56%|█████▌    | 1507/2710 [02:44<02:06,  9.49it/s]
Extraindo:  56%|█████▌    | 1509/2710 [02:44<02:05,  9.58it/s]
Extraindo:  56%|█████▌    | 1510/2710 [02:44<02:05,  9.56it/s]
Extraindo:  56%|█████▌    | 1511/2710 [02:44<02:39,  7.52it/s]
Extraindo:  56%|█████▌    | 1513/2710 [02:45<02:21,  8.45it/s]
Extraindo:  56%|█████▌    | 1515/2710 [02:45<02:21,  8.42it/s]
Extraindo:  56%|█████▌    | 1516/2710 [02:45<02:19,  8.54it/s]
Extraindo:  56%|█████▌    | 1517/2710 [02:45<02:18,  8.63it/s]
Extraindo:  56%|█████▌    | 1518/2710 [02:45<02:14,  8.89it/s]
Extraindo:  56%|█████▌    | 1519/2710 [02:45<02:10,  9.13it/s]
Extraindo:  56%|█████▌    | 1520/2710 [02:45<02:10,  9.15it/s]
Extraindo:  56%|█████▌    | 1521/2710 [02:46<02:09,  9.18it/s]
Extraindo:  56%|█████▌    | 1522/2710 [02:46<02:07,  9.29it/s]
Extraindo:  56%|█████▌    | 1523/2710 [02:46<02:05,  9.45it/s]
Extraindo:  56%|█████▌    | 1524/2710 [02:46<02:06,  9.37it/s]
Extraindo:  56%|█████▋    | 1525/2710 [02:46<02:05,  9.43it/s]
Extraindo:  56%|█████▋    | 1526/2710 [02:46<02:05,  9.45it/s]
Extraindo:  56%|█████▋    | 1527/2710 [02:46<02:50,  6.93it/s]
Extraindo:  56%|█████▋    | 1528/2710 [02:46<02:36,  7.55it/s]
Extraindo:  56%|█████▋    | 1530/2710 [02:47<02:18,  8.49it/s]
Extraindo:  56%|█████▋    | 1531/2710 [02:47<02:51,  6.86it/s]
Extraindo:  57%|█████▋    | 1532/2710 [02:47<02:46,  7.07it/s]
Extraindo:  57%|█████▋    | 1533/2710 [02:47<02:33,  7.67it/s]
Extraindo:  57%|█████▋    | 1534/2710 [02:47<02:23,  8.17it/s]
Extraindo:  57%|█████▋    | 1536/2710 [02:47<02:12,  8.84it/s]
Extraindo:  57%|█████▋    | 1537/2710 [02:47<02:09,  9.07it/s]
Extraindo:  57%|█████▋    | 1538/2710 [02:48<02:44,  7.13it/s]
Extraindo:  57%|█████▋    | 1540/2710 [02:48<02:20,  8.31it/s]
Extraindo:  57%|█████▋    | 1542/2710 [02:48<02:11,  8.88it/s]
Extraindo:  57%|█████▋    | 1543/2710 [02:48<02:08,  9.08it/s]
Extraindo:  57%|█████▋    | 1545/2710 [02:48<02:02,  9.53it/s]
Extraindo:  57%|█████▋    | 1546/2710 [02:48<02:02,  9.52it/s]
Extraindo:  57%|█████▋    | 1547/2710 [02:49<02:01,  9.57it/s]
Extraindo:  57%|█████▋    | 1549/2710 [02:49<02:00,  9.67it/s]
Extraindo:  57%|█████▋    | 1550/2710 [02:49<02:01,  9.57it/s]
Extraindo:  57%|█████▋    | 1551/2710 [02:49<02:00,  9.60it/s]
Extraindo:  57%|█████▋    | 1552/2710 [02:49<02:01,  9.53it/s]
Extraindo:  57%|█████▋    | 1553/2710 [02:49<02:02,  9.47it/s]
Extraindo:  57%|█████▋    | 1554/2710 [02:49<02:01,  9.52it/s]
Extraindo:  57%|█████▋    | 1555/2710 [02:49<02:03,  9.38it/s]
Extraindo:  57%|█████▋    | 1556/2710 [02:49<02:02,  9.46it/s]
Extraindo:  57%|█████▋    | 1557/2710 [02:50<02:02,  9.41it/s]
Extraindo:  57%|█████▋    | 1558/2710 [02:50<02:50,  6.77it/s]
Extraindo:  58%|█████▊    | 1559/2710 [02:50<02:34,  7.45it/s]
Extraindo:  58%|█████▊    | 1560/2710 [02:50<02:23,  8.03it/s]
Extraindo:  58%|█████▊    | 1561/2710 [02:50<02:18,  8.32it/s]
Extraindo:  58%|█████▊    | 1562/2710 [02:50<02:13,  8.62it/s]
Extraindo:  58%|█████▊    | 1563/2710 [02:50<02:09,  8.86it/s]
Extraindo:  58%|█████▊    | 1564/2710 [02:50<02:06,  9.09it/s]
Extraindo:  58%|█████▊    | 1565/2710 [02:51<02:48,  6.81it/s]
Extraindo:  58%|█████▊    | 1566/2710 [02:51<02:33,  7.44it/s]
Extraindo:  58%|█████▊    | 1567/2710 [02:51<02:30,  7.60it/s]
Extraindo:  58%|█████▊    | 1568/2710 [02:51<03:01,  6.28it/s]
Extraindo:  58%|█████▊    | 1570/2710 [02:51<02:29,  7.61it/s]
Extraindo:  58%|█████▊    | 1572/2710 [02:52<02:14,  8.45it/s]
Extraindo:  58%|█████▊    | 1574/2710 [02:52<02:06,  8.99it/s]
Extraindo:  58%|█████▊    | 1575/2710 [02:52<02:04,  9.08it/s]
Extraindo:  58%|█████▊    | 1576/2710 [02:52<02:03,  9.20it/s]
Extraindo:  58%|█████▊    | 1577/2710 [02:52<02:02,  9.26it/s]
Extraindo:  58%|█████▊    | 1578/2710 [02:52<02:01,  9.35it/s]
Extraindo:  58%|█████▊    | 1579/2710 [02:52<01:59,  9.50it/s]
Extraindo:  58%|█████▊    | 1580/2710 [02:52<02:01,  9.33it/s]
Extraindo:  58%|█████▊    | 1581/2710 [02:53<02:01,  9.28it/s]
Extraindo:  58%|█████▊    | 1582/2710 [02:53<02:00,  9.33it/s]
Extraindo:  58%|█████▊    | 1583/2710 [02:53<02:00,  9.34it/s]
Extraindo:  58%|█████▊    | 1584/2710 [02:53<02:05,  8.99it/s]
Extraindo:  58%|█████▊    | 1585/2710 [02:53<02:10,  8.64it/s]
Extraindo:  59%|█████▊    | 1586/2710 [02:53<02:08,  8.77it/s]
Extraindo:  59%|█████▊    | 1587/2710 [02:53<02:06,  8.88it/s]
Extraindo:  59%|█████▊    | 1588/2710 [02:53<02:48,  6.68it/s]
Extraindo:  59%|█████▊    | 1589/2710 [02:54<02:33,  7.31it/s]
Extraindo:  59%|█████▊    | 1590/2710 [02:54<02:21,  7.93it/s]
Extraindo:  59%|█████▊    | 1591/2710 [02:54<02:12,  8.42it/s]
Extraindo:  59%|█████▊    | 1592/2710 [02:54<02:57,  6.30it/s]
Extraindo:  59%|█████▉    | 1593/2710 [02:54<02:39,  6.99it/s]
Extraindo:  59%|█████▉    | 1594/2710 [02:54<02:26,  7.64it/s]
Extraindo:  59%|█████▉    | 1595/2710 [02:54<02:15,  8.20it/s]
Extraindo:  59%|█████▉    | 1596/2710 [02:54<02:09,  8.59it/s]
Extraindo:  59%|█████▉    | 1597/2710 [02:54<02:05,  8.86it/s]
Extraindo:  59%|█████▉    | 1598/2710 [02:55<02:02,  9.08it/s]
Extraindo:  59%|█████▉    | 1599/2710 [02:55<01:59,  9.31it/s]
Extraindo:  59%|█████▉    | 1600/2710 [02:55<01:57,  9.45it/s]
Extraindo:  59%|█████▉    | 1601/2710 [02:55<01:58,  9.37it/s]
Extraindo:  59%|█████▉    | 1602/2710 [02:55<01:57,  9.41it/s]
Extraindo:  59%|█████▉    | 1603/2710 [02:55<01:56,  9.47it/s]
Extraindo:  59%|█████▉    | 1605/2710 [02:55<02:27,  7.49it/s]
Extraindo:  59%|█████▉    | 1607/2710 [02:56<02:12,  8.34it/s]
Extraindo:  59%|█████▉    | 1608/2710 [02:56<02:09,  8.52it/s]
Extraindo:  59%|█████▉    | 1609/2710 [02:56<02:10,  8.43it/s]
Extraindo:  59%|█████▉    | 1610/2710 [02:56<02:05,  8.73it/s]
Extraindo:  59%|█████▉    | 1611/2710 [02:56<02:04,  8.82it/s]
Extraindo:  59%|█████▉    | 1612/2710 [02:56<02:02,  8.99it/s]
Extraindo:  60%|█████▉    | 1613/2710 [02:56<02:02,  8.98it/s]
Extraindo:  60%|█████▉    | 1614/2710 [02:56<02:00,  9.06it/s]
Extraindo:  60%|█████▉    | 1615/2710 [02:57<01:59,  9.16it/s]
Extraindo:  60%|█████▉    | 1616/2710 [02:57<02:00,  9.08it/s]
Extraindo:  60%|█████▉    | 1617/2710 [02:57<02:00,  9.10it/s]
Extraindo:  60%|█████▉    | 1618/2710 [02:57<01:59,  9.13it/s]
Extraindo:  60%|█████▉    | 1619/2710 [02:57<03:23,  5.36it/s]
Extraindo:  60%|█████▉    | 1621/2710 [02:57<02:37,  6.91it/s]
Extraindo:  60%|█████▉    | 1622/2710 [02:58<02:25,  7.46it/s]
Extraindo:  60%|█████▉    | 1624/2710 [02:58<02:09,  8.39it/s]
Extraindo:  60%|█████▉    | 1625/2710 [02:58<02:04,  8.69it/s]
Extraindo:  60%|██████    | 1626/2710 [02:58<02:09,  8.38it/s]
Extraindo:  60%|██████    | 1627/2710 [02:58<02:03,  8.75it/s]
Extraindo:  60%|██████    | 1628/2710 [02:58<02:00,  8.95it/s]
Extraindo:  60%|██████    | 1629/2710 [02:58<01:58,  9.11it/s]
Extraindo:  60%|██████    | 1630/2710 [02:58<01:55,  9.32it/s]
Extraindo:  60%|██████    | 1631/2710 [02:58<01:54,  9.45it/s]
Extraindo:  60%|██████    | 1633/2710 [02:59<01:46, 10.13it/s]
Extraindo:  60%|██████    | 1635/2710 [02:59<01:50,  9.72it/s]
Extraindo:  60%|██████    | 1636/2710 [02:59<01:53,  9.48it/s]
Extraindo:  60%|██████    | 1637/2710 [02:59<01:54,  9.41it/s]
Extraindo:  60%|██████    | 1638/2710 [02:59<01:55,  9.29it/s]
Extraindo:  60%|██████    | 1639/2710 [02:59<01:54,  9.38it/s]
Extraindo:  61%|██████    | 1640/2710 [03:00<03:08,  5.67it/s]
Extraindo:  61%|██████    | 1641/2710 [03:00<02:45,  6.45it/s]
Extraindo:  61%|██████    | 1642/2710 [03:00<02:36,  6.81it/s]
Extraindo:  61%|██████    | 1643/2710 [03:00<03:02,  5.84it/s]
Extraindo:  61%|██████    | 1645/2710 [03:00<02:24,  7.36it/s]
Extraindo:  61%|██████    | 1646/2710 [03:01<02:48,  6.33it/s]
Extraindo:  61%|██████    | 1648/2710 [03:01<02:19,  7.63it/s]
Extraindo:  61%|██████    | 1649/2710 [03:01<02:46,  6.36it/s]
Extraindo:  61%|██████    | 1651/2710 [03:01<02:17,  7.69it/s]
Extraindo:  61%|██████    | 1653/2710 [03:01<02:00,  8.78it/s]
Extraindo:  61%|██████    | 1655/2710 [03:01<01:50,  9.51it/s]
Extraindo:  61%|██████    | 1657/2710 [03:02<01:44, 10.07it/s]
Extraindo:  61%|██████    | 1659/2710 [03:02<01:42, 10.28it/s]
Extraindo:  61%|██████▏   | 1661/2710 [03:02<01:42, 10.28it/s]
Extraindo:  61%|██████▏   | 1663/2710 [03:02<01:41, 10.27it/s]
Extraindo:  61%|██████▏   | 1665/2710 [03:02<01:41, 10.27it/s]
Extraindo:  62%|██████▏   | 1667/2710 [03:03<01:41, 10.26it/s]
Extraindo:  62%|██████▏   | 1669/2710 [03:03<01:42, 10.15it/s]
Extraindo:  62%|██████▏   | 1671/2710 [03:03<01:46,  9.73it/s]
Extraindo:  62%|██████▏   | 1673/2710 [03:03<02:04,  8.33it/s]
Extraindo:  62%|██████▏   | 1674/2710 [03:03<02:01,  8.51it/s]
Extraindo:  62%|██████▏   | 1676/2710 [03:04<01:52,  9.17it/s]
Extraindo:  62%|██████▏   | 1677/2710 [03:04<01:51,  9.30it/s]
Extraindo:  62%|██████▏   | 1678/2710 [03:04<01:57,  8.76it/s]
Extraindo:  62%|██████▏   | 1680/2710 [03:04<01:55,  8.92it/s]
Extraindo:  62%|██████▏   | 1681/2710 [03:04<02:51,  6.01it/s]
Extraindo:  62%|██████▏   | 1683/2710 [03:05<02:21,  7.25it/s]
Extraindo:  62%|██████▏   | 1685/2710 [03:05<02:04,  8.22it/s]
Extraindo:  62%|██████▏   | 1687/2710 [03:05<01:56,  8.77it/s]
Extraindo:  62%|██████▏   | 1688/2710 [03:05<01:53,  8.98it/s]
Extraindo:  62%|██████▏   | 1689/2710 [03:05<01:52,  9.08it/s]
Extraindo:  62%|██████▏   | 1691/2710 [03:05<01:47,  9.44it/s]
Extraindo:  62%|██████▏   | 1692/2710 [03:06<01:47,  9.50it/s]
Extraindo:  63%|██████▎   | 1694/2710 [03:06<01:44,  9.76it/s]
Extraindo:  63%|██████▎   | 1696/2710 [03:06<01:45,  9.63it/s]
Extraindo:  63%|██████▎   | 1698/2710 [03:06<01:44,  9.73it/s]
Extraindo:  63%|██████▎   | 1699/2710 [03:06<01:44,  9.69it/s]
Extraindo:  63%|██████▎   | 1700/2710 [03:07<02:12,  7.64it/s]
Extraindo:  63%|██████▎   | 1702/2710 [03:07<01:58,  8.51it/s]
Extraindo:  63%|██████▎   | 1704/2710 [03:07<01:54,  8.76it/s]
Extraindo:  63%|██████▎   | 1705/2710 [03:07<01:52,  8.97it/s]
Extraindo:  63%|██████▎   | 1706/2710 [03:07<01:50,  9.05it/s]
Extraindo:  63%|██████▎   | 1707/2710 [03:07<01:49,  9.18it/s]
Extraindo:  63%|██████▎   | 1708/2710 [03:07<01:48,  9.25it/s]
Extraindo:  63%|██████▎   | 1709/2710 [03:07<01:46,  9.39it/s]
Extraindo:  63%|██████▎   | 1710/2710 [03:08<02:20,  7.11it/s]
Extraindo:  63%|██████▎   | 1712/2710 [03:08<02:01,  8.23it/s]
Extraindo:  63%|██████▎   | 1713/2710 [03:08<02:01,  8.21it/s]
Extraindo:  63%|██████▎   | 1714/2710 [03:08<01:55,  8.59it/s]
Extraindo:  63%|██████▎   | 1716/2710 [03:08<01:49,  9.11it/s]
Extraindo:  63%|██████▎   | 1717/2710 [03:09<02:14,  7.36it/s]
Extraindo:  63%|██████▎   | 1719/2710 [03:09<01:58,  8.33it/s]
Extraindo:  64%|██████▎   | 1721/2710 [03:09<01:52,  8.76it/s]
Extraindo:  64%|██████▎   | 1722/2710 [03:09<01:50,  8.94it/s]
Extraindo:  64%|██████▎   | 1724/2710 [03:09<01:45,  9.36it/s]
Extraindo:  64%|██████▎   | 1726/2710 [03:09<01:41,  9.70it/s]
Extraindo:  64%|██████▎   | 1727/2710 [03:10<02:04,  7.88it/s]
Extraindo:  64%|██████▍   | 1729/2710 [03:10<01:52,  8.69it/s]
Extraindo:  64%|██████▍   | 1731/2710 [03:10<01:48,  9.03it/s]
Extraindo:  64%|██████▍   | 1732/2710 [03:10<01:46,  9.19it/s]
Extraindo:  64%|██████▍   | 1734/2710 [03:10<01:43,  9.43it/s]
Extraindo:  64%|██████▍   | 1736/2710 [03:11<01:41,  9.60it/s]
Extraindo:  64%|██████▍   | 1738/2710 [03:11<01:39,  9.77it/s]
Extraindo:  64%|██████▍   | 1740/2710 [03:11<01:38,  9.84it/s]
Extraindo:  64%|██████▍   | 1741/2710 [03:11<02:05,  7.75it/s]
Extraindo:  64%|██████▍   | 1743/2710 [03:11<01:53,  8.51it/s]
Extraindo:  64%|██████▍   | 1744/2710 [03:11<01:50,  8.72it/s]
Extraindo:  64%|██████▍   | 1745/2710 [03:12<01:47,  8.96it/s]
Extraindo:  64%|██████▍   | 1746/2710 [03:12<01:44,  9.18it/s]
Extraindo:  64%|██████▍   | 1747/2710 [03:12<01:43,  9.33it/s]
Extraindo:  65%|██████▍   | 1749/2710 [03:12<01:45,  9.10it/s]
Extraindo:  65%|██████▍   | 1750/2710 [03:12<01:45,  9.10it/s]
Extraindo:  65%|██████▍   | 1751/2710 [03:12<01:48,  8.82it/s]
Extraindo:  65%|██████▍   | 1752/2710 [03:12<01:52,  8.51it/s]
Extraindo:  65%|██████▍   | 1753/2710 [03:12<01:57,  8.18it/s]
Extraindo:  65%|██████▍   | 1754/2710 [03:13<02:25,  6.56it/s]
Extraindo:  65%|██████▍   | 1755/2710 [03:13<02:48,  5.67it/s]
Extraindo:  65%|██████▍   | 1756/2710 [03:13<02:28,  6.44it/s]
Extraindo:  65%|██████▍   | 1758/2710 [03:13<02:01,  7.83it/s]
Extraindo:  65%|██████▍   | 1760/2710 [03:13<01:50,  8.60it/s]
Extraindo:  65%|██████▌   | 1762/2710 [03:14<01:44,  9.11it/s]
Extraindo:  65%|██████▌   | 1764/2710 [03:14<01:40,  9.44it/s]
Extraindo:  65%|██████▌   | 1765/2710 [03:14<01:40,  9.40it/s]
Extraindo:  65%|██████▌   | 1766/2710 [03:14<01:42,  9.20it/s]
Extraindo:  65%|██████▌   | 1768/2710 [03:14<01:42,  9.18it/s]
Extraindo:  65%|██████▌   | 1769/2710 [03:14<01:41,  9.23it/s]
Extraindo:  65%|██████▌   | 1770/2710 [03:14<01:42,  9.20it/s]
Extraindo:  65%|██████▌   | 1771/2710 [03:15<02:10,  7.17it/s]
Extraindo:  65%|██████▌   | 1772/2710 [03:15<02:01,  7.71it/s]
Extraindo:  65%|██████▌   | 1774/2710 [03:15<01:53,  8.24it/s]
Extraindo:  65%|██████▌   | 1775/2710 [03:15<01:51,  8.42it/s]
Extraindo:  66%|██████▌   | 1777/2710 [03:15<01:43,  9.00it/s]
Extraindo:  66%|██████▌   | 1778/2710 [03:15<01:42,  9.05it/s]
Extraindo:  66%|██████▌   | 1779/2710 [03:16<01:40,  9.22it/s]
Extraindo:  66%|██████▌   | 1780/2710 [03:16<02:10,  7.15it/s]
Extraindo:  66%|██████▌   | 1781/2710 [03:16<02:01,  7.62it/s]
Extraindo:  66%|██████▌   | 1782/2710 [03:16<01:55,  8.01it/s]
Extraindo:  66%|██████▌   | 1783/2710 [03:16<01:49,  8.48it/s]
Extraindo:  66%|██████▌   | 1784/2710 [03:16<01:47,  8.64it/s]
Extraindo:  66%|██████▌   | 1785/2710 [03:16<01:43,  8.94it/s]
Extraindo:  66%|██████▌   | 1787/2710 [03:17<01:36,  9.57it/s]
Extraindo:  66%|██████▌   | 1788/2710 [03:17<01:38,  9.34it/s]
Extraindo:  66%|██████▌   | 1789/2710 [03:17<01:37,  9.45it/s]
Extraindo:  66%|██████▌   | 1790/2710 [03:17<01:37,  9.47it/s]
Extraindo:  66%|██████▌   | 1791/2710 [03:17<01:37,  9.47it/s]
Extraindo:  66%|██████▌   | 1792/2710 [03:17<02:12,  6.92it/s]
Extraindo:  66%|██████▌   | 1793/2710 [03:17<02:01,  7.52it/s]
Extraindo:  66%|██████▌   | 1794/2710 [03:17<01:54,  7.97it/s]
Extraindo:  66%|██████▌   | 1795/2710 [03:18<01:51,  8.22it/s]
Extraindo:  66%|██████▋   | 1796/2710 [03:18<01:48,  8.39it/s]
Extraindo:  66%|██████▋   | 1797/2710 [03:18<01:45,  8.66it/s]
Extraindo:  66%|██████▋   | 1798/2710 [03:18<01:43,  8.77it/s]
Extraindo:  66%|██████▋   | 1799/2710 [03:18<01:47,  8.50it/s]
Extraindo:  66%|██████▋   | 1800/2710 [03:18<01:46,  8.54it/s]
Extraindo:  66%|██████▋   | 1801/2710 [03:18<01:43,  8.76it/s]
Extraindo:  66%|██████▋   | 1802/2710 [03:18<02:19,  6.50it/s]
Extraindo:  67%|██████▋   | 1803/2710 [03:19<02:07,  7.11it/s]
Extraindo:  67%|██████▋   | 1804/2710 [03:19<01:57,  7.69it/s]
Extraindo:  67%|██████▋   | 1805/2710 [03:19<01:50,  8.21it/s]
Extraindo:  67%|██████▋   | 1806/2710 [03:19<01:46,  8.52it/s]
Extraindo:  67%|██████▋   | 1807/2710 [03:19<02:21,  6.39it/s]
Extraindo:  67%|██████▋   | 1809/2710 [03:19<01:55,  7.79it/s]
Extraindo:  67%|██████▋   | 1811/2710 [03:20<01:44,  8.59it/s]
Extraindo:  67%|██████▋   | 1813/2710 [03:20<01:38,  9.08it/s]
Extraindo:  67%|██████▋   | 1814/2710 [03:20<01:37,  9.19it/s]
Extraindo:  67%|██████▋   | 1815/2710 [03:20<01:37,  9.22it/s]
Extraindo:  67%|██████▋   | 1816/2710 [03:20<01:43,  8.66it/s]
Extraindo:  67%|██████▋   | 1817/2710 [03:20<01:39,  8.94it/s]
Extraindo:  67%|██████▋   | 1818/2710 [03:20<01:37,  9.13it/s]
Extraindo:  67%|██████▋   | 1819/2710 [03:20<01:36,  9.22it/s]
Extraindo:  67%|██████▋   | 1820/2710 [03:20<01:35,  9.29it/s]
Extraindo:  67%|██████▋   | 1821/2710 [03:21<01:34,  9.37it/s]
Extraindo:  67%|██████▋   | 1822/2710 [03:21<01:33,  9.54it/s]
Extraindo:  67%|██████▋   | 1823/2710 [03:21<01:32,  9.61it/s]
Extraindo:  67%|██████▋   | 1824/2710 [03:21<01:33,  9.51it/s]
Extraindo:  67%|██████▋   | 1825/2710 [03:21<01:37,  9.07it/s]
Extraindo:  67%|██████▋   | 1826/2710 [03:21<01:38,  8.97it/s]
Extraindo:  67%|██████▋   | 1827/2710 [03:21<01:36,  9.14it/s]
Extraindo:  67%|██████▋   | 1828/2710 [03:21<01:35,  9.27it/s]
Extraindo:  67%|██████▋   | 1829/2710 [03:22<02:08,  6.86it/s]
Extraindo:  68%|██████▊   | 1831/2710 [03:22<01:49,  7.99it/s]
Extraindo:  68%|██████▊   | 1832/2710 [03:22<02:13,  6.57it/s]
Extraindo:  68%|██████▊   | 1833/2710 [03:22<02:01,  7.21it/s]
Extraindo:  68%|██████▊   | 1834/2710 [03:22<02:21,  6.19it/s]
Extraindo:  68%|██████▊   | 1836/2710 [03:22<01:54,  7.66it/s]
Extraindo:  68%|██████▊   | 1837/2710 [03:23<01:47,  8.09it/s]
Extraindo:  68%|██████▊   | 1839/2710 [03:23<01:36,  9.01it/s]
Extraindo:  68%|██████▊   | 1841/2710 [03:23<01:30,  9.55it/s]
Extraindo:  68%|██████▊   | 1842/2710 [03:23<01:36,  8.97it/s]
Extraindo:  68%|██████▊   | 1844/2710 [03:23<01:31,  9.51it/s]
Extraindo:  68%|██████▊   | 1846/2710 [03:24<01:29,  9.64it/s]
Extraindo:  68%|██████▊   | 1847/2710 [03:24<01:29,  9.69it/s]
Extraindo:  68%|██████▊   | 1848/2710 [03:24<01:28,  9.71it/s]
Extraindo:  68%|██████▊   | 1849/2710 [03:24<01:28,  9.75it/s]
Extraindo:  68%|██████▊   | 1850/2710 [03:24<01:28,  9.75it/s]
Extraindo:  68%|██████▊   | 1851/2710 [03:24<01:30,  9.47it/s]
Extraindo:  68%|██████▊   | 1852/2710 [03:24<01:31,  9.37it/s]
Extraindo:  68%|██████▊   | 1853/2710 [03:24<01:33,  9.18it/s]
Extraindo:  68%|██████▊   | 1854/2710 [03:24<01:31,  9.36it/s]
Extraindo:  68%|██████▊   | 1855/2710 [03:24<01:31,  9.30it/s]
Extraindo:  68%|██████▊   | 1856/2710 [03:25<01:32,  9.25it/s]
Extraindo:  69%|██████▊   | 1857/2710 [03:25<01:30,  9.42it/s]
Extraindo:  69%|██████▊   | 1858/2710 [03:25<01:30,  9.40it/s]
Extraindo:  69%|██████▊   | 1859/2710 [03:25<01:29,  9.49it/s]
Extraindo:  69%|██████▊   | 1860/2710 [03:25<01:33,  9.07it/s]
Extraindo:  69%|██████▊   | 1861/2710 [03:25<02:06,  6.69it/s]
Extraindo:  69%|██████▊   | 1862/2710 [03:25<01:55,  7.34it/s]
Extraindo:  69%|██████▊   | 1863/2710 [03:26<02:19,  6.07it/s]
Extraindo:  69%|██████▉   | 1865/2710 [03:26<01:52,  7.52it/s]
Extraindo:  69%|██████▉   | 1866/2710 [03:26<02:13,  6.32it/s]
Extraindo:  69%|██████▉   | 1867/2710 [03:26<02:02,  6.88it/s]
Extraindo:  69%|██████▉   | 1869/2710 [03:26<01:45,  7.94it/s]
Extraindo:  69%|██████▉   | 1871/2710 [03:27<01:38,  8.54it/s]
Extraindo:  69%|██████▉   | 1872/2710 [03:27<01:35,  8.76it/s]
Extraindo:  69%|██████▉   | 1873/2710 [03:27<01:33,  8.96it/s]
Extraindo:  69%|██████▉   | 1875/2710 [03:27<01:28,  9.45it/s]
Extraindo:  69%|██████▉   | 1876/2710 [03:27<01:31,  9.09it/s]
Extraindo:  69%|██████▉   | 1877/2710 [03:27<01:30,  9.24it/s]
Extraindo:  69%|██████▉   | 1878/2710 [03:27<01:30,  9.18it/s]
Extraindo:  69%|██████▉   | 1879/2710 [03:27<01:29,  9.28it/s]
Extraindo:  69%|██████▉   | 1880/2710 [03:27<01:28,  9.37it/s]
Extraindo:  69%|██████▉   | 1881/2710 [03:28<01:30,  9.19it/s]
Extraindo:  69%|██████▉   | 1882/2710 [03:28<01:29,  9.21it/s]
Extraindo:  69%|██████▉   | 1883/2710 [03:28<01:27,  9.41it/s]
Extraindo:  70%|██████▉   | 1884/2710 [03:28<01:28,  9.35it/s]
Extraindo:  70%|██████▉   | 1885/2710 [03:28<01:30,  9.12it/s]
Extraindo:  70%|██████▉   | 1886/2710 [03:28<01:29,  9.16it/s]
Extraindo:  70%|██████▉   | 1887/2710 [03:28<02:02,  6.72it/s]
Extraindo:  70%|██████▉   | 1888/2710 [03:28<01:51,  7.35it/s]
Extraindo:  70%|██████▉   | 1889/2710 [03:29<01:44,  7.89it/s]
Extraindo:  70%|██████▉   | 1890/2710 [03:29<01:38,  8.33it/s]
Extraindo:  70%|██████▉   | 1891/2710 [03:29<01:34,  8.71it/s]
Extraindo:  70%|██████▉   | 1892/2710 [03:29<01:31,  8.90it/s]
Extraindo:  70%|██████▉   | 1893/2710 [03:29<02:02,  6.69it/s]
Extraindo:  70%|██████▉   | 1895/2710 [03:29<01:42,  7.99it/s]
Extraindo:  70%|██████▉   | 1896/2710 [03:29<01:37,  8.31it/s]
Extraindo:  70%|███████   | 1897/2710 [03:30<01:33,  8.68it/s]
Extraindo:  70%|███████   | 1899/2710 [03:30<01:28,  9.12it/s]
Extraindo:  70%|███████   | 1900/2710 [03:30<01:27,  9.26it/s]
Extraindo:  70%|███████   | 1901/2710 [03:30<01:26,  9.40it/s]
Extraindo:  70%|███████   | 1902/2710 [03:30<01:27,  9.26it/s]
Extraindo:  70%|███████   | 1903/2710 [03:30<01:51,  7.21it/s]
Extraindo:  70%|███████   | 1905/2710 [03:30<01:38,  8.17it/s]
Extraindo:  70%|███████   | 1906/2710 [03:31<01:34,  8.49it/s]
Extraindo:  70%|███████   | 1908/2710 [03:31<01:28,  9.04it/s]
Extraindo:  70%|███████   | 1909/2710 [03:31<01:27,  9.18it/s]
Extraindo:  70%|███████   | 1910/2710 [03:31<01:26,  9.25it/s]
Extraindo:  71%|███████   | 1911/2710 [03:31<01:31,  8.78it/s]
Extraindo:  71%|███████   | 1912/2710 [03:31<01:30,  8.84it/s]
Extraindo:  71%|███████   | 1913/2710 [03:31<01:27,  9.10it/s]
Extraindo:  71%|███████   | 1914/2710 [03:32<01:55,  6.88it/s]
Extraindo:  71%|███████   | 1916/2710 [03:32<01:39,  8.01it/s]
Extraindo:  71%|███████   | 1917/2710 [03:32<01:34,  8.36it/s]
Extraindo:  71%|███████   | 1918/2710 [03:32<01:31,  8.68it/s]
Extraindo:  71%|███████   | 1919/2710 [03:32<01:35,  8.25it/s]
Extraindo:  71%|███████   | 1920/2710 [03:32<01:32,  8.53it/s]
Extraindo:  71%|███████   | 1921/2710 [03:32<01:29,  8.85it/s]
Extraindo:  71%|███████   | 1922/2710 [03:32<01:27,  9.03it/s]
Extraindo:  71%|███████   | 1923/2710 [03:33<01:55,  6.83it/s]
Extraindo:  71%|███████   | 1925/2710 [03:33<01:37,  8.03it/s]
Extraindo:  71%|███████   | 1926/2710 [03:33<01:33,  8.41it/s]
Extraindo:  71%|███████   | 1927/2710 [03:33<01:30,  8.68it/s]
Extraindo:  71%|███████   | 1928/2710 [03:33<01:27,  8.93it/s]
Extraindo:  71%|███████   | 1930/2710 [03:33<01:22,  9.42it/s]
Extraindo:  71%|███████▏  | 1931/2710 [03:33<01:22,  9.40it/s]
Extraindo:  71%|███████▏  | 1932/2710 [03:34<01:23,  9.30it/s]
Extraindo:  71%|███████▏  | 1933/2710 [03:34<01:24,  9.25it/s]
Extraindo:  71%|███████▏  | 1934/2710 [03:34<01:23,  9.28it/s]
Extraindo:  71%|███████▏  | 1935/2710 [03:34<01:24,  9.22it/s]
Extraindo:  71%|███████▏  | 1936/2710 [03:34<01:27,  8.82it/s]
Extraindo:  71%|███████▏  | 1937/2710 [03:34<01:29,  8.62it/s]
Extraindo:  72%|███████▏  | 1938/2710 [03:34<01:27,  8.78it/s]
Extraindo:  72%|███████▏  | 1939/2710 [03:34<01:25,  9.00it/s]
Extraindo:  72%|███████▏  | 1940/2710 [03:35<01:52,  6.82it/s]
Extraindo:  72%|███████▏  | 1941/2710 [03:35<02:11,  5.85it/s]
Extraindo:  72%|███████▏  | 1943/2710 [03:35<01:46,  7.21it/s]
Extraindo:  72%|███████▏  | 1944/2710 [03:35<01:41,  7.58it/s]
Extraindo:  72%|███████▏  | 1945/2710 [03:35<01:35,  8.00it/s]
Extraindo:  72%|███████▏  | 1946/2710 [03:35<01:30,  8.41it/s]
Extraindo:  72%|███████▏  | 1947/2710 [03:35<01:27,  8.74it/s]
Extraindo:  72%|███████▏  | 1948/2710 [03:36<01:24,  8.97it/s]
Extraindo:  72%|███████▏  | 1949/2710 [03:36<01:22,  9.22it/s]
Extraindo:  72%|███████▏  | 1950/2710 [03:36<01:21,  9.27it/s]
Extraindo:  72%|███████▏  | 1951/2710 [03:36<01:20,  9.45it/s]
Extraindo:  72%|███████▏  | 1952/2710 [03:36<01:20,  9.46it/s]
Extraindo:  72%|███████▏  | 1953/2710 [03:36<01:53,  6.68it/s]
Extraindo:  72%|███████▏  | 1955/2710 [03:36<01:34,  7.95it/s]
Extraindo:  72%|███████▏  | 1956/2710 [03:37<01:31,  8.27it/s]
Extraindo:  72%|███████▏  | 1957/2710 [03:37<01:27,  8.58it/s]
Extraindo:  72%|███████▏  | 1958/2710 [03:37<01:24,  8.92it/s]
Extraindo:  72%|███████▏  | 1959/2710 [03:37<01:22,  9.08it/s]
Extraindo:  72%|███████▏  | 1960/2710 [03:37<01:21,  9.22it/s]
Extraindo:  72%|███████▏  | 1961/2710 [03:37<01:20,  9.26it/s]
Extraindo:  72%|███████▏  | 1962/2710 [03:37<01:25,  8.80it/s]
Extraindo:  72%|███████▏  | 1963/2710 [03:37<01:23,  9.00it/s]
Extraindo:  72%|███████▏  | 1964/2710 [03:37<01:20,  9.23it/s]
Extraindo:  73%|███████▎  | 1965/2710 [03:37<01:22,  9.07it/s]
Extraindo:  73%|███████▎  | 1966/2710 [03:38<01:22,  9.05it/s]
Extraindo:  73%|███████▎  | 1967/2710 [03:38<02:16,  5.44it/s]
Extraindo:  73%|███████▎  | 1968/2710 [03:38<02:30,  4.94it/s]
Extraindo:  73%|███████▎  | 1970/2710 [03:38<01:53,  6.52it/s]
Extraindo:  73%|███████▎  | 1971/2710 [03:38<01:44,  7.07it/s]
Extraindo:  73%|███████▎  | 1973/2710 [03:39<01:29,  8.19it/s]
Extraindo:  73%|███████▎  | 1974/2710 [03:39<01:26,  8.50it/s]
Extraindo:  73%|███████▎  | 1976/2710 [03:39<01:20,  9.12it/s]
Extraindo:  73%|███████▎  | 1977/2710 [03:39<01:41,  7.20it/s]
Extraindo:  73%|███████▎  | 1979/2710 [03:39<01:28,  8.26it/s]
Extraindo:  73%|███████▎  | 1981/2710 [03:40<01:21,  8.94it/s]
Extraindo:  73%|███████▎  | 1983/2710 [03:40<01:32,  7.82it/s]
Extraindo:  73%|███████▎  | 1985/2710 [03:40<01:24,  8.58it/s]
Extraindo:  73%|███████▎  | 1987/2710 [03:40<01:18,  9.19it/s]
Extraindo:  73%|███████▎  | 1989/2710 [03:40<01:15,  9.56it/s]
Extraindo:  73%|███████▎  | 1991/2710 [03:41<01:13,  9.80it/s]
Extraindo:  74%|███████▎  | 1993/2710 [03:41<01:11, 10.05it/s]
Extraindo:  74%|███████▎  | 1995/2710 [03:41<01:25,  8.32it/s]
Extraindo:  74%|███████▎  | 1997/2710 [03:41<01:19,  8.98it/s]
Extraindo:  74%|███████▍  | 1999/2710 [03:42<01:15,  9.41it/s]
Extraindo:  74%|███████▍  | 2001/2710 [03:42<01:12,  9.80it/s]
Extraindo:  74%|███████▍  | 2003/2710 [03:42<01:11,  9.91it/s]
Extraindo:  74%|███████▍  | 2005/2710 [03:42<01:13,  9.54it/s]
Extraindo:  74%|███████▍  | 2006/2710 [03:42<01:13,  9.58it/s]
Extraindo:  74%|███████▍  | 2007/2710 [03:42<01:13,  9.58it/s]
Extraindo:  74%|███████▍  | 2008/2710 [03:42<01:12,  9.66it/s]
Extraindo:  74%|███████▍  | 2010/2710 [03:43<01:11,  9.78it/s]
Extraindo:  74%|███████▍  | 2012/2710 [03:43<01:10,  9.97it/s]
Extraindo:  74%|███████▍  | 2013/2710 [03:43<01:10,  9.95it/s]
Extraindo:  74%|███████▍  | 2014/2710 [03:43<01:52,  6.19it/s]
Extraindo:  74%|███████▍  | 2016/2710 [03:44<01:33,  7.41it/s]
Extraindo:  74%|███████▍  | 2018/2710 [03:44<01:21,  8.44it/s]
Extraindo:  75%|███████▍  | 2020/2710 [03:44<01:16,  9.01it/s]
Extraindo:  75%|███████▍  | 2021/2710 [03:44<01:31,  7.53it/s]
Extraindo:  75%|███████▍  | 2023/2710 [03:44<01:20,  8.57it/s]
Extraindo:  75%|███████▍  | 2025/2710 [03:44<01:13,  9.27it/s]
Extraindo:  75%|███████▍  | 2027/2710 [03:45<01:10,  9.65it/s]
Extraindo:  75%|███████▍  | 2029/2710 [03:45<01:08,  9.94it/s]
Extraindo:  75%|███████▍  | 2031/2710 [03:45<01:06, 10.17it/s]
Extraindo:  75%|███████▌  | 2033/2710 [03:45<01:07, 10.02it/s]
Extraindo:  75%|███████▌  | 2035/2710 [03:45<01:06, 10.12it/s]
Extraindo:  75%|███████▌  | 2037/2710 [03:46<01:06, 10.17it/s]
Extraindo:  75%|███████▌  | 2039/2710 [03:46<01:06, 10.13it/s]
Extraindo:  75%|███████▌  | 2041/2710 [03:46<01:06, 10.01it/s]
Extraindo:  75%|███████▌  | 2043/2710 [03:46<01:08,  9.78it/s]
Extraindo:  75%|███████▌  | 2044/2710 [03:46<01:23,  7.95it/s]
Extraindo:  75%|███████▌  | 2045/2710 [03:47<01:20,  8.24it/s]
Extraindo:  76%|███████▌  | 2047/2710 [03:47<01:14,  8.86it/s]
Extraindo:  76%|███████▌  | 2048/2710 [03:47<01:29,  7.44it/s]
Extraindo:  76%|███████▌  | 2049/2710 [03:47<01:24,  7.80it/s]
Extraindo:  76%|███████▌  | 2050/2710 [03:47<01:21,  8.14it/s]
Extraindo:  76%|███████▌  | 2051/2710 [03:47<01:37,  6.74it/s]
Extraindo:  76%|███████▌  | 2053/2710 [03:48<01:22,  8.00it/s]
Extraindo:  76%|███████▌  | 2055/2710 [03:48<01:14,  8.80it/s]
Extraindo:  76%|███████▌  | 2057/2710 [03:48<01:09,  9.45it/s]
Extraindo:  76%|███████▌  | 2058/2710 [03:48<01:09,  9.38it/s]
Extraindo:  76%|███████▌  | 2059/2710 [03:48<01:09,  9.37it/s]
Extraindo:  76%|███████▌  | 2061/2710 [03:48<01:06,  9.74it/s]
Extraindo:  76%|███████▌  | 2063/2710 [03:49<01:05,  9.88it/s]
Extraindo:  76%|███████▌  | 2065/2710 [03:49<01:04,  9.97it/s]
Extraindo:  76%|███████▋  | 2067/2710 [03:49<01:04,  9.91it/s]
Extraindo:  76%|███████▋  | 2068/2710 [03:49<01:06,  9.61it/s]
Extraindo:  76%|███████▋  | 2069/2710 [03:49<01:06,  9.63it/s]
Extraindo:  76%|███████▋  | 2070/2710 [03:49<01:06,  9.67it/s]
Extraindo:  76%|███████▋  | 2071/2710 [03:49<01:05,  9.70it/s]
Extraindo:  76%|███████▋  | 2072/2710 [03:50<01:06,  9.56it/s]
Extraindo:  76%|███████▋  | 2073/2710 [03:50<01:06,  9.59it/s]
Extraindo:  77%|███████▋  | 2074/2710 [03:50<01:30,  7.05it/s]
Extraindo:  77%|███████▋  | 2075/2710 [03:50<01:46,  5.97it/s]
Extraindo:  77%|███████▋  | 2077/2710 [03:50<01:25,  7.39it/s]
Extraindo:  77%|███████▋  | 2079/2710 [03:51<01:15,  8.35it/s]
Extraindo:  77%|███████▋  | 2080/2710 [03:51<01:13,  8.62it/s]
Extraindo:  77%|███████▋  | 2082/2710 [03:51<01:08,  9.21it/s]
Extraindo:  77%|███████▋  | 2084/2710 [03:51<01:05,  9.55it/s]
Extraindo:  77%|███████▋  | 2085/2710 [03:51<01:05,  9.59it/s]
Extraindo:  77%|███████▋  | 2086/2710 [03:51<01:05,  9.49it/s]
Extraindo:  77%|███████▋  | 2087/2710 [03:51<01:05,  9.51it/s]
Extraindo:  77%|███████▋  | 2088/2710 [03:52<01:23,  7.43it/s]
Extraindo:  77%|███████▋  | 2090/2710 [03:52<01:13,  8.46it/s]
Extraindo:  77%|███████▋  | 2091/2710 [03:52<01:10,  8.77it/s]
Extraindo:  77%|███████▋  | 2092/2710 [03:52<01:08,  9.01it/s]
Extraindo:  77%|███████▋  | 2094/2710 [03:52<01:09,  8.84it/s]
Extraindo:  77%|███████▋  | 2095/2710 [03:52<01:07,  9.07it/s]
Extraindo:  77%|███████▋  | 2096/2710 [03:52<01:06,  9.18it/s]
Extraindo:  77%|███████▋  | 2097/2710 [03:52<01:05,  9.35it/s]
Extraindo:  77%|███████▋  | 2098/2710 [03:53<01:04,  9.46it/s]
Extraindo:  77%|███████▋  | 2099/2710 [03:53<01:04,  9.40it/s]
Extraindo:  78%|███████▊  | 2101/2710 [03:53<01:03,  9.58it/s]
Extraindo:  78%|███████▊  | 2102/2710 [03:53<01:23,  7.31it/s]
Extraindo:  78%|███████▊  | 2103/2710 [03:53<01:20,  7.58it/s]
Extraindo:  78%|███████▊  | 2105/2710 [03:54<01:27,  6.88it/s]
Extraindo:  78%|███████▊  | 2107/2710 [03:54<01:16,  7.91it/s]
Extraindo:  78%|███████▊  | 2109/2710 [03:54<01:09,  8.66it/s]
Extraindo:  78%|███████▊  | 2111/2710 [03:54<01:05,  9.08it/s]
Extraindo:  78%|███████▊  | 2112/2710 [03:54<01:04,  9.22it/s]
Extraindo:  78%|███████▊  | 2114/2710 [03:54<01:02,  9.53it/s]
Extraindo:  78%|███████▊  | 2115/2710 [03:55<01:02,  9.57it/s]
Extraindo:  78%|███████▊  | 2116/2710 [03:55<01:02,  9.56it/s]
Extraindo:  78%|███████▊  | 2117/2710 [03:55<01:01,  9.62it/s]
Extraindo:  78%|███████▊  | 2118/2710 [03:55<01:01,  9.67it/s]
Extraindo:  78%|███████▊  | 2120/2710 [03:55<00:59,  9.88it/s]
Extraindo:  78%|███████▊  | 2121/2710 [03:55<01:00,  9.77it/s]
Extraindo:  78%|███████▊  | 2122/2710 [03:55<01:00,  9.67it/s]
Extraindo:  78%|███████▊  | 2123/2710 [03:55<01:00,  9.67it/s]
Extraindo:  78%|███████▊  | 2124/2710 [03:55<01:01,  9.55it/s]
Extraindo:  78%|███████▊  | 2125/2710 [03:56<01:00,  9.64it/s]
Extraindo:  78%|███████▊  | 2126/2710 [03:56<01:22,  7.04it/s]
Extraindo:  78%|███████▊  | 2127/2710 [03:56<01:16,  7.61it/s]
Extraindo:  79%|███████▊  | 2128/2710 [03:56<01:36,  6.06it/s]
Extraindo:  79%|███████▊  | 2129/2710 [03:56<01:25,  6.80it/s]
Extraindo:  79%|███████▊  | 2131/2710 [03:56<01:12,  7.95it/s]
Extraindo:  79%|███████▊  | 2133/2710 [03:57<01:06,  8.72it/s]
Extraindo:  79%|███████▊  | 2134/2710 [03:57<01:04,  8.97it/s]
Extraindo:  79%|███████▉  | 2135/2710 [03:57<01:20,  7.15it/s]
Extraindo:  79%|███████▉  | 2137/2710 [03:57<01:14,  7.72it/s]
Extraindo:  79%|███████▉  | 2139/2710 [03:57<01:07,  8.51it/s]
Extraindo:  79%|███████▉  | 2140/2710 [03:58<01:05,  8.74it/s]
Extraindo:  79%|███████▉  | 2142/2710 [03:58<01:01,  9.22it/s]
Extraindo:  79%|███████▉  | 2143/2710 [03:58<01:00,  9.37it/s]
Extraindo:  79%|███████▉  | 2144/2710 [03:58<00:59,  9.51it/s]
Extraindo:  79%|███████▉  | 2145/2710 [03:58<00:58,  9.60it/s]
Extraindo:  79%|███████▉  | 2146/2710 [03:58<00:58,  9.60it/s]
Extraindo:  79%|███████▉  | 2147/2710 [03:58<01:00,  9.38it/s]
Extraindo:  79%|███████▉  | 2148/2710 [03:58<00:59,  9.44it/s]
Extraindo:  79%|███████▉  | 2149/2710 [03:58<00:58,  9.51it/s]
Extraindo:  79%|███████▉  | 2150/2710 [03:59<00:59,  9.37it/s]
Extraindo:  79%|███████▉  | 2151/2710 [03:59<00:59,  9.41it/s]
Extraindo:  79%|███████▉  | 2152/2710 [03:59<00:59,  9.37it/s]
Extraindo:  79%|███████▉  | 2153/2710 [03:59<00:59,  9.42it/s]
Extraindo:  80%|███████▉  | 2155/2710 [03:59<00:58,  9.50it/s]
Extraindo:  80%|███████▉  | 2156/2710 [03:59<01:18,  7.03it/s]
Extraindo:  80%|███████▉  | 2157/2710 [03:59<01:13,  7.55it/s]
Extraindo:  80%|███████▉  | 2158/2710 [04:00<01:08,  8.01it/s]
Extraindo:  80%|███████▉  | 2159/2710 [04:00<01:06,  8.27it/s]
Extraindo:  80%|███████▉  | 2160/2710 [04:00<01:04,  8.54it/s]
Extraindo:  80%|███████▉  | 2161/2710 [04:00<01:02,  8.77it/s]
Extraindo:  80%|███████▉  | 2162/2710 [04:00<01:01,  8.92it/s]
Extraindo:  80%|███████▉  | 2163/2710 [04:00<01:24,  6.45it/s]
Extraindo:  80%|███████▉  | 2165/2710 [04:00<01:10,  7.71it/s]
Extraindo:  80%|███████▉  | 2166/2710 [04:01<01:24,  6.46it/s]
Extraindo:  80%|████████  | 2168/2710 [04:01<01:11,  7.58it/s]
Extraindo:  80%|████████  | 2170/2710 [04:01<01:04,  8.44it/s]
Extraindo:  80%|████████  | 2171/2710 [04:01<01:03,  8.46it/s]
Extraindo:  80%|████████  | 2172/2710 [04:01<01:01,  8.71it/s]
Extraindo:  80%|████████  | 2173/2710 [04:01<01:00,  8.86it/s]
Extraindo:  80%|████████  | 2174/2710 [04:01<00:59,  9.06it/s]
Extraindo:  80%|████████  | 2175/2710 [04:02<00:58,  9.15it/s]
Extraindo:  80%|████████  | 2177/2710 [04:02<00:53,  9.99it/s]
Extraindo:  80%|████████  | 2178/2710 [04:02<00:54,  9.81it/s]
Extraindo:  80%|████████  | 2179/2710 [04:02<00:54,  9.82it/s]
Extraindo:  80%|████████  | 2180/2710 [04:02<00:54,  9.65it/s]
Extraindo:  80%|████████  | 2181/2710 [04:02<01:00,  8.77it/s]
Extraindo:  81%|████████  | 2182/2710 [04:02<00:59,  8.89it/s]
Extraindo:  81%|████████  | 2183/2710 [04:03<01:17,  6.82it/s]
Extraindo:  81%|████████  | 2185/2710 [04:03<01:06,  7.90it/s]
Extraindo:  81%|████████  | 2186/2710 [04:03<01:03,  8.20it/s]
Extraindo:  81%|████████  | 2187/2710 [04:03<01:02,  8.43it/s]
Extraindo:  81%|████████  | 2188/2710 [04:03<01:00,  8.63it/s]
Extraindo:  81%|████████  | 2189/2710 [04:03<01:04,  8.02it/s]
Extraindo:  81%|████████  | 2190/2710 [04:03<01:01,  8.42it/s]
Extraindo:  81%|████████  | 2192/2710 [04:04<00:57,  8.98it/s]
Extraindo:  81%|████████  | 2193/2710 [04:04<00:56,  9.08it/s]
Extraindo:  81%|████████  | 2194/2710 [04:04<00:56,  9.09it/s]
Extraindo:  81%|████████  | 2195/2710 [04:04<00:55,  9.21it/s]
Extraindo:  81%|████████  | 2196/2710 [04:04<00:56,  9.11it/s]
Extraindo:  81%|████████  | 2197/2710 [04:04<01:19,  6.46it/s]
Extraindo:  81%|████████  | 2198/2710 [04:04<01:11,  7.15it/s]
Extraindo:  81%|████████  | 2199/2710 [04:04<01:06,  7.73it/s]
Extraindo:  81%|████████  | 2200/2710 [04:05<01:22,  6.19it/s]
Extraindo:  81%|████████  | 2201/2710 [04:05<01:13,  6.97it/s]
Extraindo:  81%|████████▏ | 2202/2710 [04:05<01:07,  7.56it/s]
Extraindo:  81%|████████▏ | 2203/2710 [04:05<01:02,  8.14it/s]
Extraindo:  81%|████████▏ | 2204/2710 [04:05<01:00,  8.43it/s]
Extraindo:  81%|████████▏ | 2205/2710 [04:05<01:01,  8.26it/s]
Extraindo:  81%|████████▏ | 2207/2710 [04:05<00:56,  8.92it/s]
Extraindo:  81%|████████▏ | 2208/2710 [04:06<00:55,  9.08it/s]
Extraindo:  82%|████████▏ | 2209/2710 [04:06<00:54,  9.20it/s]
Extraindo:  82%|████████▏ | 2210/2710 [04:06<01:11,  7.03it/s]
Extraindo:  82%|████████▏ | 2212/2710 [04:06<01:01,  8.15it/s]
Extraindo:  82%|████████▏ | 2213/2710 [04:06<00:58,  8.49it/s]
Extraindo:  82%|████████▏ | 2214/2710 [04:06<00:56,  8.79it/s]
Extraindo:  82%|████████▏ | 2215/2710 [04:06<00:54,  9.03it/s]
Extraindo:  82%|████████▏ | 2216/2710 [04:06<00:53,  9.20it/s]
Extraindo:  82%|████████▏ | 2217/2710 [04:07<00:53,  9.29it/s]
Extraindo:  82%|████████▏ | 2218/2710 [04:07<00:53,  9.25it/s]
Extraindo:  82%|████████▏ | 2219/2710 [04:07<00:52,  9.33it/s]
Extraindo:  82%|████████▏ | 2220/2710 [04:07<00:52,  9.28it/s]
Extraindo:  82%|████████▏ | 2221/2710 [04:07<00:52,  9.33it/s]
Extraindo:  82%|████████▏ | 2222/2710 [04:07<00:52,  9.26it/s]
Extraindo:  82%|████████▏ | 2223/2710 [04:07<00:54,  9.00it/s]
Extraindo:  82%|████████▏ | 2224/2710 [04:07<00:53,  9.00it/s]
Extraindo:  82%|████████▏ | 2225/2710 [04:07<00:53,  8.99it/s]
Extraindo:  82%|████████▏ | 2226/2710 [04:08<00:52,  9.15it/s]
Extraindo:  82%|████████▏ | 2227/2710 [04:08<01:12,  6.70it/s]
Extraindo:  82%|████████▏ | 2228/2710 [04:08<01:05,  7.40it/s]
Extraindo:  82%|████████▏ | 2229/2710 [04:08<01:01,  7.84it/s]
Extraindo:  82%|████████▏ | 2230/2710 [04:08<00:59,  8.13it/s]
Extraindo:  82%|████████▏ | 2231/2710 [04:08<00:59,  8.01it/s]
Extraindo:  82%|████████▏ | 2232/2710 [04:08<00:57,  8.36it/s]
Extraindo:  82%|████████▏ | 2233/2710 [04:08<00:55,  8.55it/s]
Extraindo:  82%|████████▏ | 2234/2710 [04:09<00:54,  8.68it/s]
Extraindo:  82%|████████▏ | 2235/2710 [04:09<00:53,  8.87it/s]
Extraindo:  83%|████████▎ | 2236/2710 [04:09<00:53,  8.84it/s]
Extraindo:  83%|████████▎ | 2237/2710 [04:09<01:28,  5.32it/s]
Extraindo:  83%|████████▎ | 2239/2710 [04:09<01:08,  6.84it/s]
Extraindo:  83%|████████▎ | 2241/2710 [04:10<00:59,  7.90it/s]
Extraindo:  83%|████████▎ | 2242/2710 [04:10<00:56,  8.25it/s]
Extraindo:  83%|████████▎ | 2243/2710 [04:10<00:54,  8.52it/s]
Extraindo:  83%|████████▎ | 2244/2710 [04:10<00:53,  8.73it/s]
Extraindo:  83%|████████▎ | 2245/2710 [04:10<00:51,  8.95it/s]
Extraindo:  83%|████████▎ | 2246/2710 [04:10<00:51,  9.09it/s]
Extraindo:  83%|████████▎ | 2247/2710 [04:10<00:50,  9.25it/s]
Extraindo:  83%|████████▎ | 2248/2710 [04:10<00:49,  9.26it/s]
Extraindo:  83%|████████▎ | 2249/2710 [04:10<00:49,  9.33it/s]
Extraindo:  83%|████████▎ | 2250/2710 [04:11<00:49,  9.31it/s]
Extraindo:  83%|████████▎ | 2251/2710 [04:11<00:48,  9.41it/s]
Extraindo:  83%|████████▎ | 2252/2710 [04:11<00:49,  9.26it/s]
Extraindo:  83%|████████▎ | 2253/2710 [04:11<00:48,  9.34it/s]
Extraindo:  83%|████████▎ | 2254/2710 [04:11<00:49,  9.22it/s]
Extraindo:  83%|████████▎ | 2255/2710 [04:11<00:49,  9.23it/s]
Extraindo:  83%|████████▎ | 2256/2710 [04:11<00:49,  9.13it/s]
Extraindo:  83%|████████▎ | 2257/2710 [04:11<01:06,  6.80it/s]
Extraindo:  83%|████████▎ | 2258/2710 [04:12<01:01,  7.38it/s]
Extraindo:  83%|████████▎ | 2259/2710 [04:12<00:57,  7.89it/s]
Extraindo:  83%|████████▎ | 2260/2710 [04:12<00:54,  8.19it/s]
Extraindo:  83%|████████▎ | 2261/2710 [04:12<00:54,  8.29it/s]
Extraindo:  83%|████████▎ | 2262/2710 [04:12<00:52,  8.58it/s]
Extraindo:  84%|████████▎ | 2263/2710 [04:12<01:07,  6.64it/s]
Extraindo:  84%|████████▎ | 2264/2710 [04:12<01:00,  7.38it/s]
Extraindo:  84%|████████▎ | 2266/2710 [04:13<00:53,  8.32it/s]
Extraindo:  84%|████████▎ | 2267/2710 [04:13<00:51,  8.62it/s]
Extraindo:  84%|████████▎ | 2268/2710 [04:13<00:50,  8.75it/s]
Extraindo:  84%|████████▎ | 2269/2710 [04:13<00:50,  8.81it/s]
Extraindo:  84%|████████▍ | 2270/2710 [04:13<00:49,  8.87it/s]
Extraindo:  84%|████████▍ | 2271/2710 [04:13<00:48,  8.96it/s]
Extraindo:  84%|████████▍ | 2272/2710 [04:13<00:48,  9.02it/s]
Extraindo:  84%|████████▍ | 2273/2710 [04:13<00:50,  8.67it/s]
Extraindo:  84%|████████▍ | 2274/2710 [04:14<01:05,  6.68it/s]
Extraindo:  84%|████████▍ | 2275/2710 [04:14<00:58,  7.39it/s]
Extraindo:  84%|████████▍ | 2276/2710 [04:14<00:54,  7.93it/s]
Extraindo:  84%|████████▍ | 2277/2710 [04:14<00:51,  8.35it/s]
Extraindo:  84%|████████▍ | 2278/2710 [04:14<00:49,  8.69it/s]
Extraindo:  84%|████████▍ | 2279/2710 [04:14<00:48,  8.84it/s]
Extraindo:  84%|████████▍ | 2280/2710 [04:14<00:48,  8.93it/s]
Extraindo:  84%|████████▍ | 2281/2710 [04:14<00:50,  8.41it/s]
Extraindo:  84%|████████▍ | 2282/2710 [04:14<00:49,  8.61it/s]
Extraindo:  84%|████████▍ | 2283/2710 [04:15<00:49,  8.62it/s]
Extraindo:  84%|████████▍ | 2284/2710 [04:15<00:48,  8.82it/s]
Extraindo:  84%|████████▍ | 2285/2710 [04:15<00:48,  8.79it/s]
Extraindo:  84%|████████▍ | 2286/2710 [04:15<00:48,  8.75it/s]
Extraindo:  84%|████████▍ | 2287/2710 [04:15<01:05,  6.48it/s]
Extraindo:  84%|████████▍ | 2288/2710 [04:15<00:59,  7.05it/s]
Extraindo:  84%|████████▍ | 2289/2710 [04:15<00:55,  7.65it/s]
Extraindo:  85%|████████▍ | 2290/2710 [04:16<01:07,  6.27it/s]
Extraindo:  85%|████████▍ | 2291/2710 [04:16<00:59,  7.00it/s]
Extraindo:  85%|████████▍ | 2293/2710 [04:16<01:14,  5.57it/s]
Extraindo:  85%|████████▍ | 2295/2710 [04:16<01:01,  6.75it/s]
Extraindo:  85%|████████▍ | 2297/2710 [04:16<00:53,  7.75it/s]
Extraindo:  85%|████████▍ | 2299/2710 [04:17<00:48,  8.52it/s]
Extraindo:  85%|████████▍ | 2301/2710 [04:17<00:45,  9.03it/s]
Extraindo:  85%|████████▍ | 2303/2710 [04:17<00:42,  9.49it/s]
Extraindo:  85%|████████▌ | 2304/2710 [04:17<00:42,  9.51it/s]
Extraindo:  85%|████████▌ | 2305/2710 [04:17<00:42,  9.52it/s]
Extraindo:  85%|████████▌ | 2307/2710 [04:17<00:41,  9.67it/s]
Extraindo:  85%|████████▌ | 2308/2710 [04:18<00:41,  9.59it/s]
Extraindo:  85%|████████▌ | 2309/2710 [04:18<00:41,  9.63it/s]
Extraindo:  85%|████████▌ | 2310/2710 [04:18<00:41,  9.61it/s]
Extraindo:  85%|████████▌ | 2311/2710 [04:18<00:54,  7.34it/s]
Extraindo:  85%|████████▌ | 2312/2710 [04:18<00:50,  7.87it/s]
Extraindo:  85%|████████▌ | 2313/2710 [04:18<00:49,  8.07it/s]
Extraindo:  85%|████████▌ | 2314/2710 [04:18<00:47,  8.36it/s]
Extraindo:  85%|████████▌ | 2315/2710 [04:18<00:45,  8.74it/s]
Extraindo:  85%|████████▌ | 2316/2710 [04:19<00:43,  9.00it/s]
Extraindo:  85%|████████▌ | 2317/2710 [04:19<00:57,  6.87it/s]
Extraindo:  86%|████████▌ | 2318/2710 [04:19<01:06,  5.90it/s]
Extraindo:  86%|████████▌ | 2320/2710 [04:19<00:51,  7.53it/s]
Extraindo:  86%|████████▌ | 2321/2710 [04:19<00:50,  7.70it/s]
Extraindo:  86%|████████▌ | 2323/2710 [04:19<00:44,  8.79it/s]
Extraindo:  86%|████████▌ | 2325/2710 [04:20<00:40,  9.57it/s]
Extraindo:  86%|████████▌ | 2327/2710 [04:20<00:38,  9.98it/s]
Extraindo:  86%|████████▌ | 2329/2710 [04:20<00:37, 10.20it/s]
Extraindo:  86%|████████▌ | 2331/2710 [04:20<00:36, 10.25it/s]
Extraindo:  86%|████████▌ | 2333/2710 [04:20<00:36, 10.45it/s]
Extraindo:  86%|████████▌ | 2335/2710 [04:21<00:36, 10.35it/s]
Extraindo:  86%|████████▌ | 2337/2710 [04:21<00:36, 10.22it/s]
Extraindo:  86%|████████▋ | 2339/2710 [04:21<00:37,  9.97it/s]
Extraindo:  86%|████████▋ | 2340/2710 [04:21<00:37,  9.91it/s]
Extraindo:  86%|████████▋ | 2341/2710 [04:21<00:38,  9.60it/s]
Extraindo:  86%|████████▋ | 2342/2710 [04:21<00:38,  9.49it/s]
Extraindo:  86%|████████▋ | 2343/2710 [04:21<00:38,  9.56it/s]
Extraindo:  86%|████████▋ | 2344/2710 [04:22<00:38,  9.52it/s]
Extraindo:  87%|████████▋ | 2345/2710 [04:22<00:50,  7.20it/s]
Extraindo:  87%|████████▋ | 2347/2710 [04:22<00:43,  8.30it/s]
Extraindo:  87%|████████▋ | 2348/2710 [04:22<00:42,  8.55it/s]
Extraindo:  87%|████████▋ | 2349/2710 [04:22<01:05,  5.48it/s]
Extraindo:  87%|████████▋ | 2351/2710 [04:23<00:52,  6.90it/s]
Extraindo:  87%|████████▋ | 2353/2710 [04:23<00:44,  8.00it/s]
Extraindo:  87%|████████▋ | 2355/2710 [04:23<00:40,  8.68it/s]
Extraindo:  87%|████████▋ | 2357/2710 [04:23<00:38,  9.16it/s]
Extraindo:  87%|████████▋ | 2358/2710 [04:23<00:38,  9.13it/s]
Extraindo:  87%|████████▋ | 2360/2710 [04:24<00:37,  9.46it/s]
Extraindo:  87%|████████▋ | 2362/2710 [04:24<00:36,  9.66it/s]
Extraindo:  87%|████████▋ | 2363/2710 [04:24<00:35,  9.70it/s]
Extraindo:  87%|████████▋ | 2365/2710 [04:24<00:35,  9.84it/s]
Extraindo:  87%|████████▋ | 2366/2710 [04:24<00:34,  9.85it/s]
Extraindo:  87%|████████▋ | 2367/2710 [04:24<00:34,  9.83it/s]
Extraindo:  87%|████████▋ | 2368/2710 [04:24<00:35,  9.75it/s]
Extraindo:  87%|████████▋ | 2369/2710 [04:24<00:35,  9.64it/s]
Extraindo:  87%|████████▋ | 2370/2710 [04:25<00:34,  9.73it/s]
Extraindo:  87%|████████▋ | 2371/2710 [04:25<00:35,  9.65it/s]
Extraindo:  88%|████████▊ | 2372/2710 [04:25<00:46,  7.21it/s]
Extraindo:  88%|████████▊ | 2373/2710 [04:25<00:43,  7.79it/s]
Extraindo:  88%|████████▊ | 2375/2710 [04:25<00:38,  8.70it/s]
Extraindo:  88%|████████▊ | 2376/2710 [04:25<00:39,  8.46it/s]
Extraindo:  88%|████████▊ | 2377/2710 [04:25<00:37,  8.78it/s]
Extraindo:  88%|████████▊ | 2378/2710 [04:26<00:37,  8.87it/s]
Extraindo:  88%|████████▊ | 2379/2710 [04:26<00:48,  6.81it/s]
Extraindo:  88%|████████▊ | 2381/2710 [04:26<00:40,  8.09it/s]
Extraindo:  88%|████████▊ | 2382/2710 [04:26<00:38,  8.46it/s]
Extraindo:  88%|████████▊ | 2384/2710 [04:26<00:36,  9.00it/s]
Extraindo:  88%|████████▊ | 2385/2710 [04:26<00:37,  8.66it/s]
Extraindo:  88%|████████▊ | 2386/2710 [04:26<00:36,  8.91it/s]
Extraindo:  88%|████████▊ | 2387/2710 [04:27<00:45,  7.12it/s]
Extraindo:  88%|████████▊ | 2389/2710 [04:27<00:38,  8.28it/s]
Extraindo:  88%|████████▊ | 2391/2710 [04:27<00:35,  8.89it/s]
Extraindo:  88%|████████▊ | 2393/2710 [04:27<00:34,  9.07it/s]
Extraindo:  88%|████████▊ | 2394/2710 [04:27<00:34,  9.16it/s]
Extraindo:  88%|████████▊ | 2395/2710 [04:27<00:33,  9.30it/s]
Extraindo:  88%|████████▊ | 2396/2710 [04:28<00:33,  9.45it/s]
Extraindo:  88%|████████▊ | 2397/2710 [04:28<00:33,  9.34it/s]
Extraindo:  88%|████████▊ | 2398/2710 [04:28<00:33,  9.33it/s]
Extraindo:  89%|████████▊ | 2399/2710 [04:28<00:44,  7.02it/s]
Extraindo:  89%|████████▊ | 2401/2710 [04:28<00:38,  8.02it/s]
Extraindo:  89%|████████▊ | 2402/2710 [04:28<00:37,  8.12it/s]
Extraindo:  89%|████████▊ | 2403/2710 [04:28<00:36,  8.44it/s]
Extraindo:  89%|████████▊ | 2404/2710 [04:29<00:35,  8.72it/s]
Extraindo:  89%|████████▊ | 2405/2710 [04:29<00:33,  9.03it/s]
Extraindo:  89%|████████▉ | 2406/2710 [04:29<00:33,  9.20it/s]
Extraindo:  89%|████████▉ | 2407/2710 [04:29<00:32,  9.35it/s]
Extraindo:  89%|████████▉ | 2408/2710 [04:29<00:32,  9.35it/s]
Extraindo:  89%|████████▉ | 2409/2710 [04:29<00:31,  9.42it/s]
Extraindo:  89%|████████▉ | 2410/2710 [04:29<00:44,  6.71it/s]
Extraindo:  89%|████████▉ | 2411/2710 [04:29<00:40,  7.43it/s]
Extraindo:  89%|████████▉ | 2413/2710 [04:30<00:35,  8.46it/s]
Extraindo:  89%|████████▉ | 2414/2710 [04:30<00:33,  8.77it/s]
Extraindo:  89%|████████▉ | 2415/2710 [04:30<00:32,  8.99it/s]
Extraindo:  89%|████████▉ | 2416/2710 [04:30<00:32,  9.17it/s]
Extraindo:  89%|████████▉ | 2417/2710 [04:30<00:31,  9.29it/s]
Extraindo:  89%|████████▉ | 2418/2710 [04:30<00:31,  9.39it/s]
Extraindo:  89%|████████▉ | 2419/2710 [04:30<00:31,  9.34it/s]
Extraindo:  89%|████████▉ | 2420/2710 [04:30<00:30,  9.51it/s]
Extraindo:  89%|████████▉ | 2421/2710 [04:30<00:30,  9.36it/s]
Extraindo:  89%|████████▉ | 2422/2710 [04:31<00:30,  9.36it/s]
Extraindo:  89%|████████▉ | 2423/2710 [04:31<00:30,  9.44it/s]
Extraindo:  89%|████████▉ | 2424/2710 [04:31<00:40,  6.98it/s]
Extraindo:  90%|████████▉ | 2426/2710 [04:31<00:43,  6.47it/s]
Extraindo:  90%|████████▉ | 2427/2710 [04:31<00:40,  6.98it/s]
Extraindo:  90%|████████▉ | 2429/2710 [04:32<00:34,  8.11it/s]
Extraindo:  90%|████████▉ | 2431/2710 [04:32<00:31,  8.76it/s]
Extraindo:  90%|████████▉ | 2433/2710 [04:32<00:30,  9.20it/s]
Extraindo:  90%|████████▉ | 2435/2710 [04:32<00:29,  9.43it/s]
Extraindo:  90%|████████▉ | 2436/2710 [04:32<00:28,  9.49it/s]
Extraindo:  90%|████████▉ | 2437/2710 [04:32<00:29,  9.13it/s]
Extraindo:  90%|████████▉ | 2438/2710 [04:32<00:29,  9.21it/s]
Extraindo:  90%|█████████ | 2440/2710 [04:33<00:28,  9.47it/s]
Extraindo:  90%|█████████ | 2441/2710 [04:33<00:36,  7.42it/s]
Extraindo:  90%|█████████ | 2443/2710 [04:33<00:32,  8.19it/s]
Extraindo:  90%|█████████ | 2445/2710 [04:33<00:30,  8.72it/s]
Extraindo:  90%|█████████ | 2446/2710 [04:33<00:29,  8.84it/s]
Extraindo:  90%|█████████ | 2447/2710 [04:34<00:29,  8.92it/s]
Extraindo:  90%|█████████ | 2448/2710 [04:34<00:29,  8.96it/s]
Extraindo:  90%|█████████ | 2449/2710 [04:34<00:28,  9.01it/s]
Extraindo:  90%|█████████ | 2450/2710 [04:34<00:28,  9.22it/s]
Extraindo:  90%|█████████ | 2451/2710 [04:34<00:28,  9.23it/s]
Extraindo:  90%|█████████ | 2452/2710 [04:34<00:27,  9.28it/s]
Extraindo:  91%|█████████ | 2453/2710 [04:34<00:36,  6.98it/s]
Extraindo:  91%|█████████ | 2455/2710 [04:35<00:31,  8.00it/s]
Extraindo:  91%|█████████ | 2456/2710 [04:35<00:30,  8.33it/s]
Extraindo:  91%|█████████ | 2457/2710 [04:35<00:29,  8.63it/s]
Extraindo:  91%|█████████ | 2458/2710 [04:35<00:28,  8.82it/s]
Extraindo:  91%|█████████ | 2459/2710 [04:35<00:27,  9.01it/s]
Extraindo:  91%|█████████ | 2460/2710 [04:35<00:27,  9.18it/s]
Extraindo:  91%|█████████ | 2461/2710 [04:35<00:27,  9.14it/s]
Extraindo:  91%|█████████ | 2462/2710 [04:35<00:37,  6.63it/s]
Extraindo:  91%|█████████ | 2463/2710 [04:35<00:33,  7.34it/s]
Extraindo:  91%|█████████ | 2464/2710 [04:36<00:30,  7.94it/s]
Extraindo:  91%|█████████ | 2465/2710 [04:36<00:29,  8.34it/s]
Extraindo:  91%|█████████ | 2466/2710 [04:36<00:28,  8.67it/s]
Extraindo:  91%|█████████ | 2468/2710 [04:36<00:26,  9.26it/s]
Extraindo:  91%|█████████ | 2469/2710 [04:36<00:25,  9.41it/s]
Extraindo:  91%|█████████ | 2470/2710 [04:36<00:25,  9.34it/s]
Extraindo:  91%|█████████ | 2471/2710 [04:36<00:26,  9.16it/s]
Extraindo:  91%|█████████ | 2472/2710 [04:37<00:34,  6.97it/s]
Extraindo:  91%|█████████▏| 2474/2710 [04:37<00:29,  8.12it/s]
Extraindo:  91%|█████████▏| 2475/2710 [04:37<00:27,  8.48it/s]
Extraindo:  91%|█████████▏| 2476/2710 [04:37<00:26,  8.74it/s]
Extraindo:  91%|█████████▏| 2477/2710 [04:37<00:25,  8.97it/s]
Extraindo:  91%|█████████▏| 2478/2710 [04:37<00:25,  9.08it/s]
Extraindo:  91%|█████████▏| 2479/2710 [04:37<00:25,  9.19it/s]
Extraindo:  92%|█████████▏| 2480/2710 [04:37<00:25,  8.96it/s]
Extraindo:  92%|█████████▏| 2481/2710 [04:38<00:33,  6.90it/s]
Extraindo:  92%|█████████▏| 2483/2710 [04:38<00:28,  8.05it/s]
Extraindo:  92%|█████████▏| 2484/2710 [04:38<00:26,  8.43it/s]
Extraindo:  92%|█████████▏| 2485/2710 [04:38<00:25,  8.77it/s]
Extraindo:  92%|█████████▏| 2486/2710 [04:38<00:25,  8.90it/s]
Extraindo:  92%|█████████▏| 2487/2710 [04:38<00:24,  9.06it/s]
Extraindo:  92%|█████████▏| 2488/2710 [04:38<00:24,  9.14it/s]
Extraindo:  92%|█████████▏| 2489/2710 [04:38<00:23,  9.32it/s]
Extraindo:  92%|█████████▏| 2490/2710 [04:39<00:23,  9.22it/s]
Extraindo:  92%|█████████▏| 2491/2710 [04:39<00:23,  9.33it/s]
Extraindo:  92%|█████████▏| 2492/2710 [04:39<00:23,  9.20it/s]
Extraindo:  92%|█████████▏| 2493/2710 [04:39<00:23,  9.30it/s]
Extraindo:  92%|█████████▏| 2494/2710 [04:39<00:23,  9.20it/s]
Extraindo:  92%|█████████▏| 2495/2710 [04:39<00:23,  9.25it/s]
Extraindo:  92%|█████████▏| 2496/2710 [04:39<00:23,  8.97it/s]
Extraindo:  92%|█████████▏| 2497/2710 [04:39<00:23,  8.98it/s]
Extraindo:  92%|█████████▏| 2498/2710 [04:39<00:23,  8.94it/s]
Extraindo:  92%|█████████▏| 2499/2710 [04:40<00:31,  6.76it/s]
Extraindo:  92%|█████████▏| 2500/2710 [04:40<00:28,  7.41it/s]
Extraindo:  92%|█████████▏| 2501/2710 [04:40<00:26,  7.96it/s]
Extraindo:  92%|█████████▏| 2502/2710 [04:40<00:33,  6.20it/s]
Extraindo:  92%|█████████▏| 2503/2710 [04:40<00:29,  6.92it/s]
Extraindo:  92%|█████████▏| 2504/2710 [04:40<00:27,  7.57it/s]
Extraindo:  92%|█████████▏| 2505/2710 [04:40<00:25,  8.10it/s]
Extraindo:  92%|█████████▏| 2506/2710 [04:41<00:24,  8.45it/s]
Extraindo:  93%|█████████▎| 2507/2710 [04:41<00:23,  8.79it/s]
Extraindo:  93%|█████████▎| 2508/2710 [04:41<00:30,  6.69it/s]
Extraindo:  93%|█████████▎| 2509/2710 [04:41<00:27,  7.39it/s]
Extraindo:  93%|█████████▎| 2511/2710 [04:41<00:23,  8.42it/s]
Extraindo:  93%|█████████▎| 2513/2710 [04:41<00:22,  8.68it/s]
Extraindo:  93%|█████████▎| 2514/2710 [04:42<00:22,  8.90it/s]
Extraindo:  93%|█████████▎| 2515/2710 [04:42<00:21,  9.11it/s]
Extraindo:  93%|█████████▎| 2516/2710 [04:42<00:20,  9.27it/s]
Extraindo:  93%|█████████▎| 2517/2710 [04:42<00:20,  9.38it/s]
Extraindo:  93%|█████████▎| 2518/2710 [04:42<00:20,  9.45it/s]
Extraindo:  93%|█████████▎| 2519/2710 [04:42<00:20,  9.41it/s]
Extraindo:  93%|█████████▎| 2521/2710 [04:42<00:19,  9.57it/s]
Extraindo:  93%|█████████▎| 2522/2710 [04:42<00:20,  9.02it/s]
Extraindo:  93%|█████████▎| 2523/2710 [04:42<00:20,  8.99it/s]
Extraindo:  93%|█████████▎| 2524/2710 [04:43<00:20,  8.96it/s]
Extraindo:  93%|█████████▎| 2525/2710 [04:43<00:20,  8.97it/s]
Extraindo:  93%|█████████▎| 2526/2710 [04:43<00:20,  9.07it/s]
Extraindo:  93%|█████████▎| 2527/2710 [04:43<00:20,  8.97it/s]
Extraindo:  93%|█████████▎| 2528/2710 [04:43<00:20,  8.93it/s]
Extraindo:  93%|█████████▎| 2529/2710 [04:43<00:20,  8.90it/s]
Extraindo:  93%|█████████▎| 2530/2710 [04:43<00:20,  8.89it/s]
Extraindo:  93%|█████████▎| 2531/2710 [04:43<00:20,  8.89it/s]
Extraindo:  93%|█████████▎| 2532/2710 [04:43<00:20,  8.87it/s]
Extraindo:  93%|█████████▎| 2533/2710 [04:44<00:26,  6.62it/s]
Extraindo:  94%|█████████▎| 2534/2710 [04:44<00:30,  5.71it/s]
Extraindo:  94%|█████████▎| 2536/2710 [04:44<00:24,  7.12it/s]
Extraindo:  94%|█████████▎| 2537/2710 [04:44<00:28,  6.18it/s]
Extraindo:  94%|█████████▎| 2539/2710 [04:45<00:23,  7.36it/s]
Extraindo:  94%|█████████▍| 2541/2710 [04:45<00:20,  8.20it/s]
Extraindo:  94%|█████████▍| 2542/2710 [04:45<00:19,  8.47it/s]
Extraindo:  94%|█████████▍| 2543/2710 [04:45<00:19,  8.73it/s]
Extraindo:  94%|█████████▍| 2545/2710 [04:45<00:17,  9.24it/s]
Extraindo:  94%|█████████▍| 2546/2710 [04:45<00:17,  9.31it/s]
Extraindo:  94%|█████████▍| 2547/2710 [04:45<00:17,  9.31it/s]
Extraindo:  94%|█████████▍| 2548/2710 [04:45<00:17,  9.34it/s]
Extraindo:  94%|█████████▍| 2549/2710 [04:46<00:17,  9.44it/s]
Extraindo:  94%|█████████▍| 2550/2710 [04:46<00:16,  9.54it/s]
Extraindo:  94%|█████████▍| 2551/2710 [04:46<00:16,  9.57it/s]
Extraindo:  94%|█████████▍| 2552/2710 [04:46<00:16,  9.52it/s]
Extraindo:  94%|█████████▍| 2553/2710 [04:46<00:16,  9.50it/s]
Extraindo:  94%|█████████▍| 2554/2710 [04:46<00:16,  9.51it/s]
Extraindo:  94%|█████████▍| 2555/2710 [04:46<00:16,  9.39it/s]
Extraindo:  94%|█████████▍| 2556/2710 [04:46<00:16,  9.11it/s]
Extraindo:  94%|█████████▍| 2557/2710 [04:46<00:16,  9.22it/s]
Extraindo:  94%|█████████▍| 2558/2710 [04:47<00:16,  9.07it/s]
Extraindo:  94%|█████████▍| 2559/2710 [04:47<00:16,  9.05it/s]
Extraindo:  94%|█████████▍| 2560/2710 [04:47<00:16,  9.04it/s]
Extraindo:  95%|█████████▍| 2561/2710 [04:47<00:16,  8.92it/s]
Extraindo:  95%|█████████▍| 2562/2710 [04:47<00:22,  6.70it/s]
Extraindo:  95%|█████████▍| 2563/2710 [04:47<00:19,  7.42it/s]
Extraindo:  95%|█████████▍| 2564/2710 [04:48<00:25,  5.83it/s]
Extraindo:  95%|█████████▍| 2565/2710 [04:48<00:22,  6.58it/s]
Extraindo:  95%|█████████▍| 2567/2710 [04:48<00:18,  7.67it/s]
Extraindo:  95%|█████████▍| 2568/2710 [04:48<00:17,  8.04it/s]
Extraindo:  95%|█████████▍| 2569/2710 [04:48<00:17,  8.27it/s]
Extraindo:  95%|█████████▍| 2570/2710 [04:48<00:16,  8.60it/s]
Extraindo:  95%|█████████▍| 2571/2710 [04:48<00:16,  8.65it/s]
Extraindo:  95%|█████████▍| 2572/2710 [04:48<00:15,  8.74it/s]
Extraindo:  95%|█████████▍| 2573/2710 [04:48<00:15,  8.88it/s]
Extraindo:  95%|█████████▍| 2574/2710 [04:49<00:15,  9.03it/s]
Extraindo:  95%|█████████▌| 2575/2710 [04:49<00:19,  6.90it/s]
Extraindo:  95%|█████████▌| 2576/2710 [04:49<00:17,  7.52it/s]
Extraindo:  95%|█████████▌| 2577/2710 [04:49<00:16,  8.01it/s]
Extraindo:  95%|█████████▌| 2578/2710 [04:49<00:15,  8.40it/s]
Extraindo:  95%|█████████▌| 2579/2710 [04:49<00:15,  8.70it/s]
Extraindo:  95%|█████████▌| 2580/2710 [04:49<00:14,  8.70it/s]
Extraindo:  95%|█████████▌| 2581/2710 [04:49<00:15,  8.58it/s]
Extraindo:  95%|█████████▌| 2582/2710 [04:50<00:14,  8.74it/s]
Extraindo:  95%|█████████▌| 2583/2710 [04:50<00:14,  8.90it/s]
Extraindo:  95%|█████████▌| 2584/2710 [04:50<00:14,  8.93it/s]
Extraindo:  95%|█████████▌| 2585/2710 [04:50<00:13,  9.07it/s]
Extraindo:  95%|█████████▌| 2586/2710 [04:50<00:13,  8.91it/s]
Extraindo:  95%|█████████▌| 2587/2710 [04:50<00:13,  8.98it/s]
Extraindo:  95%|█████████▌| 2588/2710 [04:50<00:13,  8.95it/s]
Extraindo:  96%|█████████▌| 2589/2710 [04:50<00:18,  6.47it/s]
Extraindo:  96%|█████████▌| 2590/2710 [04:51<00:16,  7.11it/s]
Extraindo:  96%|█████████▌| 2591/2710 [04:51<00:15,  7.52it/s]
Extraindo:  96%|█████████▌| 2592/2710 [04:51<00:14,  7.93it/s]
Extraindo:  96%|█████████▌| 2593/2710 [04:51<00:14,  8.33it/s]
Extraindo:  96%|█████████▌| 2594/2710 [04:51<00:18,  6.39it/s]
Extraindo:  96%|█████████▌| 2595/2710 [04:51<00:16,  7.14it/s]
Extraindo:  96%|█████████▌| 2596/2710 [04:51<00:14,  7.66it/s]
Extraindo:  96%|█████████▌| 2597/2710 [04:51<00:13,  8.09it/s]
Extraindo:  96%|█████████▌| 2598/2710 [04:52<00:13,  8.37it/s]
Extraindo:  96%|█████████▌| 2599/2710 [04:52<00:12,  8.69it/s]
Extraindo:  96%|█████████▌| 2600/2710 [04:52<00:12,  8.84it/s]
Extraindo:  96%|█████████▌| 2601/2710 [04:52<00:12,  8.91it/s]
Extraindo:  96%|█████████▌| 2602/2710 [04:52<00:12,  8.97it/s]
Extraindo:  96%|█████████▌| 2603/2710 [04:52<00:11,  9.03it/s]
Extraindo:  96%|█████████▌| 2604/2710 [04:52<00:11,  9.20it/s]
Extraindo:  96%|█████████▌| 2605/2710 [04:52<00:11,  9.05it/s]
Extraindo:  96%|█████████▌| 2606/2710 [04:52<00:11,  8.77it/s]
Extraindo:  96%|█████████▌| 2607/2710 [04:53<00:11,  9.05it/s]
Extraindo:  96%|█████████▌| 2608/2710 [04:53<00:11,  8.89it/s]
Extraindo:  96%|█████████▋| 2609/2710 [04:53<00:11,  8.83it/s]
Extraindo:  96%|█████████▋| 2610/2710 [04:53<00:11,  8.78it/s]
Extraindo:  96%|█████████▋| 2611/2710 [04:53<00:11,  8.71it/s]
Extraindo:  96%|█████████▋| 2612/2710 [04:53<00:14,  6.62it/s]
Extraindo:  96%|█████████▋| 2613/2710 [04:53<00:13,  7.09it/s]
Extraindo:  96%|█████████▋| 2614/2710 [04:54<00:12,  7.54it/s]
Extraindo:  96%|█████████▋| 2615/2710 [04:54<00:11,  7.99it/s]
Extraindo:  97%|█████████▋| 2616/2710 [04:54<00:14,  6.29it/s]
Extraindo:  97%|█████████▋| 2617/2710 [04:54<00:13,  7.04it/s]
Extraindo:  97%|█████████▋| 2618/2710 [04:54<00:11,  7.70it/s]
Extraindo:  97%|█████████▋| 2619/2710 [04:54<00:11,  8.17it/s]
Extraindo:  97%|█████████▋| 2620/2710 [04:54<00:10,  8.43it/s]
Extraindo:  97%|█████████▋| 2621/2710 [04:54<00:10,  8.56it/s]
Extraindo:  97%|█████████▋| 2622/2710 [04:55<00:10,  8.60it/s]
Extraindo:  97%|█████████▋| 2623/2710 [04:55<00:20,  4.29it/s]
Extraindo:  97%|█████████▋| 2625/2710 [04:55<00:16,  5.10it/s]
Extraindo:  97%|█████████▋| 2627/2710 [04:55<00:12,  6.53it/s]
Extraindo:  97%|█████████▋| 2629/2710 [04:56<00:10,  7.84it/s]
Extraindo:  97%|█████████▋| 2631/2710 [04:56<00:08,  8.86it/s]
Extraindo:  97%|█████████▋| 2633/2710 [04:56<00:07,  9.71it/s]
Extraindo:  97%|█████████▋| 2635/2710 [04:56<00:07, 10.13it/s]
Extraindo:  97%|█████████▋| 2637/2710 [04:56<00:06, 10.45it/s]
Extraindo:  97%|█████████▋| 2639/2710 [04:57<00:06, 10.35it/s]
Extraindo:  97%|█████████▋| 2641/2710 [04:57<00:06, 10.65it/s]
Extraindo:  98%|█████████▊| 2643/2710 [04:57<00:07,  9.01it/s]
Extraindo:  98%|█████████▊| 2645/2710 [04:57<00:06,  9.52it/s]
Extraindo:  98%|█████████▊| 2647/2710 [04:57<00:06,  9.63it/s]
Extraindo:  98%|█████████▊| 2649/2710 [04:58<00:07,  8.45it/s]
Extraindo:  98%|█████████▊| 2651/2710 [04:58<00:06,  9.25it/s]
Extraindo:  98%|█████████▊| 2653/2710 [04:58<00:05,  9.78it/s]
Extraindo:  98%|█████████▊| 2655/2710 [04:58<00:05, 10.14it/s]
Extraindo:  98%|█████████▊| 2657/2710 [04:59<00:06,  8.73it/s]
Extraindo:  98%|█████████▊| 2659/2710 [04:59<00:05,  9.55it/s]
Extraindo:  98%|█████████▊| 2661/2710 [04:59<00:04, 10.09it/s]
Extraindo:  98%|█████████▊| 2663/2710 [04:59<00:04, 10.45it/s]
Extraindo:  98%|█████████▊| 2665/2710 [04:59<00:04, 10.76it/s]
Extraindo:  98%|█████████▊| 2667/2710 [04:59<00:04, 10.44it/s]
Extraindo:  98%|█████████▊| 2669/2710 [05:00<00:03, 10.56it/s]
Extraindo:  99%|█████████▊| 2671/2710 [05:00<00:04,  9.05it/s]
Extraindo:  99%|█████████▊| 2673/2710 [05:00<00:03,  9.70it/s]
Extraindo:  99%|█████████▊| 2675/2710 [05:00<00:03, 10.29it/s]
Extraindo:  99%|█████████▉| 2677/2710 [05:00<00:03, 10.05it/s]
Extraindo:  99%|█████████▉| 2679/2710 [05:01<00:03, 10.28it/s]
Extraindo:  99%|█████████▉| 2681/2710 [05:01<00:02, 10.41it/s]
Extraindo:  99%|█████████▉| 2683/2710 [05:01<00:02, 10.47it/s]
Extraindo:  99%|█████████▉| 2685/2710 [05:01<00:02, 10.64it/s]
Extraindo:  99%|█████████▉| 2687/2710 [05:02<00:03,  7.45it/s]
Extraindo:  99%|█████████▉| 2689/2710 [05:02<00:02,  8.39it/s]
Extraindo:  99%|█████████▉| 2691/2710 [05:02<00:02,  9.12it/s]
Extraindo:  99%|█████████▉| 2693/2710 [05:02<00:01,  9.65it/s]
Extraindo:  99%|█████████▉| 2695/2710 [05:02<00:01,  9.98it/s]
Extraindo: 100%|█████████▉| 2697/2710 [05:03<00:01,  8.36it/s]
Extraindo: 100%|█████████▉| 2699/2710 [05:03<00:01,  9.19it/s]
Extraindo: 100%|█████████▉| 2701/2710 [05:03<00:00,  9.70it/s]
Extraindo: 100%|█████████▉| 2703/2710 [05:03<00:00, 10.16it/s]
Extraindo: 100%|█████████▉| 2705/2710 [05:03<00:00, 10.28it/s]
Extraindo: 100%|█████████▉| 2707/2710 [05:04<00:00, 10.58it/s]
Extraindo: 100%|█████████▉| 2709/2710 [05:04<00:00, 10.70it/s]
Extraindo: 100%|██████████| 2710/2710 [05:04<00:00,  8.90it/s]
2026-09-25 10:43:16,828 | INFO | matches      :     206,654 linhas
2026-09-25 10:43:16,898 | INFO | participants :   1,653,232 linhas
2026-09-25 10:43:16,979 | INFO | units        :  14,525,773 linhas
2026-09-25 10:43:17,086 | INFO | traits       :  17,757,384 linhas
2026-09-25 10:43:17,151 | INFO | items        :  20,096,449 linhas
2026-09-25 10:43:17,156 | INFO | {
  "raw_matches": 270713,
  "kept_matches": 206654,
  "drop_patch": 27902,
  "drop_queue": 30455,
  "drop_set": 5561,
  "drop_incomplete": 102,
  "puuid_dup_in_match": 472,
  "drop_duplicate": 39,
  "n_participants": 1653232,
  "top4_rate": 0.5,
  "patches": {
    "16.2": 41595,
    "16.3": 57111,
    "16.4": 50740,
    "16.5": 25203,
    "16.1": 32005
  },
  "date_range": [
    "2026-01-07 23:04:15.543000",
    "2026-03-14 06:37:49.985000"
  ],
  "n_unique_units": 103,
  "n_unique_traits": 52,
  "n_unique_items": 153,
  "unknown_rarities": [],
  "elo": "Master+ (Master, Grandmaster, Challenger) via League-V1"
}
