Pipeline TCC TFT | início 2026-09-25 12:05:27
Python 3.14.6 | Windows-11-10.0.26200-SP0 | cwd=D:\Estudos\TCC\tft_tcc_uspesalq_v2
Etapas: [1, 2, 3, 4, 5, 6, 7, 8, 9, 10, 11] | keep-going=False | logs em logs\20260925_120527
==========================================================================================
[1/11] extract | 2026-09-25 12:05:28
$ 01_extract.py
------------------------------------------------------------------------------------------
2026-09-25 12:05:28,275 | INFO | 2710 arquivos encontrados em raw

Extraindo:   0%|          | 0/2710 [00:00<?, ?it/s]
Extraindo:   0%|          | 2/2710 [00:00<02:33, 17.65it/s]
Extraindo:   0%|          | 4/2710 [00:00<02:36, 17.26it/s]
Extraindo:   0%|          | 6/2710 [00:00<02:41, 16.77it/s]
Extraindo:   0%|          | 8/2710 [00:00<02:48, 16.04it/s]
Extraindo:   0%|          | 10/2710 [00:00<02:49, 15.93it/s]
Extraindo:   0%|          | 12/2710 [00:00<02:50, 15.85it/s]
Extraindo:   1%|          | 14/2710 [00:00<02:54, 15.49it/s]
Extraindo:   1%|          | 16/2710 [00:01<02:56, 15.25it/s]
Extraindo:   1%|          | 18/2710 [00:01<02:57, 15.18it/s]
Extraindo:   1%|          | 20/2710 [00:01<02:59, 15.00it/s]
Extraindo:   1%|          | 22/2710 [00:01<03:03, 14.66it/s]
Extraindo:   1%|          | 24/2710 [00:01<03:05, 14.49it/s]
Extraindo:   1%|          | 26/2710 [00:01<03:08, 14.27it/s]
Extraindo:   1%|          | 28/2710 [00:02<06:07,  7.30it/s]
Extraindo:   1%|          | 30/2710 [00:02<05:17,  8.45it/s]
Extraindo:   1%|          | 32/2710 [00:02<05:34,  8.00it/s]
Extraindo:   1%|▏         | 34/2710 [00:02<04:54,  9.07it/s]
Extraindo:   1%|▏         | 36/2710 [00:03<04:25, 10.09it/s]
Extraindo:   1%|▏         | 38/2710 [00:03<04:58,  8.96it/s]
Extraindo:   1%|▏         | 40/2710 [00:03<04:26, 10.03it/s]
Extraindo:   2%|▏         | 42/2710 [00:03<04:06, 10.82it/s]
Extraindo:   2%|▏         | 44/2710 [00:03<03:53, 11.43it/s]
Extraindo:   2%|▏         | 46/2710 [00:03<03:43, 11.93it/s]
Extraindo:   2%|▏         | 48/2710 [00:04<03:36, 12.29it/s]
Extraindo:   2%|▏         | 50/2710 [00:04<03:32, 12.51it/s]
Extraindo:   2%|▏         | 52/2710 [00:04<03:29, 12.69it/s]
Extraindo:   2%|▏         | 54/2710 [00:04<03:28, 12.73it/s]
Extraindo:   2%|▏         | 56/2710 [00:04<04:15, 10.37it/s]
Extraindo:   2%|▏         | 58/2710 [00:04<04:00, 11.05it/s]
Extraindo:   2%|▏         | 60/2710 [00:05<03:50, 11.49it/s]
Extraindo:   2%|▏         | 62/2710 [00:05<04:37,  9.55it/s]
Extraindo:   2%|▏         | 64/2710 [00:05<04:10, 10.56it/s]
Extraindo:   2%|▏         | 66/2710 [00:05<03:55, 11.21it/s]
Extraindo:   3%|▎         | 68/2710 [00:05<03:47, 11.61it/s]
Extraindo:   3%|▎         | 70/2710 [00:06<03:40, 11.97it/s]
Extraindo:   3%|▎         | 72/2710 [00:06<03:38, 12.06it/s]
Extraindo:   3%|▎         | 74/2710 [00:06<03:34, 12.28it/s]
Extraindo:   3%|▎         | 76/2710 [00:06<04:19, 10.15it/s]
Extraindo:   3%|▎         | 78/2710 [00:06<04:02, 10.84it/s]
Extraindo:   3%|▎         | 80/2710 [00:06<03:58, 11.01it/s]
Extraindo:   3%|▎         | 82/2710 [00:07<04:48,  9.10it/s]
Extraindo:   3%|▎         | 84/2710 [00:07<04:24,  9.93it/s]
Extraindo:   3%|▎         | 86/2710 [00:07<04:09, 10.52it/s]
Extraindo:   3%|▎         | 88/2710 [00:07<03:58, 11.01it/s]
Extraindo:   3%|▎         | 90/2710 [00:07<03:51, 11.32it/s]
Extraindo:   3%|▎         | 92/2710 [00:08<03:44, 11.67it/s]
Extraindo:   3%|▎         | 94/2710 [00:08<04:28,  9.74it/s]
Extraindo:   4%|▎         | 96/2710 [00:08<04:10, 10.46it/s]
Extraindo:   4%|▎         | 98/2710 [00:08<03:57, 11.02it/s]
Extraindo:   4%|▎         | 100/2710 [00:08<03:49, 11.36it/s]
Extraindo:   4%|▍         | 102/2710 [00:08<03:44, 11.60it/s]
Extraindo:   4%|▍         | 104/2710 [00:09<03:40, 11.81it/s]
Extraindo:   4%|▍         | 106/2710 [00:09<03:39, 11.85it/s]
Extraindo:   4%|▍         | 108/2710 [00:09<03:38, 11.93it/s]
Extraindo:   4%|▍         | 110/2710 [00:09<04:23,  9.86it/s]
Extraindo:   4%|▍         | 112/2710 [00:09<04:10, 10.39it/s]
Extraindo:   4%|▍         | 114/2710 [00:10<04:42,  9.19it/s]
Extraindo:   4%|▍         | 116/2710 [00:10<04:14, 10.18it/s]
Extraindo:   4%|▍         | 118/2710 [00:10<03:58, 10.85it/s]
Extraindo:   4%|▍         | 120/2710 [00:10<03:50, 11.23it/s]
Extraindo:   5%|▍         | 122/2710 [00:10<03:44, 11.52it/s]
Extraindo:   5%|▍         | 124/2710 [00:11<04:26,  9.69it/s]
Extraindo:   5%|▍         | 126/2710 [00:11<04:07, 10.44it/s]
Extraindo:   5%|▍         | 128/2710 [00:11<03:53, 11.03it/s]
Extraindo:   5%|▍         | 130/2710 [00:11<03:43, 11.55it/s]
Extraindo:   5%|▍         | 132/2710 [00:11<03:40, 11.71it/s]
Extraindo:   5%|▍         | 134/2710 [00:11<03:38, 11.80it/s]
Extraindo:   5%|▌         | 136/2710 [00:12<04:27,  9.62it/s]
Extraindo:   5%|▌         | 138/2710 [00:12<04:07, 10.38it/s]
Extraindo:   5%|▌         | 140/2710 [00:12<03:52, 11.07it/s]
Extraindo:   5%|▌         | 142/2710 [00:12<03:41, 11.57it/s]
Extraindo:   5%|▌         | 144/2710 [00:12<03:43, 11.46it/s]
Extraindo:   5%|▌         | 146/2710 [00:13<03:41, 11.57it/s]
Extraindo:   5%|▌         | 148/2710 [00:13<03:40, 11.59it/s]
Extraindo:   6%|▌         | 150/2710 [00:13<04:21,  9.80it/s]
Extraindo:   6%|▌         | 152/2710 [00:13<04:04, 10.48it/s]
Extraindo:   6%|▌         | 154/2710 [00:13<04:42,  9.05it/s]
Extraindo:   6%|▌         | 156/2710 [00:14<04:17,  9.92it/s]
Extraindo:   6%|▌         | 158/2710 [00:14<04:00, 10.62it/s]
Extraindo:   6%|▌         | 160/2710 [00:14<03:46, 11.28it/s]
Extraindo:   6%|▌         | 162/2710 [00:14<03:43, 11.41it/s]
Extraindo:   6%|▌         | 164/2710 [00:14<04:22,  9.69it/s]
Extraindo:   6%|▌         | 166/2710 [00:15<04:05, 10.35it/s]
Extraindo:   6%|▌         | 168/2710 [00:15<03:53, 10.88it/s]
Extraindo:   6%|▋         | 170/2710 [00:15<03:46, 11.19it/s]
Extraindo:   6%|▋         | 172/2710 [00:15<03:40, 11.53it/s]
Extraindo:   6%|▋         | 174/2710 [00:15<03:37, 11.68it/s]
Extraindo:   6%|▋         | 176/2710 [00:15<03:36, 11.72it/s]
Extraindo:   7%|▋         | 178/2710 [00:15<03:36, 11.72it/s]
Extraindo:   7%|▋         | 180/2710 [00:16<03:34, 11.77it/s]
Extraindo:   7%|▋         | 182/2710 [00:16<03:36, 11.67it/s]
Extraindo:   7%|▋         | 184/2710 [00:16<04:23,  9.58it/s]
Extraindo:   7%|▋         | 186/2710 [00:16<04:10, 10.06it/s]
Extraindo:   7%|▋         | 188/2710 [00:17<04:42,  8.93it/s]
Extraindo:   7%|▋         | 190/2710 [00:17<05:04,  8.27it/s]
Extraindo:   7%|▋         | 192/2710 [00:17<04:29,  9.33it/s]
Extraindo:   7%|▋         | 194/2710 [00:17<04:07, 10.18it/s]
Extraindo:   7%|▋         | 196/2710 [00:17<03:52, 10.79it/s]
Extraindo:   7%|▋         | 198/2710 [00:18<03:42, 11.27it/s]
Extraindo:   7%|▋         | 200/2710 [00:18<03:37, 11.53it/s]
Extraindo:   7%|▋         | 202/2710 [00:18<03:34, 11.69it/s]
Extraindo:   8%|▊         | 204/2710 [00:18<03:32, 11.78it/s]
Extraindo:   8%|▊         | 206/2710 [00:18<03:29, 11.96it/s]
Extraindo:   8%|▊         | 208/2710 [00:18<03:31, 11.84it/s]
Extraindo:   8%|▊         | 210/2710 [00:19<03:32, 11.78it/s]
Extraindo:   8%|▊         | 212/2710 [00:19<03:35, 11.61it/s]
Extraindo:   8%|▊         | 214/2710 [00:19<04:22,  9.53it/s]
Extraindo:   8%|▊         | 216/2710 [00:19<04:03, 10.23it/s]
Extraindo:   8%|▊         | 218/2710 [00:19<04:37,  8.98it/s]
Extraindo:   8%|▊         | 220/2710 [00:20<04:13,  9.82it/s]
Extraindo:   8%|▊         | 222/2710 [00:20<04:00, 10.35it/s]
Extraindo:   8%|▊         | 224/2710 [00:20<03:49, 10.83it/s]
Extraindo:   8%|▊         | 226/2710 [00:20<04:22,  9.45it/s]
Extraindo:   8%|▊         | 228/2710 [00:20<04:04, 10.13it/s]
Extraindo:   8%|▊         | 230/2710 [00:21<03:52, 10.67it/s]
Extraindo:   9%|▊         | 232/2710 [00:21<03:45, 10.98it/s]
Extraindo:   9%|▊         | 234/2710 [00:21<03:43, 11.07it/s]
Extraindo:   9%|▊         | 236/2710 [00:21<03:40, 11.24it/s]
Extraindo:   9%|▉         | 238/2710 [00:21<03:38, 11.32it/s]
Extraindo:   9%|▉         | 240/2710 [00:21<03:37, 11.37it/s]
Extraindo:   9%|▉         | 242/2710 [00:22<03:35, 11.43it/s]
Extraindo:   9%|▉         | 244/2710 [00:22<04:17,  9.56it/s]
Extraindo:   9%|▉         | 246/2710 [00:22<04:44,  8.65it/s]
Extraindo:   9%|▉         | 248/2710 [00:22<04:20,  9.45it/s]
Extraindo:   9%|▉         | 250/2710 [00:22<04:01, 10.19it/s]
Extraindo:   9%|▉         | 252/2710 [00:23<03:50, 10.66it/s]
Extraindo:   9%|▉         | 254/2710 [00:23<03:42, 11.06it/s]
Extraindo:   9%|▉         | 256/2710 [00:23<03:37, 11.29it/s]
Extraindo:  10%|▉         | 258/2710 [00:23<03:35, 11.39it/s]
Extraindo:  10%|▉         | 260/2710 [00:23<03:36, 11.34it/s]
Extraindo:  10%|▉         | 262/2710 [00:24<04:22,  9.34it/s]
Extraindo:  10%|▉         | 264/2710 [00:24<04:09,  9.80it/s]
Extraindo:  10%|▉         | 266/2710 [00:24<03:58, 10.23it/s]
Extraindo:  10%|▉         | 268/2710 [00:24<03:51, 10.54it/s]
Extraindo:  10%|▉         | 270/2710 [00:24<04:31,  9.00it/s]
Extraindo:  10%|█         | 272/2710 [00:25<04:10,  9.73it/s]
Extraindo:  10%|█         | 274/2710 [00:25<03:56, 10.28it/s]
Extraindo:  10%|█         | 276/2710 [00:25<04:31,  8.98it/s]
Extraindo:  10%|█         | 278/2710 [00:25<04:08,  9.77it/s]
Extraindo:  10%|█         | 280/2710 [00:25<03:55, 10.31it/s]
Extraindo:  10%|█         | 282/2710 [00:26<03:44, 10.82it/s]
Extraindo:  10%|█         | 284/2710 [00:26<03:38, 11.08it/s]
Extraindo:  11%|█         | 286/2710 [00:26<03:35, 11.23it/s]
Extraindo:  11%|█         | 288/2710 [00:26<03:33, 11.35it/s]
Extraindo:  11%|█         | 290/2710 [00:26<03:33, 11.34it/s]
Extraindo:  11%|█         | 292/2710 [00:26<03:35, 11.20it/s]
Extraindo:  11%|█         | 294/2710 [00:27<03:37, 11.13it/s]
Extraindo:  11%|█         | 296/2710 [00:27<03:40, 10.94it/s]
Extraindo:  11%|█         | 298/2710 [00:27<04:22,  9.21it/s]
Extraindo:  11%|█         | 299/2710 [00:27<05:03,  7.95it/s]
Extraindo:  11%|█         | 301/2710 [00:27<04:28,  8.99it/s]
Extraindo:  11%|█         | 303/2710 [00:28<04:07,  9.74it/s]
Extraindo:  11%|█▏        | 305/2710 [00:28<03:53, 10.29it/s]
Extraindo:  11%|█▏        | 307/2710 [00:28<04:33,  8.80it/s]
Extraindo:  11%|█▏        | 309/2710 [00:28<04:11,  9.55it/s]
Extraindo:  11%|█▏        | 311/2710 [00:28<03:56, 10.13it/s]
Extraindo:  12%|█▏        | 313/2710 [00:29<03:47, 10.55it/s]
Extraindo:  12%|█▏        | 315/2710 [00:29<03:40, 10.86it/s]
Extraindo:  12%|█▏        | 317/2710 [00:29<03:33, 11.22it/s]
Extraindo:  12%|█▏        | 319/2710 [00:29<03:32, 11.23it/s]
Extraindo:  12%|█▏        | 321/2710 [00:29<03:32, 11.24it/s]
Extraindo:  12%|█▏        | 323/2710 [00:29<03:31, 11.27it/s]
Extraindo:  12%|█▏        | 325/2710 [00:30<04:14,  9.39it/s]
Extraindo:  12%|█▏        | 327/2710 [00:30<04:00,  9.91it/s]
Extraindo:  12%|█▏        | 329/2710 [00:30<05:18,  7.47it/s]
Extraindo:  12%|█▏        | 331/2710 [00:31<04:40,  8.47it/s]
Extraindo:  12%|█▏        | 333/2710 [00:31<04:17,  9.23it/s]
Extraindo:  12%|█▏        | 335/2710 [00:31<03:58,  9.94it/s]
Extraindo:  12%|█▏        | 337/2710 [00:31<05:11,  7.63it/s]
Extraindo:  13%|█▎        | 339/2710 [00:31<04:27,  8.86it/s]
Extraindo:  13%|█▎        | 341/2710 [00:32<03:59,  9.88it/s]
Extraindo:  13%|█▎        | 343/2710 [00:32<03:42, 10.66it/s]
Extraindo:  13%|█▎        | 345/2710 [00:32<03:29, 11.29it/s]
Extraindo:  13%|█▎        | 347/2710 [00:32<03:20, 11.78it/s]
Extraindo:  13%|█▎        | 349/2710 [00:32<03:15, 12.05it/s]
Extraindo:  13%|█▎        | 351/2710 [00:32<03:55, 10.00it/s]
Extraindo:  13%|█▎        | 353/2710 [00:33<03:39, 10.76it/s]
Extraindo:  13%|█▎        | 355/2710 [00:33<03:28, 11.29it/s]
Extraindo:  13%|█▎        | 357/2710 [00:33<03:22, 11.64it/s]
Extraindo:  13%|█▎        | 359/2710 [00:33<03:17, 11.90it/s]
Extraindo:  13%|█▎        | 361/2710 [00:33<03:15, 12.03it/s]
Extraindo:  13%|█▎        | 363/2710 [00:33<03:15, 11.99it/s]
Extraindo:  13%|█▎        | 365/2710 [00:34<03:13, 12.12it/s]
Extraindo:  14%|█▎        | 367/2710 [00:34<03:57,  9.88it/s]
Extraindo:  14%|█▎        | 369/2710 [00:34<03:44, 10.40it/s]
Extraindo:  14%|█▎        | 371/2710 [00:34<03:34, 10.88it/s]
Extraindo:  14%|█▍        | 373/2710 [00:35<04:09,  9.37it/s]
Extraindo:  14%|█▍        | 375/2710 [00:35<03:48, 10.20it/s]
Extraindo:  14%|█▍        | 377/2710 [00:35<04:19,  8.99it/s]
Extraindo:  14%|█▍        | 379/2710 [00:35<03:51, 10.07it/s]
Extraindo:  14%|█▍        | 381/2710 [00:35<03:32, 10.94it/s]
Extraindo:  14%|█▍        | 383/2710 [00:35<03:22, 11.49it/s]
Extraindo:  14%|█▍        | 385/2710 [00:36<03:16, 11.81it/s]
Extraindo:  14%|█▍        | 387/2710 [00:36<03:12, 12.04it/s]
Extraindo:  14%|█▍        | 389/2710 [00:36<03:13, 12.01it/s]
Extraindo:  14%|█▍        | 391/2710 [00:36<03:09, 12.21it/s]
Extraindo:  15%|█▍        | 393/2710 [00:36<03:10, 12.19it/s]
Extraindo:  15%|█▍        | 395/2710 [00:36<03:10, 12.14it/s]
Extraindo:  15%|█▍        | 397/2710 [00:37<03:57,  9.76it/s]
Extraindo:  15%|█▍        | 399/2710 [00:37<03:42, 10.37it/s]
Extraindo:  15%|█▍        | 401/2710 [00:37<03:33, 10.83it/s]
Extraindo:  15%|█▍        | 403/2710 [00:37<03:26, 11.17it/s]
Extraindo:  15%|█▍        | 405/2710 [00:37<04:03,  9.48it/s]
Extraindo:  15%|█▌        | 407/2710 [00:38<03:46, 10.16it/s]
Extraindo:  15%|█▌        | 409/2710 [00:38<03:36, 10.60it/s]
Extraindo:  15%|█▌        | 411/2710 [00:38<04:08,  9.24it/s]
Extraindo:  15%|█▌        | 413/2710 [00:38<03:47, 10.11it/s]
Extraindo:  15%|█▌        | 415/2710 [00:38<03:32, 10.81it/s]
Extraindo:  15%|█▌        | 417/2710 [00:39<03:26, 11.11it/s]
Extraindo:  15%|█▌        | 419/2710 [00:39<03:22, 11.32it/s]
Extraindo:  16%|█▌        | 421/2710 [00:39<03:18, 11.54it/s]
Extraindo:  16%|█▌        | 423/2710 [00:39<03:13, 11.82it/s]
Extraindo:  16%|█▌        | 425/2710 [00:39<03:11, 11.94it/s]
Extraindo:  16%|█▌        | 427/2710 [00:39<03:58,  9.59it/s]
Extraindo:  16%|█▌        | 429/2710 [00:40<03:40, 10.33it/s]
Extraindo:  16%|█▌        | 431/2710 [00:40<04:13,  9.00it/s]
Extraindo:  16%|█▌        | 433/2710 [00:40<03:50,  9.87it/s]
Extraindo:  16%|█▌        | 435/2710 [00:40<03:37, 10.48it/s]
Extraindo:  16%|█▌        | 437/2710 [00:40<03:26, 11.00it/s]
Extraindo:  16%|█▌        | 439/2710 [00:41<03:19, 11.36it/s]
Extraindo:  16%|█▋        | 441/2710 [00:41<03:16, 11.55it/s]
Extraindo:  16%|█▋        | 443/2710 [00:41<03:13, 11.73it/s]
Extraindo:  16%|█▋        | 445/2710 [00:41<03:12, 11.75it/s]
Extraindo:  16%|█▋        | 447/2710 [00:41<03:11, 11.84it/s]
Extraindo:  17%|█▋        | 449/2710 [00:42<03:54,  9.64it/s]
Extraindo:  17%|█▋        | 451/2710 [00:42<03:39, 10.29it/s]
Extraindo:  17%|█▋        | 453/2710 [00:42<03:32, 10.64it/s]
Extraindo:  17%|█▋        | 455/2710 [00:42<03:26, 10.91it/s]
Extraindo:  17%|█▋        | 457/2710 [00:42<03:22, 11.11it/s]
Extraindo:  17%|█▋        | 459/2710 [00:43<04:42,  7.98it/s]
Extraindo:  17%|█▋        | 461/2710 [00:43<04:07,  9.09it/s]
Extraindo:  17%|█▋        | 463/2710 [00:43<03:45,  9.95it/s]
Extraindo:  17%|█▋        | 465/2710 [00:43<03:30, 10.68it/s]
Extraindo:  17%|█▋        | 467/2710 [00:43<03:21, 11.15it/s]
Extraindo:  17%|█▋        | 469/2710 [00:43<03:13, 11.55it/s]
Extraindo:  17%|█▋        | 471/2710 [00:44<03:14, 11.50it/s]
Extraindo:  17%|█▋        | 473/2710 [00:44<03:14, 11.48it/s]
Extraindo:  18%|█▊        | 475/2710 [00:44<03:14, 11.49it/s]
Extraindo:  18%|█▊        | 477/2710 [00:44<03:16, 11.35it/s]
Extraindo:  18%|█▊        | 479/2710 [00:44<03:19, 11.20it/s]
Extraindo:  18%|█▊        | 481/2710 [00:44<03:20, 11.12it/s]
Extraindo:  18%|█▊        | 483/2710 [00:45<03:19, 11.15it/s]
Extraindo:  18%|█▊        | 485/2710 [00:45<04:40,  7.92it/s]
Extraindo:  18%|█▊        | 487/2710 [00:45<04:07,  8.98it/s]
Extraindo:  18%|█▊        | 489/2710 [00:46<04:29,  8.24it/s]
Extraindo:  18%|█▊        | 491/2710 [00:46<04:01,  9.20it/s]
Extraindo:  18%|█▊        | 493/2710 [00:46<03:39, 10.09it/s]
Extraindo:  18%|█▊        | 495/2710 [00:46<03:25, 10.79it/s]
Extraindo:  18%|█▊        | 497/2710 [00:46<03:13, 11.42it/s]
Extraindo:  18%|█▊        | 499/2710 [00:46<03:09, 11.64it/s]
Extraindo:  18%|█▊        | 501/2710 [00:46<03:09, 11.66it/s]
Extraindo:  19%|█▊        | 503/2710 [00:47<03:08, 11.70it/s]
Extraindo:  19%|█▊        | 505/2710 [00:47<03:07, 11.76it/s]
Extraindo:  19%|█▊        | 507/2710 [00:47<03:09, 11.64it/s]
Extraindo:  19%|█▉        | 509/2710 [00:47<03:10, 11.56it/s]
Extraindo:  19%|█▉        | 511/2710 [00:47<03:12, 11.41it/s]
Extraindo:  19%|█▉        | 513/2710 [00:48<03:52,  9.45it/s]
Extraindo:  19%|█▉        | 515/2710 [00:48<03:42,  9.88it/s]
Extraindo:  19%|█▉        | 517/2710 [00:48<03:33, 10.29it/s]
Extraindo:  19%|█▉        | 519/2710 [00:48<04:06,  8.88it/s]
Extraindo:  19%|█▉        | 521/2710 [00:48<03:48,  9.57it/s]
Extraindo:  19%|█▉        | 523/2710 [00:49<04:15,  8.58it/s]
Extraindo:  19%|█▉        | 525/2710 [00:49<03:51,  9.43it/s]
Extraindo:  19%|█▉        | 527/2710 [00:49<03:35, 10.15it/s]
Extraindo:  20%|█▉        | 529/2710 [00:49<03:25, 10.61it/s]
Extraindo:  20%|█▉        | 531/2710 [00:49<03:20, 10.89it/s]
Extraindo:  20%|█▉        | 533/2710 [00:50<03:16, 11.08it/s]
Extraindo:  20%|█▉        | 535/2710 [00:50<03:16, 11.06it/s]
Extraindo:  20%|█▉        | 537/2710 [00:50<03:15, 11.11it/s]
Extraindo:  20%|█▉        | 539/2710 [00:50<03:52,  9.32it/s]
Extraindo:  20%|█▉        | 541/2710 [00:50<03:39,  9.86it/s]
Extraindo:  20%|██        | 543/2710 [00:51<03:31, 10.25it/s]
Extraindo:  20%|██        | 545/2710 [00:51<03:10, 11.37it/s]
Extraindo:  20%|██        | 547/2710 [00:51<03:12, 11.23it/s]
Extraindo:  20%|██        | 549/2710 [00:51<03:51,  9.35it/s]
Extraindo:  20%|██        | 551/2710 [00:51<03:35, 10.00it/s]
Extraindo:  20%|██        | 553/2710 [00:52<03:28, 10.34it/s]
Extraindo:  20%|██        | 555/2710 [00:52<03:24, 10.56it/s]
Extraindo:  21%|██        | 557/2710 [00:52<03:20, 10.76it/s]
Extraindo:  21%|██        | 559/2710 [00:52<03:56,  9.09it/s]
Extraindo:  21%|██        | 561/2710 [00:52<03:41,  9.69it/s]
Extraindo:  21%|██        | 563/2710 [00:53<03:33, 10.04it/s]
Extraindo:  21%|██        | 565/2710 [00:53<03:26, 10.38it/s]
Extraindo:  21%|██        | 567/2710 [00:53<04:01,  8.89it/s]
Extraindo:  21%|██        | 569/2710 [00:53<03:43,  9.58it/s]
Extraindo:  21%|██        | 571/2710 [00:53<03:32, 10.07it/s]
Extraindo:  21%|██        | 573/2710 [00:54<03:25, 10.40it/s]
Extraindo:  21%|██        | 575/2710 [00:54<03:21, 10.60it/s]
Extraindo:  21%|██▏       | 577/2710 [00:54<03:19, 10.72it/s]
Extraindo:  21%|██▏       | 579/2710 [00:54<03:55,  9.06it/s]
Extraindo:  21%|██▏       | 581/2710 [00:54<03:38,  9.76it/s]
Extraindo:  22%|██▏       | 583/2710 [00:55<03:30, 10.11it/s]
Extraindo:  22%|██▏       | 585/2710 [00:55<03:24, 10.37it/s]
Extraindo:  22%|██▏       | 587/2710 [00:55<03:18, 10.67it/s]
Extraindo:  22%|██▏       | 589/2710 [00:55<03:17, 10.73it/s]
Extraindo:  22%|██▏       | 591/2710 [00:55<03:17, 10.72it/s]
Extraindo:  22%|██▏       | 593/2710 [00:56<03:54,  9.03it/s]
Extraindo:  22%|██▏       | 595/2710 [00:56<03:40,  9.59it/s]
Extraindo:  22%|██▏       | 597/2710 [00:56<04:05,  8.59it/s]
Extraindo:  22%|██▏       | 599/2710 [00:56<03:47,  9.30it/s]
Extraindo:  22%|██▏       | 601/2710 [00:56<03:33,  9.86it/s]
Extraindo:  22%|██▏       | 603/2710 [00:57<03:26, 10.22it/s]
Extraindo:  22%|██▏       | 605/2710 [00:57<03:19, 10.57it/s]
Extraindo:  22%|██▏       | 607/2710 [00:57<03:14, 10.80it/s]
Extraindo:  22%|██▏       | 609/2710 [00:57<03:56,  8.90it/s]
Extraindo:  23%|██▎       | 611/2710 [00:57<03:39,  9.55it/s]
Extraindo:  23%|██▎       | 613/2710 [00:58<03:26, 10.16it/s]
Extraindo:  23%|██▎       | 615/2710 [00:58<03:18, 10.53it/s]
Extraindo:  23%|██▎       | 617/2710 [00:58<03:17, 10.59it/s]
Extraindo:  23%|██▎       | 619/2710 [00:58<03:53,  8.94it/s]
Extraindo:  23%|██▎       | 621/2710 [00:58<03:38,  9.57it/s]
Extraindo:  23%|██▎       | 623/2710 [00:59<03:29,  9.96it/s]
Extraindo:  23%|██▎       | 625/2710 [00:59<03:23, 10.25it/s]
Extraindo:  23%|██▎       | 627/2710 [00:59<03:19, 10.44it/s]
Extraindo:  23%|██▎       | 629/2710 [00:59<03:18, 10.50it/s]
Extraindo:  23%|██▎       | 631/2710 [00:59<03:16, 10.59it/s]
Extraindo:  23%|██▎       | 633/2710 [01:00<03:51,  8.99it/s]
Extraindo:  23%|██▎       | 635/2710 [01:00<03:37,  9.55it/s]
Extraindo:  24%|██▎       | 637/2710 [01:00<03:28,  9.93it/s]
Extraindo:  24%|██▎       | 639/2710 [01:00<03:23, 10.18it/s]
Extraindo:  24%|██▎       | 641/2710 [01:01<03:58,  8.66it/s]
Extraindo:  24%|██▎       | 643/2710 [01:01<03:41,  9.34it/s]
Extraindo:  24%|██▍       | 645/2710 [01:01<03:27,  9.94it/s]
Extraindo:  24%|██▍       | 647/2710 [01:01<03:56,  8.72it/s]
Extraindo:  24%|██▍       | 649/2710 [01:01<03:36,  9.50it/s]
Extraindo:  24%|██▍       | 651/2710 [01:02<03:23, 10.10it/s]
Extraindo:  24%|██▍       | 653/2710 [01:02<03:16, 10.49it/s]
Extraindo:  24%|██▍       | 655/2710 [01:02<04:27,  7.67it/s]
Extraindo:  24%|██▍       | 657/2710 [01:02<03:56,  8.69it/s]
Extraindo:  24%|██▍       | 659/2710 [01:02<03:33,  9.61it/s]
Extraindo:  24%|██▍       | 661/2710 [01:03<03:20, 10.24it/s]
Extraindo:  24%|██▍       | 663/2710 [01:03<03:09, 10.80it/s]
Extraindo:  25%|██▍       | 665/2710 [01:03<03:03, 11.12it/s]
Extraindo:  25%|██▍       | 667/2710 [01:03<02:59, 11.39it/s]
Extraindo:  25%|██▍       | 669/2710 [01:03<02:56, 11.56it/s]
Extraindo:  25%|██▍       | 671/2710 [01:04<04:11,  8.11it/s]
Extraindo:  25%|██▍       | 673/2710 [01:04<03:40,  9.22it/s]
Extraindo:  25%|██▍       | 675/2710 [01:04<03:56,  8.60it/s]
Extraindo:  25%|██▍       | 677/2710 [01:04<03:29,  9.69it/s]
Extraindo:  25%|██▌       | 679/2710 [01:04<03:13, 10.52it/s]
Extraindo:  25%|██▌       | 681/2710 [01:05<03:03, 11.05it/s]
Extraindo:  25%|██▌       | 683/2710 [01:05<02:53, 11.69it/s]
Extraindo:  25%|██▌       | 685/2710 [01:05<02:47, 12.12it/s]
Extraindo:  25%|██▌       | 687/2710 [01:05<02:43, 12.36it/s]
Extraindo:  25%|██▌       | 689/2710 [01:05<02:44, 12.30it/s]
Extraindo:  25%|██▌       | 691/2710 [01:05<02:46, 12.10it/s]
Extraindo:  26%|██▌       | 693/2710 [01:06<02:48, 11.98it/s]
Extraindo:  26%|██▌       | 695/2710 [01:06<02:49, 11.88it/s]
Extraindo:  26%|██▌       | 697/2710 [01:06<02:50, 11.79it/s]
Extraindo:  26%|██▌       | 699/2710 [01:06<02:51, 11.74it/s]
Extraindo:  26%|██▌       | 701/2710 [01:06<03:28,  9.61it/s]
Extraindo:  26%|██▌       | 703/2710 [01:07<03:51,  8.66it/s]
Extraindo:  26%|██▌       | 705/2710 [01:07<03:30,  9.51it/s]
Extraindo:  26%|██▌       | 707/2710 [01:07<03:15, 10.26it/s]
Extraindo:  26%|██▌       | 709/2710 [01:07<03:40,  9.07it/s]
Extraindo:  26%|██▌       | 711/2710 [01:07<03:19, 10.00it/s]
Extraindo:  26%|██▋       | 713/2710 [01:08<03:06, 10.73it/s]
Extraindo:  26%|██▋       | 715/2710 [01:08<02:59, 11.14it/s]
Extraindo:  26%|██▋       | 717/2710 [01:08<02:55, 11.35it/s]
Extraindo:  27%|██▋       | 719/2710 [01:08<02:51, 11.62it/s]
Extraindo:  27%|██▋       | 721/2710 [01:08<02:48, 11.77it/s]
Extraindo:  27%|██▋       | 723/2710 [01:08<02:48, 11.78it/s]
Extraindo:  27%|██▋       | 725/2710 [01:09<02:49, 11.72it/s]
Extraindo:  27%|██▋       | 727/2710 [01:09<02:50, 11.65it/s]
Extraindo:  27%|██▋       | 729/2710 [01:09<03:26,  9.60it/s]
Extraindo:  27%|██▋       | 731/2710 [01:09<03:16, 10.08it/s]
Extraindo:  27%|██▋       | 733/2710 [01:09<03:43,  8.85it/s]
Extraindo:  27%|██▋       | 735/2710 [01:10<03:23,  9.70it/s]
Extraindo:  27%|██▋       | 737/2710 [01:10<03:11, 10.30it/s]
Extraindo:  27%|██▋       | 739/2710 [01:10<03:02, 10.78it/s]
Extraindo:  27%|██▋       | 741/2710 [01:10<02:58, 11.05it/s]
Extraindo:  27%|██▋       | 743/2710 [01:10<02:54, 11.26it/s]
Extraindo:  27%|██▋       | 745/2710 [01:10<02:53, 11.36it/s]
Extraindo:  28%|██▊       | 747/2710 [01:11<03:30,  9.33it/s]
Extraindo:  28%|██▊       | 749/2710 [01:11<03:15, 10.01it/s]
Extraindo:  28%|██▊       | 751/2710 [01:11<03:07, 10.45it/s]
Extraindo:  28%|██▊       | 753/2710 [01:11<03:01, 10.80it/s]
Extraindo:  28%|██▊       | 755/2710 [01:12<03:34,  9.11it/s]
Extraindo:  28%|██▊       | 757/2710 [01:12<03:18,  9.82it/s]
Extraindo:  28%|██▊       | 759/2710 [01:12<03:08, 10.38it/s]
Extraindo:  28%|██▊       | 761/2710 [01:12<03:02, 10.71it/s]
Extraindo:  28%|██▊       | 763/2710 [01:12<03:34,  9.09it/s]
Extraindo:  28%|██▊       | 765/2710 [01:13<03:18,  9.81it/s]
Extraindo:  28%|██▊       | 767/2710 [01:13<03:09, 10.24it/s]
Extraindo:  28%|██▊       | 769/2710 [01:13<03:02, 10.64it/s]
Extraindo:  28%|██▊       | 771/2710 [01:13<02:59, 10.83it/s]
Extraindo:  29%|██▊       | 773/2710 [01:13<02:57, 10.91it/s]
Extraindo:  29%|██▊       | 775/2710 [01:13<02:52, 11.20it/s]
Extraindo:  29%|██▊       | 777/2710 [01:14<02:52, 11.24it/s]
Extraindo:  29%|██▊       | 779/2710 [01:14<02:52, 11.18it/s]
Extraindo:  29%|██▉       | 781/2710 [01:14<02:52, 11.21it/s]
Extraindo:  29%|██▉       | 783/2710 [01:14<04:02,  7.94it/s]
Extraindo:  29%|██▉       | 785/2710 [01:15<03:38,  8.81it/s]
Extraindo:  29%|██▉       | 787/2710 [01:15<03:20,  9.57it/s]
Extraindo:  29%|██▉       | 789/2710 [01:15<03:07, 10.26it/s]
Extraindo:  29%|██▉       | 791/2710 [01:15<02:58, 10.75it/s]
Extraindo:  29%|██▉       | 793/2710 [01:15<03:30,  9.11it/s]
Extraindo:  29%|██▉       | 795/2710 [01:16<03:13,  9.89it/s]
Extraindo:  29%|██▉       | 797/2710 [01:16<03:01, 10.57it/s]
Extraindo:  29%|██▉       | 799/2710 [01:16<02:57, 10.79it/s]
Extraindo:  30%|██▉       | 801/2710 [01:16<02:52, 11.04it/s]
Extraindo:  30%|██▉       | 803/2710 [01:16<02:52, 11.06it/s]
Extraindo:  30%|██▉       | 805/2710 [01:16<02:52, 11.06it/s]
Extraindo:  30%|██▉       | 807/2710 [01:17<02:51, 11.11it/s]
Extraindo:  30%|██▉       | 809/2710 [01:17<03:26,  9.21it/s]
Extraindo:  30%|██▉       | 811/2710 [01:17<03:10,  9.94it/s]
Extraindo:  30%|███       | 813/2710 [01:17<03:05, 10.23it/s]
Extraindo:  30%|███       | 815/2710 [01:17<02:59, 10.56it/s]
Extraindo:  30%|███       | 817/2710 [01:18<02:57, 10.67it/s]
Extraindo:  30%|███       | 819/2710 [01:18<02:54, 10.82it/s]
Extraindo:  30%|███       | 821/2710 [01:18<03:25,  9.19it/s]
Extraindo:  30%|███       | 823/2710 [01:18<03:11,  9.87it/s]
Extraindo:  30%|███       | 825/2710 [01:18<03:38,  8.65it/s]
Extraindo:  31%|███       | 827/2710 [01:19<03:18,  9.49it/s]
Extraindo:  31%|███       | 829/2710 [01:19<03:07, 10.04it/s]
Extraindo:  31%|███       | 831/2710 [01:19<03:01, 10.34it/s]
Extraindo:  31%|███       | 833/2710 [01:19<02:57, 10.59it/s]
Extraindo:  31%|███       | 835/2710 [01:19<03:26,  9.08it/s]
Extraindo:  31%|███       | 837/2710 [01:20<03:11,  9.79it/s]
Extraindo:  31%|███       | 839/2710 [01:20<03:02, 10.26it/s]
Extraindo:  31%|███       | 841/2710 [01:20<02:55, 10.68it/s]
Extraindo:  31%|███       | 843/2710 [01:20<02:50, 10.93it/s]
Extraindo:  31%|███       | 845/2710 [01:20<02:49, 10.98it/s]
Extraindo:  31%|███▏      | 847/2710 [01:21<02:47, 11.09it/s]
Extraindo:  31%|███▏      | 849/2710 [01:21<02:49, 10.96it/s]
Extraindo:  31%|███▏      | 851/2710 [01:21<02:49, 10.94it/s]
Extraindo:  31%|███▏      | 853/2710 [01:21<02:51, 10.84it/s]
Extraindo:  32%|███▏      | 855/2710 [01:21<03:22,  9.15it/s]
Extraindo:  32%|███▏      | 857/2710 [01:22<03:12,  9.65it/s]
Extraindo:  32%|███▏      | 859/2710 [01:22<03:34,  8.63it/s]
Extraindo:  32%|███▏      | 861/2710 [01:22<03:16,  9.41it/s]
Extraindo:  32%|███▏      | 863/2710 [01:22<03:41,  8.33it/s]
Extraindo:  32%|███▏      | 865/2710 [01:22<03:21,  9.18it/s]
Extraindo:  32%|███▏      | 867/2710 [01:23<03:06,  9.86it/s]
Extraindo:  32%|███▏      | 869/2710 [01:23<02:57, 10.36it/s]
Extraindo:  32%|███▏      | 871/2710 [01:23<02:50, 10.79it/s]
Extraindo:  32%|███▏      | 873/2710 [01:23<02:46, 11.01it/s]
Extraindo:  32%|███▏      | 875/2710 [01:23<02:45, 11.08it/s]
Extraindo:  32%|███▏      | 877/2710 [01:24<02:44, 11.12it/s]
Extraindo:  32%|███▏      | 879/2710 [01:24<02:45, 11.09it/s]
Extraindo:  33%|███▎      | 881/2710 [01:24<02:47, 10.95it/s]
Extraindo:  33%|███▎      | 883/2710 [01:24<02:46, 10.95it/s]
Extraindo:  33%|███▎      | 885/2710 [01:24<03:21,  9.04it/s]
Extraindo:  33%|███▎      | 887/2710 [01:25<03:10,  9.59it/s]
Extraindo:  33%|███▎      | 889/2710 [01:25<03:05,  9.84it/s]
Extraindo:  33%|███▎      | 891/2710 [01:25<03:30,  8.62it/s]
Extraindo:  33%|███▎      | 893/2710 [01:25<03:14,  9.35it/s]
Extraindo:  33%|███▎      | 895/2710 [01:26<03:36,  8.40it/s]
Extraindo:  33%|███▎      | 897/2710 [01:26<03:16,  9.24it/s]
Extraindo:  33%|███▎      | 899/2710 [01:26<03:03,  9.87it/s]
Extraindo:  33%|███▎      | 901/2710 [01:26<02:53, 10.43it/s]
Extraindo:  33%|███▎      | 903/2710 [01:26<02:47, 10.76it/s]
Extraindo:  33%|███▎      | 905/2710 [01:26<02:45, 10.88it/s]
Extraindo:  33%|███▎      | 907/2710 [01:27<02:45, 10.88it/s]
Extraindo:  34%|███▎      | 909/2710 [01:27<02:43, 11.01it/s]
Extraindo:  34%|███▎      | 911/2710 [01:27<02:43, 11.00it/s]
Extraindo:  34%|███▎      | 913/2710 [01:27<02:45, 10.86it/s]
Extraindo:  34%|███▍      | 915/2710 [01:27<02:46, 10.81it/s]
Extraindo:  34%|███▍      | 917/2710 [01:28<03:55,  7.60it/s]
Extraindo:  34%|███▍      | 919/2710 [01:28<03:32,  8.43it/s]
Extraindo:  34%|███▍      | 921/2710 [01:28<03:12,  9.30it/s]
Extraindo:  34%|███▍      | 923/2710 [01:28<03:02,  9.80it/s]
Extraindo:  34%|███▍      | 925/2710 [01:28<02:54, 10.24it/s]
Extraindo:  34%|███▍      | 927/2710 [01:29<02:49, 10.50it/s]
Extraindo:  34%|███▍      | 929/2710 [01:29<02:50, 10.46it/s]
Extraindo:  34%|███▍      | 931/2710 [01:29<02:47, 10.60it/s]
Extraindo:  34%|███▍      | 933/2710 [01:29<03:19,  8.93it/s]
Extraindo:  35%|███▍      | 935/2710 [01:29<03:08,  9.40it/s]
Extraindo:  35%|███▍      | 937/2710 [01:30<03:00,  9.81it/s]
Extraindo:  35%|███▍      | 939/2710 [01:30<02:58,  9.92it/s]
Extraindo:  35%|███▍      | 941/2710 [01:30<02:54, 10.11it/s]
Extraindo:  35%|███▍      | 943/2710 [01:30<02:53, 10.18it/s]
Extraindo:  35%|███▍      | 945/2710 [01:31<03:20,  8.81it/s]
Extraindo:  35%|███▍      | 946/2710 [01:31<03:53,  7.57it/s]
Extraindo:  35%|███▍      | 948/2710 [01:31<03:26,  8.54it/s]
Extraindo:  35%|███▌      | 950/2710 [01:31<03:09,  9.30it/s]
Extraindo:  35%|███▌      | 952/2710 [01:31<02:58,  9.83it/s]
Extraindo:  35%|███▌      | 954/2710 [01:31<02:51, 10.25it/s]
Extraindo:  35%|███▌      | 956/2710 [01:32<02:46, 10.52it/s]
Extraindo:  35%|███▌      | 958/2710 [01:32<02:42, 10.80it/s]
Extraindo:  35%|███▌      | 960/2710 [01:32<02:41, 10.86it/s]
Extraindo:  35%|███▌      | 962/2710 [01:32<02:41, 10.80it/s]
Extraindo:  36%|███▌      | 964/2710 [01:32<02:42, 10.72it/s]
Extraindo:  36%|███▌      | 966/2710 [01:33<02:44, 10.58it/s]
Extraindo:  36%|███▌      | 968/2710 [01:33<02:47, 10.43it/s]
Extraindo:  36%|███▌      | 970/2710 [01:33<03:16,  8.84it/s]
Extraindo:  36%|███▌      | 971/2710 [01:33<03:47,  7.63it/s]
Extraindo:  36%|███▌      | 973/2710 [01:33<03:22,  8.58it/s]
Extraindo:  36%|███▌      | 975/2710 [01:34<03:07,  9.27it/s]
Extraindo:  36%|███▌      | 977/2710 [01:34<03:33,  8.13it/s]
Extraindo:  36%|███▌      | 979/2710 [01:34<03:11,  9.05it/s]
Extraindo:  36%|███▌      | 981/2710 [01:34<02:58,  9.70it/s]
Extraindo:  36%|███▋      | 983/2710 [01:34<02:48, 10.27it/s]
Extraindo:  36%|███▋      | 985/2710 [01:35<03:46,  7.60it/s]
Extraindo:  36%|███▋      | 987/2710 [01:35<03:19,  8.62it/s]
Extraindo:  36%|███▋      | 989/2710 [01:35<03:02,  9.45it/s]
Extraindo:  37%|███▋      | 991/2710 [01:35<02:50, 10.07it/s]
Extraindo:  37%|███▋      | 993/2710 [01:36<02:43, 10.50it/s]
Extraindo:  37%|███▋      | 995/2710 [01:36<02:38, 10.83it/s]
Extraindo:  37%|███▋      | 997/2710 [01:36<02:36, 10.92it/s]
Extraindo:  37%|███▋      | 999/2710 [01:36<03:05,  9.23it/s]
Extraindo:  37%|███▋      | 1001/2710 [01:36<02:54,  9.80it/s]
Extraindo:  37%|███▋      | 1003/2710 [01:37<02:44, 10.38it/s]
Extraindo:  37%|███▋      | 1005/2710 [01:37<02:41, 10.59it/s]
Extraindo:  37%|███▋      | 1007/2710 [01:37<03:38,  7.80it/s]
Extraindo:  37%|███▋      | 1009/2710 [01:37<03:10,  8.91it/s]
Extraindo:  37%|███▋      | 1011/2710 [01:37<02:53,  9.80it/s]
Extraindo:  37%|███▋      | 1013/2710 [01:38<02:41, 10.54it/s]
Extraindo:  37%|███▋      | 1015/2710 [01:38<02:33, 11.05it/s]
Extraindo:  38%|███▊      | 1017/2710 [01:38<02:28, 11.37it/s]
Extraindo:  38%|███▊      | 1019/2710 [01:38<02:24, 11.66it/s]
Extraindo:  38%|███▊      | 1021/2710 [01:38<02:23, 11.81it/s]
Extraindo:  38%|███▊      | 1023/2710 [01:38<02:22, 11.82it/s]
Extraindo:  38%|███▊      | 1025/2710 [01:39<02:53,  9.69it/s]
Extraindo:  38%|███▊      | 1027/2710 [01:39<02:43, 10.27it/s]
Extraindo:  38%|███▊      | 1029/2710 [01:39<02:38, 10.58it/s]
Extraindo:  38%|███▊      | 1031/2710 [01:39<02:34, 10.88it/s]
Extraindo:  38%|███▊      | 1033/2710 [01:39<02:31, 11.06it/s]
Extraindo:  38%|███▊      | 1035/2710 [01:40<02:30, 11.16it/s]
Extraindo:  38%|███▊      | 1037/2710 [01:40<02:27, 11.33it/s]
Extraindo:  38%|███▊      | 1039/2710 [01:40<02:57,  9.40it/s]
Extraindo:  38%|███▊      | 1041/2710 [01:40<02:47,  9.95it/s]
Extraindo:  38%|███▊      | 1043/2710 [01:40<02:40, 10.36it/s]
Extraindo:  39%|███▊      | 1045/2710 [01:41<03:07,  8.86it/s]
Extraindo:  39%|███▊      | 1047/2710 [01:41<02:52,  9.62it/s]
Extraindo:  39%|███▊      | 1049/2710 [01:41<02:42, 10.20it/s]
Extraindo:  39%|███▉      | 1051/2710 [01:41<02:38, 10.46it/s]
Extraindo:  39%|███▉      | 1053/2710 [01:41<03:03,  9.01it/s]
Extraindo:  39%|███▉      | 1055/2710 [01:42<02:47,  9.86it/s]
Extraindo:  39%|███▉      | 1057/2710 [01:42<02:38, 10.44it/s]
Extraindo:  39%|███▉      | 1059/2710 [01:42<02:33, 10.78it/s]
Extraindo:  39%|███▉      | 1061/2710 [01:42<02:31, 10.87it/s]
Extraindo:  39%|███▉      | 1063/2710 [01:42<02:30, 10.97it/s]
Extraindo:  39%|███▉      | 1065/2710 [01:43<02:28, 11.07it/s]
Extraindo:  39%|███▉      | 1067/2710 [01:43<02:27, 11.11it/s]
Extraindo:  39%|███▉      | 1069/2710 [01:43<02:57,  9.26it/s]
Extraindo:  40%|███▉      | 1071/2710 [01:43<02:46,  9.84it/s]
Extraindo:  40%|███▉      | 1073/2710 [01:43<02:40, 10.19it/s]
Extraindo:  40%|███▉      | 1075/2710 [01:44<02:36, 10.43it/s]
Extraindo:  40%|███▉      | 1077/2710 [01:44<02:32, 10.70it/s]
Extraindo:  40%|███▉      | 1079/2710 [01:44<03:01,  8.96it/s]
Extraindo:  40%|███▉      | 1081/2710 [01:44<02:49,  9.63it/s]
Extraindo:  40%|███▉      | 1083/2710 [01:44<03:09,  8.61it/s]
Extraindo:  40%|████      | 1085/2710 [01:45<02:50,  9.52it/s]
Extraindo:  40%|████      | 1087/2710 [01:45<02:40, 10.10it/s]
Extraindo:  40%|████      | 1089/2710 [01:45<02:24, 11.19it/s]
Extraindo:  40%|████      | 1091/2710 [01:45<02:23, 11.29it/s]
Extraindo:  40%|████      | 1093/2710 [01:45<02:22, 11.32it/s]
Extraindo:  40%|████      | 1095/2710 [01:45<02:21, 11.39it/s]
Extraindo:  40%|████      | 1097/2710 [01:46<02:22, 11.33it/s]
Extraindo:  41%|████      | 1099/2710 [01:46<02:54,  9.24it/s]
Extraindo:  41%|████      | 1101/2710 [01:46<02:43,  9.86it/s]
Extraindo:  41%|████      | 1103/2710 [01:46<02:36, 10.27it/s]
Extraindo:  41%|████      | 1105/2710 [01:46<02:32, 10.53it/s]
Extraindo:  41%|████      | 1107/2710 [01:47<03:00,  8.88it/s]
Extraindo:  41%|████      | 1109/2710 [01:47<02:47,  9.58it/s]
Extraindo:  41%|████      | 1111/2710 [01:47<02:37, 10.16it/s]
Extraindo:  41%|████      | 1113/2710 [01:47<02:31, 10.54it/s]
Extraindo:  41%|████      | 1115/2710 [01:47<02:29, 10.67it/s]
Extraindo:  41%|████      | 1117/2710 [01:48<02:28, 10.74it/s]
Extraindo:  41%|████▏     | 1119/2710 [01:48<02:27, 10.77it/s]
Extraindo:  41%|████▏     | 1121/2710 [01:48<02:54,  9.09it/s]
Extraindo:  41%|████▏     | 1123/2710 [01:48<02:44,  9.63it/s]
Extraindo:  42%|████▏     | 1125/2710 [01:49<02:37, 10.04it/s]
Extraindo:  42%|████▏     | 1127/2710 [01:49<02:34, 10.25it/s]
Extraindo:  42%|████▏     | 1129/2710 [01:49<02:31, 10.42it/s]
Extraindo:  42%|████▏     | 1131/2710 [01:49<02:58,  8.82it/s]
Extraindo:  42%|████▏     | 1133/2710 [01:49<03:15,  8.06it/s]
Extraindo:  42%|████▏     | 1135/2710 [01:50<02:56,  8.95it/s]
Extraindo:  42%|████▏     | 1137/2710 [01:50<02:42,  9.68it/s]
Extraindo:  42%|████▏     | 1139/2710 [01:50<02:33, 10.25it/s]
Extraindo:  42%|████▏     | 1141/2710 [01:50<02:26, 10.74it/s]
Extraindo:  42%|████▏     | 1143/2710 [01:50<02:21, 11.10it/s]
Extraindo:  42%|████▏     | 1145/2710 [01:50<02:19, 11.19it/s]
Extraindo:  42%|████▏     | 1147/2710 [01:51<02:19, 11.20it/s]
Extraindo:  42%|████▏     | 1149/2710 [01:51<02:20, 11.11it/s]
Extraindo:  42%|████▏     | 1151/2710 [01:51<02:20, 11.12it/s]
Extraindo:  43%|████▎     | 1153/2710 [01:51<02:21, 10.97it/s]
Extraindo:  43%|████▎     | 1155/2710 [01:51<02:23, 10.83it/s]
Extraindo:  43%|████▎     | 1157/2710 [01:52<02:23, 10.85it/s]
Extraindo:  43%|████▎     | 1159/2710 [01:52<02:50,  9.08it/s]
Extraindo:  43%|████▎     | 1161/2710 [01:52<03:41,  6.99it/s]
Extraindo:  43%|████▎     | 1163/2710 [01:53<03:12,  8.02it/s]
Extraindo:  43%|████▎     | 1165/2710 [01:53<02:51,  9.00it/s]
Extraindo:  43%|████▎     | 1167/2710 [01:53<02:39,  9.70it/s]
Extraindo:  43%|████▎     | 1169/2710 [01:53<02:31, 10.17it/s]
Extraindo:  43%|████▎     | 1171/2710 [01:53<02:26, 10.51it/s]
Extraindo:  43%|████▎     | 1173/2710 [01:53<02:22, 10.77it/s]
Extraindo:  43%|████▎     | 1175/2710 [01:54<02:20, 10.91it/s]
Extraindo:  43%|████▎     | 1177/2710 [01:54<02:19, 10.98it/s]
Extraindo:  44%|████▎     | 1179/2710 [01:54<02:20, 10.92it/s]
Extraindo:  44%|████▎     | 1181/2710 [01:54<02:20, 10.87it/s]
Extraindo:  44%|████▎     | 1183/2710 [01:54<02:20, 10.84it/s]
Extraindo:  44%|████▎     | 1185/2710 [01:54<02:23, 10.62it/s]
Extraindo:  44%|████▍     | 1187/2710 [01:55<02:49,  8.99it/s]
Extraindo:  44%|████▍     | 1189/2710 [01:55<02:40,  9.46it/s]
Extraindo:  44%|████▍     | 1191/2710 [01:55<02:35,  9.79it/s]
Extraindo:  44%|████▍     | 1193/2710 [01:55<02:58,  8.50it/s]
Extraindo:  44%|████▍     | 1195/2710 [01:56<03:13,  7.85it/s]
Extraindo:  44%|████▍     | 1197/2710 [01:56<02:51,  8.82it/s]
Extraindo:  44%|████▍     | 1199/2710 [01:56<02:39,  9.48it/s]
Extraindo:  44%|████▍     | 1201/2710 [01:56<02:31,  9.99it/s]
Extraindo:  44%|████▍     | 1203/2710 [01:56<02:25, 10.35it/s]
Extraindo:  44%|████▍     | 1205/2710 [01:57<02:22, 10.59it/s]
Extraindo:  45%|████▍     | 1207/2710 [01:57<02:21, 10.65it/s]
Extraindo:  45%|████▍     | 1209/2710 [01:57<02:20, 10.69it/s]
Extraindo:  45%|████▍     | 1211/2710 [01:57<02:20, 10.67it/s]
Extraindo:  45%|████▍     | 1213/2710 [01:57<02:20, 10.66it/s]
Extraindo:  45%|████▍     | 1215/2710 [01:58<02:46,  8.96it/s]
Extraindo:  45%|████▍     | 1217/2710 [01:58<02:38,  9.39it/s]
Extraindo:  45%|████▍     | 1219/2710 [01:58<02:35,  9.57it/s]
Extraindo:  45%|████▌     | 1221/2710 [01:58<02:31,  9.85it/s]
Extraindo:  45%|████▌     | 1223/2710 [01:59<02:55,  8.49it/s]
Extraindo:  45%|████▌     | 1225/2710 [01:59<02:41,  9.18it/s]
Extraindo:  45%|████▌     | 1227/2710 [01:59<02:34,  9.62it/s]
Extraindo:  45%|████▌     | 1229/2710 [01:59<02:30,  9.87it/s]
Extraindo:  45%|████▌     | 1231/2710 [01:59<02:27, 10.04it/s]
Extraindo:  45%|████▌     | 1233/2710 [02:00<02:49,  8.69it/s]
Extraindo:  46%|████▌     | 1235/2710 [02:00<02:40,  9.19it/s]
Extraindo:  46%|████▌     | 1237/2710 [02:00<02:32,  9.64it/s]
Extraindo:  46%|████▌     | 1239/2710 [02:00<02:28,  9.91it/s]
Extraindo:  46%|████▌     | 1241/2710 [02:00<02:53,  8.47it/s]
Extraindo:  46%|████▌     | 1243/2710 [02:01<02:39,  9.20it/s]
Extraindo:  46%|████▌     | 1245/2710 [02:01<02:31,  9.68it/s]
Extraindo:  46%|████▌     | 1247/2710 [02:01<02:26,  9.96it/s]
Extraindo:  46%|████▌     | 1249/2710 [02:01<02:23, 10.17it/s]
Extraindo:  46%|████▌     | 1251/2710 [02:01<02:22, 10.23it/s]
Extraindo:  46%|████▌     | 1253/2710 [02:02<02:49,  8.61it/s]
Extraindo:  46%|████▋     | 1255/2710 [02:02<02:36,  9.29it/s]
Extraindo:  46%|████▋     | 1257/2710 [02:02<02:31,  9.61it/s]
Extraindo:  46%|████▋     | 1259/2710 [02:02<02:27,  9.87it/s]
Extraindo:  47%|████▋     | 1261/2710 [02:02<02:24, 10.00it/s]
Extraindo:  47%|████▋     | 1263/2710 [02:03<02:23, 10.11it/s]
Extraindo:  47%|████▋     | 1265/2710 [02:03<02:22, 10.16it/s]
Extraindo:  47%|████▋     | 1267/2710 [02:03<02:22, 10.13it/s]
Extraindo:  47%|████▋     | 1269/2710 [02:04<03:15,  7.37it/s]
Extraindo:  47%|████▋     | 1271/2710 [02:04<02:55,  8.21it/s]
Extraindo:  47%|████▋     | 1273/2710 [02:04<02:40,  8.95it/s]
Extraindo:  47%|████▋     | 1275/2710 [02:04<02:32,  9.43it/s]
Extraindo:  47%|████▋     | 1277/2710 [02:04<02:26,  9.76it/s]
Extraindo:  47%|████▋     | 1279/2710 [02:04<02:22, 10.07it/s]
Extraindo:  47%|████▋     | 1281/2710 [02:05<02:19, 10.24it/s]
Extraindo:  47%|████▋     | 1283/2710 [02:05<02:44,  8.68it/s]
Extraindo:  47%|████▋     | 1285/2710 [02:05<02:34,  9.22it/s]
Extraindo:  47%|████▋     | 1287/2710 [02:05<02:28,  9.60it/s]
Extraindo:  48%|████▊     | 1289/2710 [02:05<02:23,  9.91it/s]
Extraindo:  48%|████▊     | 1291/2710 [02:06<02:20, 10.07it/s]
Extraindo:  48%|████▊     | 1293/2710 [02:06<02:20, 10.12it/s]
Extraindo:  48%|████▊     | 1295/2710 [02:06<02:45,  8.57it/s]
Extraindo:  48%|████▊     | 1297/2710 [02:06<02:33,  9.21it/s]
Extraindo:  48%|████▊     | 1299/2710 [02:07<02:26,  9.63it/s]
Extraindo:  48%|████▊     | 1301/2710 [02:07<02:23,  9.83it/s]
Extraindo:  48%|████▊     | 1303/2710 [02:07<02:21,  9.91it/s]
Extraindo:  48%|████▊     | 1305/2710 [02:07<02:18, 10.13it/s]
Extraindo:  48%|████▊     | 1307/2710 [02:07<02:42,  8.61it/s]
Extraindo:  48%|████▊     | 1309/2710 [02:08<02:33,  9.14it/s]
Extraindo:  48%|████▊     | 1311/2710 [02:08<02:27,  9.50it/s]
Extraindo:  48%|████▊     | 1313/2710 [02:08<03:14,  7.16it/s]
Extraindo:  48%|████▊     | 1314/2710 [02:08<03:32,  6.56it/s]
Extraindo:  49%|████▊     | 1316/2710 [02:09<02:59,  7.76it/s]
Extraindo:  49%|████▊     | 1318/2710 [02:09<02:37,  8.83it/s]
Extraindo:  49%|████▊     | 1320/2710 [02:09<02:25,  9.53it/s]
Extraindo:  49%|████▉     | 1322/2710 [02:09<02:17, 10.10it/s]
Extraindo:  49%|████▉     | 1324/2710 [02:09<02:37,  8.82it/s]
Extraindo:  49%|████▉     | 1326/2710 [02:10<02:23,  9.63it/s]
Extraindo:  49%|████▉     | 1328/2710 [02:10<02:14, 10.26it/s]
Extraindo:  49%|████▉     | 1330/2710 [02:10<02:09, 10.64it/s]
Extraindo:  49%|████▉     | 1332/2710 [02:10<02:07, 10.84it/s]
Extraindo:  49%|████▉     | 1334/2710 [02:10<02:03, 11.16it/s]
Extraindo:  49%|████▉     | 1336/2710 [02:10<02:03, 11.14it/s]
Extraindo:  49%|████▉     | 1338/2710 [02:11<02:02, 11.20it/s]
Extraindo:  49%|████▉     | 1340/2710 [02:11<02:03, 11.12it/s]
Extraindo:  50%|████▉     | 1342/2710 [02:11<02:04, 11.02it/s]
Extraindo:  50%|████▉     | 1344/2710 [02:11<02:02, 11.19it/s]
Extraindo:  50%|████▉     | 1346/2710 [02:12<02:50,  8.00it/s]
Extraindo:  50%|████▉     | 1348/2710 [02:12<02:33,  8.85it/s]
Extraindo:  50%|████▉     | 1350/2710 [02:12<02:47,  8.13it/s]
Extraindo:  50%|████▉     | 1352/2710 [02:12<02:29,  9.07it/s]
Extraindo:  50%|████▉     | 1354/2710 [02:12<02:16,  9.92it/s]
Extraindo:  50%|█████     | 1356/2710 [02:13<02:07, 10.58it/s]
Extraindo:  50%|█████     | 1358/2710 [02:13<02:02, 11.01it/s]
Extraindo:  50%|█████     | 1360/2710 [02:13<01:58, 11.35it/s]
Extraindo:  50%|█████     | 1362/2710 [02:13<01:58, 11.36it/s]
Extraindo:  50%|█████     | 1364/2710 [02:13<01:58, 11.37it/s]
Extraindo:  50%|█████     | 1366/2710 [02:13<01:56, 11.52it/s]
Extraindo:  50%|█████     | 1368/2710 [02:14<01:58, 11.33it/s]
Extraindo:  51%|█████     | 1370/2710 [02:14<01:58, 11.33it/s]
Extraindo:  51%|█████     | 1372/2710 [02:14<02:00, 11.08it/s]
Extraindo:  51%|█████     | 1374/2710 [02:14<02:01, 10.99it/s]
Extraindo:  51%|█████     | 1376/2710 [02:14<02:26,  9.11it/s]
Extraindo:  51%|█████     | 1377/2710 [02:15<02:49,  7.86it/s]
Extraindo:  51%|█████     | 1379/2710 [02:15<02:30,  8.83it/s]
Extraindo:  51%|█████     | 1381/2710 [02:15<02:20,  9.46it/s]
Extraindo:  51%|█████     | 1382/2710 [02:15<02:45,  8.03it/s]
Extraindo:  51%|█████     | 1384/2710 [02:15<02:25,  9.12it/s]
Extraindo:  51%|█████     | 1386/2710 [02:16<02:14,  9.84it/s]
Extraindo:  51%|█████     | 1388/2710 [02:16<02:08, 10.32it/s]
Extraindo:  51%|█████▏    | 1390/2710 [02:16<02:03, 10.73it/s]
Extraindo:  51%|█████▏    | 1392/2710 [02:16<02:00, 10.97it/s]
Extraindo:  51%|█████▏    | 1394/2710 [02:16<01:59, 11.00it/s]
Extraindo:  52%|█████▏    | 1396/2710 [02:16<01:59, 11.00it/s]
Extraindo:  52%|█████▏    | 1398/2710 [02:17<01:58, 11.04it/s]
Extraindo:  52%|█████▏    | 1400/2710 [02:17<01:57, 11.14it/s]
Extraindo:  52%|█████▏    | 1402/2710 [02:17<02:00, 10.87it/s]
Extraindo:  52%|█████▏    | 1404/2710 [02:17<02:24,  9.05it/s]
Extraindo:  52%|█████▏    | 1405/2710 [02:17<02:49,  7.71it/s]
Extraindo:  52%|█████▏    | 1407/2710 [02:18<02:27,  8.82it/s]
Extraindo:  52%|█████▏    | 1409/2710 [02:18<02:16,  9.51it/s]
Extraindo:  52%|█████▏    | 1411/2710 [02:18<02:10,  9.98it/s]
Extraindo:  52%|█████▏    | 1413/2710 [02:18<02:04, 10.39it/s]
Extraindo:  52%|█████▏    | 1415/2710 [02:18<02:01, 10.69it/s]
Extraindo:  52%|█████▏    | 1417/2710 [02:19<01:59, 10.80it/s]
Extraindo:  52%|█████▏    | 1419/2710 [02:19<02:23,  9.01it/s]
Extraindo:  52%|█████▏    | 1421/2710 [02:19<02:12,  9.71it/s]
Extraindo:  53%|█████▎    | 1423/2710 [02:19<02:07, 10.12it/s]
Extraindo:  53%|█████▎    | 1425/2710 [02:19<02:03, 10.39it/s]
Extraindo:  53%|█████▎    | 1427/2710 [02:20<02:02, 10.50it/s]
Extraindo:  53%|█████▎    | 1429/2710 [02:20<02:00, 10.61it/s]
Extraindo:  53%|█████▎    | 1431/2710 [02:20<02:23,  8.92it/s]
Extraindo:  53%|█████▎    | 1433/2710 [02:20<02:14,  9.51it/s]
Extraindo:  53%|█████▎    | 1435/2710 [02:20<02:06, 10.04it/s]
Extraindo:  53%|█████▎    | 1437/2710 [02:21<02:27,  8.64it/s]
Extraindo:  53%|█████▎    | 1439/2710 [02:21<02:15,  9.40it/s]
Extraindo:  53%|█████▎    | 1441/2710 [02:21<02:09,  9.82it/s]
Extraindo:  53%|█████▎    | 1443/2710 [02:21<02:04, 10.14it/s]
Extraindo:  53%|█████▎    | 1445/2710 [02:21<02:01, 10.44it/s]
Extraindo:  53%|█████▎    | 1447/2710 [02:22<01:58, 10.65it/s]
Extraindo:  53%|█████▎    | 1449/2710 [02:22<01:58, 10.68it/s]
Extraindo:  54%|█████▎    | 1451/2710 [02:22<01:57, 10.75it/s]
Extraindo:  54%|█████▎    | 1453/2710 [02:22<01:57, 10.66it/s]
Extraindo:  54%|█████▎    | 1455/2710 [02:22<01:58, 10.58it/s]
Extraindo:  54%|█████▍    | 1457/2710 [02:23<02:42,  7.70it/s]
Extraindo:  54%|█████▍    | 1459/2710 [02:23<02:25,  8.60it/s]
Extraindo:  54%|█████▍    | 1461/2710 [02:23<02:14,  9.28it/s]
Extraindo:  54%|█████▍    | 1463/2710 [02:23<02:06,  9.84it/s]
Extraindo:  54%|█████▍    | 1465/2710 [02:23<02:01, 10.21it/s]
Extraindo:  54%|█████▍    | 1467/2710 [02:24<02:23,  8.69it/s]
Extraindo:  54%|█████▍    | 1469/2710 [02:24<02:11,  9.46it/s]
Extraindo:  54%|█████▍    | 1471/2710 [02:24<02:04,  9.97it/s]
Extraindo:  54%|█████▍    | 1473/2710 [02:24<01:58, 10.40it/s]
Extraindo:  54%|█████▍    | 1475/2710 [02:24<01:56, 10.59it/s]
Extraindo:  55%|█████▍    | 1477/2710 [02:25<01:54, 10.73it/s]
Extraindo:  55%|█████▍    | 1479/2710 [02:25<01:55, 10.67it/s]
Extraindo:  55%|█████▍    | 1481/2710 [02:25<01:53, 10.84it/s]
Extraindo:  55%|█████▍    | 1483/2710 [02:25<01:55, 10.66it/s]
Extraindo:  55%|█████▍    | 1485/2710 [02:26<02:16,  9.00it/s]
Extraindo:  55%|█████▍    | 1487/2710 [02:26<02:09,  9.45it/s]
Extraindo:  55%|█████▍    | 1489/2710 [02:26<02:05,  9.75it/s]
Extraindo:  55%|█████▌    | 1491/2710 [02:26<02:02,  9.97it/s]
Extraindo:  55%|█████▌    | 1493/2710 [02:26<01:58, 10.29it/s]
Extraindo:  55%|█████▌    | 1495/2710 [02:27<02:18,  8.75it/s]
Extraindo:  55%|█████▌    | 1497/2710 [02:27<02:32,  7.94it/s]
Extraindo:  55%|█████▌    | 1499/2710 [02:27<02:18,  8.74it/s]
Extraindo:  55%|█████▌    | 1501/2710 [02:27<02:08,  9.38it/s]
Extraindo:  55%|█████▌    | 1503/2710 [02:27<02:02,  9.86it/s]
Extraindo:  56%|█████▌    | 1505/2710 [02:28<01:58, 10.15it/s]
Extraindo:  56%|█████▌    | 1507/2710 [02:28<01:56, 10.34it/s]
Extraindo:  56%|█████▌    | 1509/2710 [02:28<01:55, 10.42it/s]
Extraindo:  56%|█████▌    | 1511/2710 [02:28<02:17,  8.72it/s]
Extraindo:  56%|█████▌    | 1513/2710 [02:28<02:08,  9.34it/s]
Extraindo:  56%|█████▌    | 1515/2710 [02:29<02:02,  9.75it/s]
Extraindo:  56%|█████▌    | 1517/2710 [02:29<01:59,  9.94it/s]
Extraindo:  56%|█████▌    | 1519/2710 [02:29<01:57, 10.15it/s]
Extraindo:  56%|█████▌    | 1521/2710 [02:29<01:57, 10.10it/s]
Extraindo:  56%|█████▌    | 1523/2710 [02:29<01:56, 10.21it/s]
Extraindo:  56%|█████▋    | 1525/2710 [02:30<01:55, 10.28it/s]
Extraindo:  56%|█████▋    | 1527/2710 [02:30<02:18,  8.54it/s]
Extraindo:  56%|█████▋    | 1529/2710 [02:30<02:09,  9.11it/s]
Extraindo:  56%|█████▋    | 1531/2710 [02:30<02:25,  8.10it/s]
Extraindo:  57%|█████▋    | 1533/2710 [02:31<02:13,  8.83it/s]
Extraindo:  57%|█████▋    | 1535/2710 [02:31<02:05,  9.35it/s]
Extraindo:  57%|█████▋    | 1537/2710 [02:31<02:00,  9.75it/s]
Extraindo:  57%|█████▋    | 1539/2710 [02:31<02:17,  8.54it/s]
Extraindo:  57%|█████▋    | 1541/2710 [02:31<02:06,  9.25it/s]
Extraindo:  57%|█████▋    | 1543/2710 [02:32<02:00,  9.71it/s]
Extraindo:  57%|█████▋    | 1545/2710 [02:32<01:55, 10.12it/s]
Extraindo:  57%|█████▋    | 1547/2710 [02:32<01:53, 10.23it/s]
Extraindo:  57%|█████▋    | 1549/2710 [02:32<01:53, 10.27it/s]
Extraindo:  57%|█████▋    | 1551/2710 [02:32<01:51, 10.41it/s]
Extraindo:  57%|█████▋    | 1553/2710 [02:33<01:51, 10.42it/s]
Extraindo:  57%|█████▋    | 1555/2710 [02:33<01:51, 10.33it/s]
Extraindo:  57%|█████▋    | 1557/2710 [02:33<01:51, 10.31it/s]
Extraindo:  58%|█████▊    | 1559/2710 [02:33<02:12,  8.66it/s]
Extraindo:  58%|█████▊    | 1561/2710 [02:33<02:06,  9.09it/s]
Extraindo:  58%|█████▊    | 1563/2710 [02:34<02:01,  9.42it/s]
Extraindo:  58%|█████▊    | 1565/2710 [02:34<02:19,  8.18it/s]
Extraindo:  58%|█████▊    | 1567/2710 [02:34<02:09,  8.80it/s]
Extraindo:  58%|█████▊    | 1568/2710 [02:34<02:30,  7.60it/s]
Extraindo:  58%|█████▊    | 1570/2710 [02:35<02:13,  8.56it/s]
Extraindo:  58%|█████▊    | 1572/2710 [02:35<02:03,  9.23it/s]
Extraindo:  58%|█████▊    | 1574/2710 [02:35<01:56,  9.76it/s]
Extraindo:  58%|█████▊    | 1576/2710 [02:35<01:52, 10.06it/s]
Extraindo:  58%|█████▊    | 1578/2710 [02:35<01:50, 10.21it/s]
Extraindo:  58%|█████▊    | 1580/2710 [02:35<01:49, 10.35it/s]
Extraindo:  58%|█████▊    | 1582/2710 [02:36<01:48, 10.38it/s]
Extraindo:  58%|█████▊    | 1584/2710 [02:36<01:48, 10.36it/s]
Extraindo:  59%|█████▊    | 1586/2710 [02:36<01:49, 10.26it/s]
Extraindo:  59%|█████▊    | 1588/2710 [02:36<02:12,  8.49it/s]
Extraindo:  59%|█████▊    | 1590/2710 [02:37<02:04,  9.02it/s]
Extraindo:  59%|█████▊    | 1592/2710 [02:37<02:20,  7.97it/s]
Extraindo:  59%|█████▉    | 1594/2710 [02:37<02:10,  8.56it/s]
Extraindo:  59%|█████▉    | 1596/2710 [02:37<02:02,  9.08it/s]
Extraindo:  59%|█████▉    | 1598/2710 [02:37<01:57,  9.47it/s]
Extraindo:  59%|█████▉    | 1600/2710 [02:38<01:53,  9.79it/s]
Extraindo:  59%|█████▉    | 1602/2710 [02:38<01:51,  9.91it/s]
Extraindo:  59%|█████▉    | 1604/2710 [02:38<01:49, 10.09it/s]
Extraindo:  59%|█████▉    | 1606/2710 [02:38<02:08,  8.58it/s]
Extraindo:  59%|█████▉    | 1608/2710 [02:39<02:01,  9.06it/s]
Extraindo:  59%|█████▉    | 1609/2710 [02:39<01:59,  9.20it/s]
Extraindo:  59%|█████▉    | 1611/2710 [02:39<01:55,  9.50it/s]
Extraindo:  60%|█████▉    | 1613/2710 [02:39<01:53,  9.64it/s]
Extraindo:  60%|█████▉    | 1615/2710 [02:39<01:51,  9.82it/s]
Extraindo:  60%|█████▉    | 1616/2710 [02:39<01:52,  9.76it/s]
Extraindo:  60%|█████▉    | 1617/2710 [02:39<01:51,  9.80it/s]
Extraindo:  60%|█████▉    | 1619/2710 [02:40<02:42,  6.72it/s]
Extraindo:  60%|█████▉    | 1621/2710 [02:40<02:19,  7.81it/s]
Extraindo:  60%|█████▉    | 1623/2710 [02:40<02:06,  8.57it/s]
Extraindo:  60%|█████▉    | 1625/2710 [02:40<01:57,  9.22it/s]
Extraindo:  60%|██████    | 1627/2710 [02:41<01:52,  9.66it/s]
Extraindo:  60%|██████    | 1629/2710 [02:41<01:49,  9.84it/s]
Extraindo:  60%|██████    | 1631/2710 [02:41<01:47, 10.04it/s]
Extraindo:  60%|██████    | 1633/2710 [02:41<01:41, 10.60it/s]
Extraindo:  60%|██████    | 1635/2710 [02:41<01:42, 10.50it/s]
Extraindo:  60%|██████    | 1637/2710 [02:42<01:44, 10.29it/s]
Extraindo:  60%|██████    | 1639/2710 [02:42<01:45, 10.11it/s]
Extraindo:  61%|██████    | 1641/2710 [02:42<02:24,  7.38it/s]
Extraindo:  61%|██████    | 1643/2710 [02:43<02:30,  7.09it/s]
Extraindo:  61%|██████    | 1645/2710 [02:43<02:12,  8.02it/s]
Extraindo:  61%|██████    | 1646/2710 [02:43<02:29,  7.10it/s]
Extraindo:  61%|██████    | 1648/2710 [02:43<02:09,  8.17it/s]
Extraindo:  61%|██████    | 1649/2710 [02:43<02:29,  7.09it/s]
Extraindo:  61%|██████    | 1651/2710 [02:43<02:06,  8.39it/s]
Extraindo:  61%|██████    | 1653/2710 [02:44<01:50,  9.55it/s]
Extraindo:  61%|██████    | 1655/2710 [02:44<01:41, 10.36it/s]
Extraindo:  61%|██████    | 1657/2710 [02:44<01:36, 10.97it/s]
Extraindo:  61%|██████    | 1659/2710 [02:44<01:33, 11.26it/s]
Extraindo:  61%|██████▏   | 1661/2710 [02:44<01:32, 11.32it/s]
Extraindo:  61%|██████▏   | 1663/2710 [02:44<01:32, 11.37it/s]
Extraindo:  61%|██████▏   | 1665/2710 [02:45<01:32, 11.34it/s]
Extraindo:  62%|██████▏   | 1667/2710 [02:45<01:32, 11.32it/s]
Extraindo:  62%|██████▏   | 1669/2710 [02:45<01:33, 11.19it/s]
Extraindo:  62%|██████▏   | 1671/2710 [02:45<01:34, 11.03it/s]
Extraindo:  62%|██████▏   | 1673/2710 [02:46<01:53,  9.17it/s]
Extraindo:  62%|██████▏   | 1675/2710 [02:46<01:47,  9.64it/s]
Extraindo:  62%|██████▏   | 1677/2710 [02:46<01:40, 10.25it/s]
Extraindo:  62%|██████▏   | 1679/2710 [02:46<01:38, 10.49it/s]
Extraindo:  62%|██████▏   | 1681/2710 [02:46<02:16,  7.54it/s]
Extraindo:  62%|██████▏   | 1683/2710 [02:47<02:00,  8.49it/s]
Extraindo:  62%|██████▏   | 1685/2710 [02:47<01:49,  9.35it/s]
Extraindo:  62%|██████▏   | 1687/2710 [02:47<01:42,  9.99it/s]
Extraindo:  62%|██████▏   | 1689/2710 [02:47<01:38, 10.41it/s]
Extraindo:  62%|██████▏   | 1691/2710 [02:47<01:35, 10.62it/s]
Extraindo:  62%|██████▏   | 1693/2710 [02:48<01:33, 10.87it/s]
Extraindo:  63%|██████▎   | 1695/2710 [02:48<01:32, 10.94it/s]
Extraindo:  63%|██████▎   | 1697/2710 [02:48<01:32, 11.00it/s]
Extraindo:  63%|██████▎   | 1699/2710 [02:48<01:32, 10.97it/s]
Extraindo:  63%|██████▎   | 1701/2710 [02:48<01:51,  9.02it/s]
Extraindo:  63%|██████▎   | 1703/2710 [02:49<01:44,  9.64it/s]
Extraindo:  63%|██████▎   | 1705/2710 [02:49<01:40,  9.98it/s]
Extraindo:  63%|██████▎   | 1707/2710 [02:49<01:39, 10.09it/s]
Extraindo:  63%|██████▎   | 1709/2710 [02:49<01:37, 10.23it/s]
Extraindo:  63%|██████▎   | 1711/2710 [02:49<01:54,  8.76it/s]
Extraindo:  63%|██████▎   | 1713/2710 [02:50<01:46,  9.37it/s]
Extraindo:  63%|██████▎   | 1715/2710 [02:50<01:41,  9.76it/s]
Extraindo:  63%|██████▎   | 1717/2710 [02:50<01:56,  8.55it/s]
Extraindo:  63%|██████▎   | 1719/2710 [02:50<01:47,  9.21it/s]
Extraindo:  64%|██████▎   | 1721/2710 [02:50<01:42,  9.68it/s]
Extraindo:  64%|██████▎   | 1723/2710 [02:51<01:38, 10.04it/s]
Extraindo:  64%|██████▎   | 1725/2710 [02:51<01:35, 10.35it/s]
Extraindo:  64%|██████▎   | 1727/2710 [02:51<01:51,  8.84it/s]
Extraindo:  64%|██████▍   | 1729/2710 [02:51<01:43,  9.50it/s]
Extraindo:  64%|██████▍   | 1731/2710 [02:51<01:37, 10.02it/s]
Extraindo:  64%|██████▍   | 1733/2710 [02:52<01:34, 10.30it/s]
Extraindo:  64%|██████▍   | 1735/2710 [02:52<01:33, 10.43it/s]
Extraindo:  64%|██████▍   | 1737/2710 [02:52<01:31, 10.60it/s]
Extraindo:  64%|██████▍   | 1739/2710 [02:52<01:30, 10.68it/s]
Extraindo:  64%|██████▍   | 1741/2710 [02:52<01:49,  8.88it/s]
Extraindo:  64%|██████▍   | 1743/2710 [02:53<01:41,  9.51it/s]
Extraindo:  64%|██████▍   | 1745/2710 [02:53<01:38,  9.84it/s]
Extraindo:  64%|██████▍   | 1747/2710 [02:53<01:35, 10.09it/s]
Extraindo:  65%|██████▍   | 1749/2710 [02:53<01:33, 10.30it/s]
Extraindo:  65%|██████▍   | 1751/2710 [02:53<01:32, 10.40it/s]
Extraindo:  65%|██████▍   | 1753/2710 [02:54<01:31, 10.42it/s]
Extraindo:  65%|██████▍   | 1755/2710 [02:54<02:06,  7.55it/s]
Extraindo:  65%|██████▍   | 1757/2710 [02:54<01:52,  8.45it/s]
Extraindo:  65%|██████▍   | 1759/2710 [02:54<01:44,  9.11it/s]
Extraindo:  65%|██████▍   | 1761/2710 [02:55<01:38,  9.67it/s]
Extraindo:  65%|██████▌   | 1763/2710 [02:55<01:34, 10.00it/s]
Extraindo:  65%|██████▌   | 1765/2710 [02:55<01:32, 10.23it/s]
Extraindo:  65%|██████▌   | 1767/2710 [02:55<01:29, 10.53it/s]
Extraindo:  65%|██████▌   | 1769/2710 [02:55<01:29, 10.52it/s]
Extraindo:  65%|██████▌   | 1771/2710 [02:56<01:47,  8.72it/s]
Extraindo:  65%|██████▌   | 1773/2710 [02:56<01:41,  9.27it/s]
Extraindo:  65%|██████▌   | 1775/2710 [02:56<01:36,  9.70it/s]
Extraindo:  66%|██████▌   | 1777/2710 [02:56<01:32, 10.04it/s]
Extraindo:  66%|██████▌   | 1779/2710 [02:56<01:32, 10.08it/s]
Extraindo:  66%|██████▌   | 1781/2710 [02:57<01:48,  8.59it/s]
Extraindo:  66%|██████▌   | 1783/2710 [02:57<01:40,  9.21it/s]
Extraindo:  66%|██████▌   | 1785/2710 [02:57<01:36,  9.63it/s]
Extraindo:  66%|██████▌   | 1787/2710 [02:57<01:31, 10.04it/s]
Extraindo:  66%|██████▌   | 1789/2710 [02:57<01:30, 10.19it/s]
Extraindo:  66%|██████▌   | 1791/2710 [02:58<01:28, 10.33it/s]
Extraindo:  66%|██████▌   | 1793/2710 [02:58<01:44,  8.75it/s]
Extraindo:  66%|██████▌   | 1795/2710 [02:58<01:38,  9.33it/s]
Extraindo:  66%|██████▋   | 1797/2710 [02:58<01:34,  9.70it/s]
Extraindo:  66%|██████▋   | 1799/2710 [02:58<01:32,  9.86it/s]
Extraindo:  66%|██████▋   | 1801/2710 [02:59<01:31,  9.95it/s]
Extraindo:  67%|██████▋   | 1803/2710 [02:59<01:46,  8.52it/s]
Extraindo:  67%|██████▋   | 1805/2710 [02:59<01:39,  9.10it/s]
Extraindo:  67%|██████▋   | 1807/2710 [02:59<01:52,  8.06it/s]
Extraindo:  67%|██████▋   | 1809/2710 [03:00<01:41,  8.85it/s]
Extraindo:  67%|██████▋   | 1811/2710 [03:00<01:35,  9.45it/s]
Extraindo:  67%|██████▋   | 1813/2710 [03:00<01:30,  9.87it/s]
Extraindo:  67%|██████▋   | 1815/2710 [03:00<01:27, 10.23it/s]
Extraindo:  67%|██████▋   | 1817/2710 [03:00<01:26, 10.35it/s]
Extraindo:  67%|██████▋   | 1819/2710 [03:01<01:25, 10.44it/s]
Extraindo:  67%|██████▋   | 1821/2710 [03:01<01:25, 10.38it/s]
Extraindo:  67%|██████▋   | 1823/2710 [03:01<01:25, 10.42it/s]
Extraindo:  67%|██████▋   | 1825/2710 [03:01<01:25, 10.31it/s]
Extraindo:  67%|██████▋   | 1827/2710 [03:01<01:26, 10.23it/s]
Extraindo:  67%|██████▋   | 1829/2710 [03:02<01:43,  8.55it/s]
Extraindo:  68%|██████▊   | 1831/2710 [03:02<01:37,  9.04it/s]
Extraindo:  68%|██████▊   | 1832/2710 [03:02<01:54,  7.64it/s]
Extraindo:  68%|██████▊   | 1834/2710 [03:02<02:01,  7.19it/s]
Extraindo:  68%|██████▊   | 1836/2710 [03:03<01:46,  8.24it/s]
Extraindo:  68%|██████▊   | 1838/2710 [03:03<01:37,  8.97it/s]
Extraindo:  68%|██████▊   | 1840/2710 [03:03<01:30,  9.65it/s]
Extraindo:  68%|██████▊   | 1842/2710 [03:03<01:26, 10.02it/s]
Extraindo:  68%|██████▊   | 1844/2710 [03:03<01:23, 10.34it/s]
Extraindo:  68%|██████▊   | 1846/2710 [03:03<01:22, 10.43it/s]
Extraindo:  68%|██████▊   | 1848/2710 [03:04<01:23, 10.35it/s]
Extraindo:  68%|██████▊   | 1850/2710 [03:04<01:23, 10.33it/s]
Extraindo:  68%|██████▊   | 1852/2710 [03:04<01:23, 10.28it/s]
Extraindo:  68%|██████▊   | 1854/2710 [03:04<01:23, 10.31it/s]
Extraindo:  68%|██████▊   | 1856/2710 [03:04<01:24, 10.14it/s]
Extraindo:  69%|██████▊   | 1858/2710 [03:05<01:24, 10.14it/s]
Extraindo:  69%|██████▊   | 1860/2710 [03:05<01:24, 10.06it/s]
Extraindo:  69%|██████▊   | 1862/2710 [03:05<01:39,  8.51it/s]
Extraindo:  69%|██████▊   | 1863/2710 [03:05<01:56,  7.30it/s]
Extraindo:  69%|██████▉   | 1865/2710 [03:06<01:42,  8.22it/s]
Extraindo:  69%|██████▉   | 1866/2710 [03:06<01:58,  7.12it/s]
Extraindo:  69%|██████▉   | 1868/2710 [03:06<01:42,  8.18it/s]
Extraindo:  69%|██████▉   | 1870/2710 [03:06<01:33,  9.03it/s]
Extraindo:  69%|██████▉   | 1872/2710 [03:06<01:27,  9.58it/s]
Extraindo:  69%|██████▉   | 1874/2710 [03:07<01:25,  9.81it/s]
Extraindo:  69%|██████▉   | 1876/2710 [03:07<01:22, 10.15it/s]
Extraindo:  69%|██████▉   | 1878/2710 [03:07<01:21, 10.21it/s]
Extraindo:  69%|██████▉   | 1880/2710 [03:07<01:21, 10.21it/s]
Extraindo:  69%|██████▉   | 1882/2710 [03:07<01:20, 10.27it/s]
Extraindo:  70%|██████▉   | 1884/2710 [03:08<01:20, 10.24it/s]
Extraindo:  70%|██████▉   | 1886/2710 [03:08<01:21, 10.07it/s]
Extraindo:  70%|██████▉   | 1888/2710 [03:08<01:36,  8.49it/s]
Extraindo:  70%|██████▉   | 1890/2710 [03:08<01:31,  8.94it/s]
Extraindo:  70%|██████▉   | 1892/2710 [03:08<01:28,  9.22it/s]
Extraindo:  70%|██████▉   | 1893/2710 [03:09<01:46,  7.68it/s]
Extraindo:  70%|██████▉   | 1895/2710 [03:09<01:35,  8.53it/s]
Extraindo:  70%|██████▉   | 1896/2710 [03:09<01:32,  8.78it/s]
Extraindo:  70%|███████   | 1898/2710 [03:09<01:26,  9.37it/s]
Extraindo:  70%|███████   | 1899/2710 [03:09<01:25,  9.46it/s]
Extraindo:  70%|███████   | 1901/2710 [03:09<01:22,  9.77it/s]
Extraindo:  70%|███████   | 1902/2710 [03:10<01:23,  9.70it/s]
Extraindo:  70%|███████   | 1903/2710 [03:10<01:44,  7.74it/s]
Extraindo:  70%|███████   | 1905/2710 [03:10<01:32,  8.68it/s]
Extraindo:  70%|███████   | 1907/2710 [03:10<01:26,  9.28it/s]
Extraindo:  70%|███████   | 1909/2710 [03:10<01:23,  9.59it/s]
Extraindo:  70%|███████   | 1910/2710 [03:10<01:22,  9.65it/s]
Extraindo:  71%|███████   | 1912/2710 [03:11<01:22,  9.72it/s]
Extraindo:  71%|███████   | 1914/2710 [03:11<01:37,  8.15it/s]
Extraindo:  71%|███████   | 1916/2710 [03:11<01:30,  8.80it/s]
Extraindo:  71%|███████   | 1918/2710 [03:11<01:25,  9.21it/s]
Extraindo:  71%|███████   | 1920/2710 [03:12<01:23,  9.47it/s]
Extraindo:  71%|███████   | 1922/2710 [03:12<01:21,  9.71it/s]
Extraindo:  71%|███████   | 1923/2710 [03:12<01:38,  7.96it/s]
Extraindo:  71%|███████   | 1925/2710 [03:12<01:30,  8.71it/s]
Extraindo:  71%|███████   | 1927/2710 [03:12<01:25,  9.18it/s]
Extraindo:  71%|███████   | 1928/2710 [03:12<01:23,  9.31it/s]
Extraindo:  71%|███████   | 1930/2710 [03:13<01:20,  9.73it/s]
Extraindo:  71%|███████▏  | 1931/2710 [03:13<01:19,  9.75it/s]
Extraindo:  71%|███████▏  | 1932/2710 [03:13<01:19,  9.75it/s]
Extraindo:  71%|███████▏  | 1933/2710 [03:13<01:20,  9.69it/s]
Extraindo:  71%|███████▏  | 1934/2710 [03:13<01:19,  9.75it/s]
Extraindo:  71%|███████▏  | 1935/2710 [03:13<01:20,  9.67it/s]
Extraindo:  71%|███████▏  | 1936/2710 [03:13<01:21,  9.55it/s]
Extraindo:  71%|███████▏  | 1937/2710 [03:13<01:20,  9.63it/s]
Extraindo:  72%|███████▏  | 1938/2710 [03:13<01:20,  9.58it/s]
Extraindo:  72%|███████▏  | 1940/2710 [03:14<01:40,  7.67it/s]
Extraindo:  72%|███████▏  | 1941/2710 [03:14<01:57,  6.54it/s]
Extraindo:  72%|███████▏  | 1943/2710 [03:14<01:38,  7.75it/s]
Extraindo:  72%|███████▏  | 1945/2710 [03:14<01:29,  8.56it/s]
Extraindo:  72%|███████▏  | 1947/2710 [03:15<01:24,  9.05it/s]
Extraindo:  72%|███████▏  | 1948/2710 [03:15<01:22,  9.20it/s]
Extraindo:  72%|███████▏  | 1950/2710 [03:15<01:19,  9.56it/s]
Extraindo:  72%|███████▏  | 1952/2710 [03:15<01:17,  9.79it/s]
Extraindo:  72%|███████▏  | 1953/2710 [03:15<01:36,  7.87it/s]
Extraindo:  72%|███████▏  | 1955/2710 [03:15<01:26,  8.70it/s]
Extraindo:  72%|███████▏  | 1957/2710 [03:16<01:22,  9.17it/s]
Extraindo:  72%|███████▏  | 1959/2710 [03:16<01:18,  9.51it/s]
Extraindo:  72%|███████▏  | 1961/2710 [03:16<01:17,  9.69it/s]
Extraindo:  72%|███████▏  | 1962/2710 [03:16<01:17,  9.71it/s]
Extraindo:  72%|███████▏  | 1963/2710 [03:16<01:16,  9.76it/s]
Extraindo:  73%|███████▎  | 1965/2710 [03:16<01:16,  9.77it/s]
Extraindo:  73%|███████▎  | 1966/2710 [03:17<01:16,  9.73it/s]
Extraindo:  73%|███████▎  | 1967/2710 [03:17<01:58,  6.25it/s]
Extraindo:  73%|███████▎  | 1968/2710 [03:17<02:09,  5.74it/s]
Extraindo:  73%|███████▎  | 1970/2710 [03:17<01:43,  7.16it/s]
Extraindo:  73%|███████▎  | 1972/2710 [03:18<01:30,  8.13it/s]
Extraindo:  73%|███████▎  | 1974/2710 [03:18<01:22,  8.88it/s]
Extraindo:  73%|███████▎  | 1976/2710 [03:18<01:17,  9.49it/s]
Extraindo:  73%|███████▎  | 1977/2710 [03:18<01:32,  7.91it/s]
Extraindo:  73%|███████▎  | 1979/2710 [03:18<01:22,  8.84it/s]
Extraindo:  73%|███████▎  | 1981/2710 [03:18<01:16,  9.50it/s]
Extraindo:  73%|███████▎  | 1983/2710 [03:19<01:28,  8.24it/s]
Extraindo:  73%|███████▎  | 1985/2710 [03:19<01:19,  9.08it/s]
Extraindo:  73%|███████▎  | 1987/2710 [03:19<01:14,  9.70it/s]
Extraindo:  73%|███████▎  | 1989/2710 [03:19<01:10, 10.16it/s]
Extraindo:  73%|███████▎  | 1991/2710 [03:19<01:09, 10.41it/s]
Extraindo:  74%|███████▎  | 1993/2710 [03:20<01:07, 10.66it/s]
Extraindo:  74%|███████▎  | 1995/2710 [03:20<01:19,  9.00it/s]
Extraindo:  74%|███████▎  | 1997/2710 [03:20<01:13,  9.64it/s]
Extraindo:  74%|███████▍  | 1999/2710 [03:20<01:10, 10.11it/s]
Extraindo:  74%|███████▍  | 2001/2710 [03:20<01:07, 10.45it/s]
Extraindo:  74%|███████▍  | 2003/2710 [03:21<01:07, 10.49it/s]
Extraindo:  74%|███████▍  | 2005/2710 [03:21<01:06, 10.62it/s]
Extraindo:  74%|███████▍  | 2007/2710 [03:21<01:06, 10.51it/s]
Extraindo:  74%|███████▍  | 2009/2710 [03:21<01:06, 10.56it/s]
Extraindo:  74%|███████▍  | 2011/2710 [03:21<01:05, 10.63it/s]
Extraindo:  74%|███████▍  | 2013/2710 [03:22<01:05, 10.57it/s]
Extraindo:  74%|███████▍  | 2015/2710 [03:22<01:30,  7.70it/s]
Extraindo:  74%|███████▍  | 2017/2710 [03:22<01:20,  8.56it/s]
Extraindo:  75%|███████▍  | 2019/2710 [03:22<01:15,  9.20it/s]
Extraindo:  75%|███████▍  | 2021/2710 [03:23<01:24,  8.17it/s]
Extraindo:  75%|███████▍  | 2023/2710 [03:23<01:15,  9.05it/s]
Extraindo:  75%|███████▍  | 2025/2710 [03:23<01:10,  9.74it/s]
Extraindo:  75%|███████▍  | 2027/2710 [03:23<01:06, 10.22it/s]
Extraindo:  75%|███████▍  | 2029/2710 [03:23<01:05, 10.46it/s]
Extraindo:  75%|███████▍  | 2031/2710 [03:24<01:03, 10.71it/s]
Extraindo:  75%|███████▌  | 2033/2710 [03:24<01:02, 10.78it/s]
Extraindo:  75%|███████▌  | 2035/2710 [03:24<01:02, 10.82it/s]
Extraindo:  75%|███████▌  | 2037/2710 [03:24<01:01, 10.87it/s]
Extraindo:  75%|███████▌  | 2039/2710 [03:24<01:02, 10.74it/s]
Extraindo:  75%|███████▌  | 2041/2710 [03:25<01:03, 10.53it/s]
Extraindo:  75%|███████▌  | 2043/2710 [03:25<01:04, 10.41it/s]
Extraindo:  75%|███████▌  | 2045/2710 [03:25<01:16,  8.66it/s]
Extraindo:  76%|███████▌  | 2047/2710 [03:25<01:11,  9.23it/s]
Extraindo:  76%|███████▌  | 2048/2710 [03:25<01:24,  7.87it/s]
Extraindo:  76%|███████▌  | 2050/2710 [03:26<01:15,  8.71it/s]
Extraindo:  76%|███████▌  | 2051/2710 [03:26<01:28,  7.48it/s]
Extraindo:  76%|███████▌  | 2053/2710 [03:26<01:17,  8.52it/s]
Extraindo:  76%|███████▌  | 2055/2710 [03:26<01:10,  9.24it/s]
Extraindo:  76%|███████▌  | 2057/2710 [03:26<01:06,  9.87it/s]
Extraindo:  76%|███████▌  | 2059/2710 [03:27<01:03, 10.20it/s]
Extraindo:  76%|███████▌  | 2061/2710 [03:27<01:02, 10.41it/s]
Extraindo:  76%|███████▌  | 2063/2710 [03:27<01:01, 10.55it/s]
Extraindo:  76%|███████▌  | 2065/2710 [03:27<01:00, 10.59it/s]
Extraindo:  76%|███████▋  | 2067/2710 [03:27<01:01, 10.50it/s]
Extraindo:  76%|███████▋  | 2069/2710 [03:27<01:00, 10.52it/s]
Extraindo:  76%|███████▋  | 2071/2710 [03:28<01:00, 10.50it/s]
Extraindo:  76%|███████▋  | 2073/2710 [03:28<01:01, 10.32it/s]
Extraindo:  77%|███████▋  | 2075/2710 [03:28<01:25,  7.41it/s]
Extraindo:  77%|███████▋  | 2077/2710 [03:28<01:17,  8.21it/s]
Extraindo:  77%|███████▋  | 2079/2710 [03:29<01:10,  8.92it/s]
Extraindo:  77%|███████▋  | 2081/2710 [03:29<01:07,  9.39it/s]
Extraindo:  77%|███████▋  | 2083/2710 [03:29<01:03,  9.87it/s]
Extraindo:  77%|███████▋  | 2085/2710 [03:29<01:02, 10.04it/s]
Extraindo:  77%|███████▋  | 2087/2710 [03:29<01:01, 10.11it/s]
Extraindo:  77%|███████▋  | 2089/2710 [03:30<01:11,  8.71it/s]
Extraindo:  77%|███████▋  | 2091/2710 [03:30<01:07,  9.23it/s]
Extraindo:  77%|███████▋  | 2093/2710 [03:30<01:04,  9.60it/s]
Extraindo:  77%|███████▋  | 2094/2710 [03:30<01:04,  9.62it/s]
Extraindo:  77%|███████▋  | 2096/2710 [03:30<01:02,  9.82it/s]
Extraindo:  77%|███████▋  | 2098/2710 [03:31<01:01,  9.98it/s]
Extraindo:  77%|███████▋  | 2100/2710 [03:31<01:00, 10.08it/s]
Extraindo:  78%|███████▊  | 2102/2710 [03:31<01:12,  8.42it/s]
Extraindo:  78%|███████▊  | 2104/2710 [03:31<01:07,  8.96it/s]
Extraindo:  78%|███████▊  | 2105/2710 [03:32<01:19,  7.57it/s]
Extraindo:  78%|███████▊  | 2107/2710 [03:32<01:11,  8.46it/s]
Extraindo:  78%|███████▊  | 2109/2710 [03:32<01:05,  9.18it/s]
Extraindo:  78%|███████▊  | 2111/2710 [03:32<01:02,  9.62it/s]
Extraindo:  78%|███████▊  | 2113/2710 [03:32<01:00,  9.90it/s]
Extraindo:  78%|███████▊  | 2115/2710 [03:32<00:59, 10.05it/s]
Extraindo:  78%|███████▊  | 2117/2710 [03:33<00:58, 10.12it/s]
Extraindo:  78%|███████▊  | 2119/2710 [03:33<00:57, 10.25it/s]
Extraindo:  78%|███████▊  | 2121/2710 [03:33<00:57, 10.27it/s]
Extraindo:  78%|███████▊  | 2123/2710 [03:33<00:57, 10.20it/s]
Extraindo:  78%|███████▊  | 2125/2710 [03:33<00:57, 10.12it/s]
Extraindo:  78%|███████▊  | 2127/2710 [03:34<01:09,  8.38it/s]
Extraindo:  79%|███████▊  | 2128/2710 [03:34<01:20,  7.26it/s]
Extraindo:  79%|███████▊  | 2130/2710 [03:34<01:11,  8.10it/s]
Extraindo:  79%|███████▊  | 2132/2710 [03:34<01:05,  8.78it/s]
Extraindo:  79%|███████▊  | 2134/2710 [03:35<01:02,  9.29it/s]
Extraindo:  79%|███████▉  | 2135/2710 [03:35<01:14,  7.73it/s]
Extraindo:  79%|███████▉  | 2137/2710 [03:35<01:06,  8.60it/s]
Extraindo:  79%|███████▉  | 2139/2710 [03:35<01:01,  9.24it/s]
Extraindo:  79%|███████▉  | 2141/2710 [03:35<00:58,  9.70it/s]
Extraindo:  79%|███████▉  | 2143/2710 [03:36<00:56,  9.97it/s]
Extraindo:  79%|███████▉  | 2145/2710 [03:36<00:55, 10.09it/s]
Extraindo:  79%|███████▉  | 2147/2710 [03:36<00:55, 10.23it/s]
Extraindo:  79%|███████▉  | 2149/2710 [03:36<00:54, 10.22it/s]
Extraindo:  79%|███████▉  | 2151/2710 [03:36<00:55, 10.10it/s]
Extraindo:  79%|███████▉  | 2153/2710 [03:37<00:55, 10.04it/s]
Extraindo:  80%|███████▉  | 2155/2710 [03:37<00:55,  9.99it/s]
Extraindo:  80%|███████▉  | 2157/2710 [03:37<01:05,  8.38it/s]
Extraindo:  80%|███████▉  | 2159/2710 [03:37<01:02,  8.76it/s]
Extraindo:  80%|███████▉  | 2160/2710 [03:37<01:01,  8.92it/s]
Extraindo:  80%|███████▉  | 2161/2710 [03:37<01:00,  9.12it/s]
Extraindo:  80%|███████▉  | 2162/2710 [03:38<00:59,  9.21it/s]
Extraindo:  80%|███████▉  | 2163/2710 [03:38<01:14,  7.37it/s]
Extraindo:  80%|███████▉  | 2165/2710 [03:38<01:04,  8.41it/s]
Extraindo:  80%|███████▉  | 2166/2710 [03:38<01:17,  7.00it/s]
Extraindo:  80%|████████  | 2168/2710 [03:38<01:06,  8.12it/s]
Extraindo:  80%|████████  | 2170/2710 [03:39<01:00,  8.92it/s]
Extraindo:  80%|████████  | 2172/2710 [03:39<00:56,  9.47it/s]
Extraindo:  80%|████████  | 2173/2710 [03:39<00:56,  9.53it/s]
Extraindo:  80%|████████  | 2175/2710 [03:39<00:54,  9.74it/s]
Extraindo:  80%|████████  | 2177/2710 [03:39<00:50, 10.47it/s]
Extraindo:  80%|████████  | 2179/2710 [03:39<00:51, 10.36it/s]
Extraindo:  80%|████████  | 2181/2710 [03:40<00:52, 10.11it/s]
Extraindo:  81%|████████  | 2183/2710 [03:40<01:03,  8.36it/s]
Extraindo:  81%|████████  | 2185/2710 [03:40<00:58,  8.92it/s]
Extraindo:  81%|████████  | 2187/2710 [03:40<00:56,  9.18it/s]
Extraindo:  81%|████████  | 2188/2710 [03:40<00:56,  9.30it/s]
Extraindo:  81%|████████  | 2189/2710 [03:41<00:56,  9.29it/s]
Extraindo:  81%|████████  | 2191/2710 [03:41<00:53,  9.68it/s]
Extraindo:  81%|████████  | 2193/2710 [03:41<00:52,  9.78it/s]
Extraindo:  81%|████████  | 2194/2710 [03:41<00:52,  9.77it/s]
Extraindo:  81%|████████  | 2196/2710 [03:41<00:52,  9.76it/s]
Extraindo:  81%|████████  | 2197/2710 [03:41<01:06,  7.70it/s]
Extraindo:  81%|████████  | 2199/2710 [03:42<01:00,  8.45it/s]
Extraindo:  81%|████████  | 2200/2710 [03:42<01:12,  7.05it/s]
Extraindo:  81%|████████▏ | 2202/2710 [03:42<01:03,  8.04it/s]
Extraindo:  81%|████████▏ | 2204/2710 [03:42<00:58,  8.68it/s]
Extraindo:  81%|████████▏ | 2206/2710 [03:42<00:54,  9.23it/s]
Extraindo:  81%|████████▏ | 2207/2710 [03:43<00:53,  9.33it/s]
Extraindo:  81%|████████▏ | 2208/2710 [03:43<00:53,  9.44it/s]
Extraindo:  82%|████████▏ | 2209/2710 [03:43<00:52,  9.56it/s]
Extraindo:  82%|████████▏ | 2210/2710 [03:43<01:07,  7.38it/s]
Extraindo:  82%|████████▏ | 2212/2710 [03:43<00:58,  8.51it/s]
Extraindo:  82%|████████▏ | 2214/2710 [03:43<00:54,  9.15it/s]
Extraindo:  82%|████████▏ | 2216/2710 [03:44<00:52,  9.48it/s]
Extraindo:  82%|████████▏ | 2217/2710 [03:44<00:51,  9.55it/s]
Extraindo:  82%|████████▏ | 2218/2710 [03:44<00:51,  9.56it/s]
Extraindo:  82%|████████▏ | 2220/2710 [03:44<00:50,  9.76it/s]
Extraindo:  82%|████████▏ | 2221/2710 [03:44<00:49,  9.78it/s]
Extraindo:  82%|████████▏ | 2222/2710 [03:44<00:49,  9.79it/s]
Extraindo:  82%|████████▏ | 2223/2710 [03:44<00:49,  9.75it/s]
Extraindo:  82%|████████▏ | 2224/2710 [03:44<00:50,  9.66it/s]
Extraindo:  82%|████████▏ | 2225/2710 [03:45<00:50,  9.60it/s]
Extraindo:  82%|████████▏ | 2227/2710 [03:45<01:03,  7.57it/s]
Extraindo:  82%|████████▏ | 2229/2710 [03:45<00:57,  8.34it/s]
Extraindo:  82%|████████▏ | 2230/2710 [03:45<00:56,  8.56it/s]
Extraindo:  82%|████████▏ | 2231/2710 [03:45<00:54,  8.79it/s]
Extraindo:  82%|████████▏ | 2232/2710 [03:45<00:53,  9.01it/s]
Extraindo:  82%|████████▏ | 2233/2710 [03:45<00:51,  9.18it/s]
Extraindo:  82%|████████▏ | 2234/2710 [03:46<00:51,  9.21it/s]
Extraindo:  82%|████████▏ | 2235/2710 [03:46<00:50,  9.36it/s]
Extraindo:  83%|████████▎ | 2236/2710 [03:46<00:50,  9.32it/s]
Extraindo:  83%|████████▎ | 2237/2710 [03:46<01:24,  5.61it/s]
Extraindo:  83%|████████▎ | 2239/2710 [03:46<01:05,  7.21it/s]
Extraindo:  83%|████████▎ | 2241/2710 [03:46<00:56,  8.32it/s]
Extraindo:  83%|████████▎ | 2243/2710 [03:47<00:52,  8.88it/s]
Extraindo:  83%|████████▎ | 2244/2710 [03:47<00:51,  9.06it/s]
Extraindo:  83%|████████▎ | 2246/2710 [03:47<00:49,  9.39it/s]
Extraindo:  83%|████████▎ | 2248/2710 [03:47<00:47,  9.63it/s]
Extraindo:  83%|████████▎ | 2250/2710 [03:47<00:47,  9.72it/s]
Extraindo:  83%|████████▎ | 2251/2710 [03:47<00:46,  9.77it/s]
Extraindo:  83%|████████▎ | 2252/2710 [03:48<00:47,  9.69it/s]
Extraindo:  83%|████████▎ | 2253/2710 [03:48<00:46,  9.72it/s]
Extraindo:  83%|████████▎ | 2254/2710 [03:48<00:47,  9.70it/s]
Extraindo:  83%|████████▎ | 2255/2710 [03:48<00:46,  9.70it/s]
Extraindo:  83%|████████▎ | 2256/2710 [03:48<00:46,  9.67it/s]
Extraindo:  83%|████████▎ | 2257/2710 [03:48<01:03,  7.19it/s]
Extraindo:  83%|████████▎ | 2258/2710 [03:48<00:58,  7.78it/s]
Extraindo:  83%|████████▎ | 2259/2710 [03:48<00:54,  8.27it/s]
Extraindo:  83%|████████▎ | 2260/2710 [03:49<00:52,  8.57it/s]
Extraindo:  83%|████████▎ | 2261/2710 [03:49<00:52,  8.61it/s]
Extraindo:  83%|████████▎ | 2262/2710 [03:49<00:50,  8.88it/s]
Extraindo:  84%|████████▎ | 2263/2710 [03:49<01:04,  6.89it/s]
Extraindo:  84%|████████▎ | 2265/2710 [03:49<00:54,  8.19it/s]
Extraindo:  84%|████████▎ | 2267/2710 [03:49<00:49,  8.89it/s]
Extraindo:  84%|████████▎ | 2268/2710 [03:49<00:49,  9.01it/s]
Extraindo:  84%|████████▎ | 2269/2710 [03:50<00:48,  9.12it/s]
Extraindo:  84%|████████▍ | 2270/2710 [03:50<00:47,  9.22it/s]
Extraindo:  84%|████████▍ | 2271/2710 [03:50<00:47,  9.33it/s]
Extraindo:  84%|████████▍ | 2272/2710 [03:50<00:46,  9.43it/s]
Extraindo:  84%|████████▍ | 2273/2710 [03:50<00:45,  9.57it/s]
Extraindo:  84%|████████▍ | 2274/2710 [03:50<01:01,  7.14it/s]
Extraindo:  84%|████████▍ | 2276/2710 [03:50<00:52,  8.28it/s]
Extraindo:  84%|████████▍ | 2277/2710 [03:51<00:50,  8.63it/s]
Extraindo:  84%|████████▍ | 2279/2710 [03:51<00:47,  9.13it/s]
Extraindo:  84%|████████▍ | 2280/2710 [03:51<00:46,  9.26it/s]
Extraindo:  84%|████████▍ | 2281/2710 [03:51<00:45,  9.42it/s]
Extraindo:  84%|████████▍ | 2282/2710 [03:51<00:45,  9.42it/s]
Extraindo:  84%|████████▍ | 2283/2710 [03:51<00:45,  9.38it/s]
Extraindo:  84%|████████▍ | 2284/2710 [03:51<00:45,  9.42it/s]
Extraindo:  84%|████████▍ | 2285/2710 [03:51<00:45,  9.33it/s]
Extraindo:  84%|████████▍ | 2286/2710 [03:51<00:45,  9.29it/s]
Extraindo:  84%|████████▍ | 2287/2710 [03:52<01:01,  6.83it/s]
Extraindo:  84%|████████▍ | 2288/2710 [03:52<00:56,  7.46it/s]
Extraindo:  84%|████████▍ | 2289/2710 [03:52<00:52,  8.05it/s]
Extraindo:  85%|████████▍ | 2290/2710 [03:52<01:04,  6.52it/s]
Extraindo:  85%|████████▍ | 2292/2710 [03:52<00:53,  7.87it/s]
Extraindo:  85%|████████▍ | 2293/2710 [03:53<01:15,  5.55it/s]
Extraindo:  85%|████████▍ | 2295/2710 [03:53<00:58,  7.04it/s]
Extraindo:  85%|████████▍ | 2297/2710 [03:53<00:50,  8.16it/s]
Extraindo:  85%|████████▍ | 2299/2710 [03:53<00:45,  8.99it/s]
Extraindo:  85%|████████▍ | 2301/2710 [03:53<00:42,  9.56it/s]
Extraindo:  85%|████████▍ | 2303/2710 [03:54<00:40, 10.01it/s]
Extraindo:  85%|████████▌ | 2305/2710 [03:54<00:40, 10.06it/s]
Extraindo:  85%|████████▌ | 2307/2710 [03:54<00:39, 10.20it/s]
Extraindo:  85%|████████▌ | 2309/2710 [03:54<00:39, 10.20it/s]
Extraindo:  85%|████████▌ | 2311/2710 [03:54<00:46,  8.57it/s]
Extraindo:  85%|████████▌ | 2313/2710 [03:55<00:43,  9.07it/s]
Extraindo:  85%|████████▌ | 2315/2710 [03:55<00:42,  9.40it/s]
Extraindo:  85%|████████▌ | 2317/2710 [03:55<00:48,  8.15it/s]
Extraindo:  86%|████████▌ | 2318/2710 [03:55<00:54,  7.18it/s]
Extraindo:  86%|████████▌ | 2320/2710 [03:56<00:47,  8.26it/s]
Extraindo:  86%|████████▌ | 2322/2710 [03:56<00:42,  9.13it/s]
Extraindo:  86%|████████▌ | 2324/2710 [03:56<00:39,  9.86it/s]
Extraindo:  86%|████████▌ | 2326/2710 [03:56<00:37, 10.34it/s]
Extraindo:  86%|████████▌ | 2328/2710 [03:56<00:35, 10.67it/s]
Extraindo:  86%|████████▌ | 2330/2710 [03:56<00:35, 10.74it/s]
Extraindo:  86%|████████▌ | 2332/2710 [03:57<00:34, 10.85it/s]
Extraindo:  86%|████████▌ | 2334/2710 [03:57<00:34, 10.96it/s]
Extraindo:  86%|████████▌ | 2336/2710 [03:57<00:34, 10.85it/s]
Extraindo:  86%|████████▋ | 2338/2710 [03:57<00:34, 10.72it/s]
Extraindo:  86%|████████▋ | 2340/2710 [03:57<00:35, 10.50it/s]
Extraindo:  86%|████████▋ | 2342/2710 [03:58<00:35, 10.42it/s]
Extraindo:  86%|████████▋ | 2344/2710 [03:58<00:35, 10.36it/s]
Extraindo:  87%|████████▋ | 2346/2710 [03:58<00:41,  8.70it/s]
Extraindo:  87%|████████▋ | 2348/2710 [03:58<00:39,  9.19it/s]
Extraindo:  87%|████████▋ | 2349/2710 [03:59<00:54,  6.62it/s]
Extraindo:  87%|████████▋ | 2351/2710 [03:59<00:46,  7.71it/s]
Extraindo:  87%|████████▋ | 2353/2710 [03:59<00:40,  8.72it/s]
Extraindo:  87%|████████▋ | 2355/2710 [03:59<00:38,  9.32it/s]
Extraindo:  87%|████████▋ | 2357/2710 [03:59<00:36,  9.79it/s]
Extraindo:  87%|████████▋ | 2359/2710 [03:59<00:34, 10.19it/s]
Extraindo:  87%|████████▋ | 2361/2710 [04:00<00:34, 10.19it/s]
Extraindo:  87%|████████▋ | 2363/2710 [04:00<00:33, 10.33it/s]
Extraindo:  87%|████████▋ | 2365/2710 [04:00<00:32, 10.45it/s]
Extraindo:  87%|████████▋ | 2367/2710 [04:00<00:32, 10.50it/s]
Extraindo:  87%|████████▋ | 2369/2710 [04:00<00:32, 10.36it/s]
Extraindo:  87%|████████▋ | 2371/2710 [04:01<00:32, 10.29it/s]
Extraindo:  88%|████████▊ | 2373/2710 [04:01<00:38,  8.65it/s]
Extraindo:  88%|████████▊ | 2375/2710 [04:01<00:36,  9.19it/s]
Extraindo:  88%|████████▊ | 2376/2710 [04:01<00:35,  9.33it/s]
Extraindo:  88%|████████▊ | 2378/2710 [04:01<00:34,  9.57it/s]
Extraindo:  88%|████████▊ | 2379/2710 [04:02<00:42,  7.72it/s]
Extraindo:  88%|████████▊ | 2381/2710 [04:02<00:37,  8.69it/s]
Extraindo:  88%|████████▊ | 2383/2710 [04:02<00:35,  9.26it/s]
Extraindo:  88%|████████▊ | 2385/2710 [04:02<00:34,  9.55it/s]
Extraindo:  88%|████████▊ | 2387/2710 [04:03<00:39,  8.26it/s]
Extraindo:  88%|████████▊ | 2389/2710 [04:03<00:35,  9.02it/s]
Extraindo:  88%|████████▊ | 2391/2710 [04:03<00:33,  9.50it/s]
Extraindo:  88%|████████▊ | 2393/2710 [04:03<00:32,  9.81it/s]
Extraindo:  88%|████████▊ | 2395/2710 [04:03<00:31,  9.96it/s]
Extraindo:  88%|████████▊ | 2397/2710 [04:03<00:31, 10.09it/s]
Extraindo:  89%|████████▊ | 2399/2710 [04:04<00:36,  8.43it/s]
Extraindo:  89%|████████▊ | 2401/2710 [04:04<00:34,  8.97it/s]
Extraindo:  89%|████████▊ | 2403/2710 [04:04<00:32,  9.38it/s]
Extraindo:  89%|████████▊ | 2405/2710 [04:04<00:31,  9.65it/s]
Extraindo:  89%|████████▉ | 2407/2710 [04:05<00:30,  9.84it/s]
Extraindo:  89%|████████▉ | 2409/2710 [04:05<00:30,  9.89it/s]
Extraindo:  89%|████████▉ | 2411/2710 [04:05<00:35,  8.41it/s]
Extraindo:  89%|████████▉ | 2413/2710 [04:05<00:33,  8.97it/s]
Extraindo:  89%|████████▉ | 2415/2710 [04:05<00:31,  9.34it/s]
Extraindo:  89%|████████▉ | 2417/2710 [04:06<00:30,  9.52it/s]
Extraindo:  89%|████████▉ | 2419/2710 [04:06<00:29,  9.77it/s]
Extraindo:  89%|████████▉ | 2421/2710 [04:06<00:29,  9.88it/s]
Extraindo:  89%|████████▉ | 2423/2710 [04:06<00:28,  9.90it/s]
Extraindo:  89%|████████▉ | 2424/2710 [04:07<00:35,  8.13it/s]
Extraindo:  90%|████████▉ | 2426/2710 [04:07<00:38,  7.32it/s]
Extraindo:  90%|████████▉ | 2428/2710 [04:07<00:34,  8.24it/s]
Extraindo:  90%|████████▉ | 2430/2710 [04:07<00:31,  8.86it/s]
Extraindo:  90%|████████▉ | 2432/2710 [04:07<00:29,  9.34it/s]
Extraindo:  90%|████████▉ | 2434/2710 [04:08<00:28,  9.69it/s]
Extraindo:  90%|████████▉ | 2435/2710 [04:08<00:28,  9.69it/s]
Extraindo:  90%|████████▉ | 2437/2710 [04:08<00:27,  9.99it/s]
Extraindo:  90%|█████████ | 2439/2710 [04:08<00:26, 10.16it/s]
Extraindo:  90%|█████████ | 2441/2710 [04:08<00:32,  8.36it/s]
Extraindo:  90%|█████████ | 2443/2710 [04:09<00:29,  8.91it/s]
Extraindo:  90%|█████████ | 2445/2710 [04:09<00:28,  9.33it/s]
Extraindo:  90%|█████████ | 2446/2710 [04:09<00:28,  9.42it/s]
Extraindo:  90%|█████████ | 2447/2710 [04:09<00:27,  9.52it/s]
Extraindo:  90%|█████████ | 2448/2710 [04:09<00:27,  9.56it/s]
Extraindo:  90%|█████████ | 2449/2710 [04:09<00:27,  9.59it/s]
Extraindo:  90%|█████████ | 2451/2710 [04:09<00:26,  9.78it/s]
Extraindo:  90%|█████████ | 2452/2710 [04:09<00:26,  9.77it/s]
Extraindo:  91%|█████████ | 2453/2710 [04:10<00:34,  7.54it/s]
Extraindo:  91%|█████████ | 2455/2710 [04:10<00:30,  8.46it/s]
Extraindo:  91%|█████████ | 2456/2710 [04:10<00:29,  8.76it/s]
Extraindo:  91%|█████████ | 2458/2710 [04:10<00:27,  9.21it/s]
Extraindo:  91%|█████████ | 2460/2710 [04:10<00:26,  9.55it/s]
Extraindo:  91%|█████████ | 2461/2710 [04:11<00:25,  9.58it/s]
Extraindo:  91%|█████████ | 2462/2710 [04:11<00:32,  7.63it/s]
Extraindo:  91%|█████████ | 2464/2710 [04:11<00:28,  8.54it/s]
Extraindo:  91%|█████████ | 2465/2710 [04:11<00:27,  8.82it/s]
Extraindo:  91%|█████████ | 2466/2710 [04:11<00:26,  9.07it/s]
Extraindo:  91%|█████████ | 2468/2710 [04:11<00:25,  9.53it/s]
Extraindo:  91%|█████████ | 2470/2710 [04:12<00:24,  9.73it/s]
Extraindo:  91%|█████████ | 2471/2710 [04:12<00:24,  9.62it/s]
Extraindo:  91%|█████████ | 2472/2710 [04:12<00:31,  7.56it/s]
Extraindo:  91%|█████████▏| 2474/2710 [04:12<00:27,  8.56it/s]
Extraindo:  91%|█████████▏| 2476/2710 [04:12<00:25,  9.12it/s]
Extraindo:  91%|█████████▏| 2478/2710 [04:12<00:24,  9.42it/s]
Extraindo:  92%|█████████▏| 2480/2710 [04:13<00:23,  9.64it/s]
Extraindo:  92%|█████████▏| 2481/2710 [04:13<00:28,  7.94it/s]
Extraindo:  92%|█████████▏| 2483/2710 [04:13<00:26,  8.69it/s]
Extraindo:  92%|█████████▏| 2485/2710 [04:13<00:24,  9.18it/s]
Extraindo:  92%|█████████▏| 2486/2710 [04:13<00:24,  9.27it/s]
Extraindo:  92%|█████████▏| 2487/2710 [04:13<00:23,  9.41it/s]
Extraindo:  92%|█████████▏| 2489/2710 [04:14<00:22,  9.68it/s]
Extraindo:  92%|█████████▏| 2490/2710 [04:14<00:22,  9.63it/s]
Extraindo:  92%|█████████▏| 2491/2710 [04:14<00:22,  9.71it/s]
Extraindo:  92%|█████████▏| 2492/2710 [04:14<00:22,  9.58it/s]
Extraindo:  92%|█████████▏| 2494/2710 [04:14<00:22,  9.68it/s]
Extraindo:  92%|█████████▏| 2495/2710 [04:14<00:22,  9.70it/s]
Extraindo:  92%|█████████▏| 2496/2710 [04:14<00:22,  9.53it/s]
Extraindo:  92%|█████████▏| 2497/2710 [04:14<00:22,  9.62it/s]
Extraindo:  92%|█████████▏| 2498/2710 [04:15<00:22,  9.49it/s]
Extraindo:  92%|█████████▏| 2499/2710 [04:15<00:29,  7.13it/s]
Extraindo:  92%|█████████▏| 2500/2710 [04:15<00:27,  7.76it/s]
Extraindo:  92%|█████████▏| 2502/2710 [04:15<00:30,  6.81it/s]
Extraindo:  92%|█████████▏| 2504/2710 [04:15<00:26,  7.85it/s]
Extraindo:  92%|█████████▏| 2506/2710 [04:16<00:23,  8.51it/s]
Extraindo:  93%|█████████▎| 2508/2710 [04:16<00:26,  7.53it/s]
Extraindo:  93%|█████████▎| 2510/2710 [04:16<00:23,  8.34it/s]
Extraindo:  93%|█████████▎| 2512/2710 [04:16<00:22,  8.94it/s]
Extraindo:  93%|█████████▎| 2514/2710 [04:17<00:20,  9.34it/s]
Extraindo:  93%|█████████▎| 2516/2710 [04:17<00:20,  9.61it/s]
Extraindo:  93%|█████████▎| 2518/2710 [04:17<00:19,  9.77it/s]
Extraindo:  93%|█████████▎| 2519/2710 [04:17<00:19,  9.78it/s]
Extraindo:  93%|█████████▎| 2521/2710 [04:17<00:19,  9.93it/s]
Extraindo:  93%|█████████▎| 2523/2710 [04:17<00:19,  9.83it/s]
Extraindo:  93%|█████████▎| 2524/2710 [04:18<00:19,  9.73it/s]
Extraindo:  93%|█████████▎| 2525/2710 [04:18<00:19,  9.61it/s]
Extraindo:  93%|█████████▎| 2526/2710 [04:18<00:19,  9.64it/s]
Extraindo:  93%|█████████▎| 2527/2710 [04:18<00:19,  9.52it/s]
Extraindo:  93%|█████████▎| 2528/2710 [04:18<00:19,  9.46it/s]
Extraindo:  93%|█████████▎| 2529/2710 [04:18<00:19,  9.38it/s]
Extraindo:  93%|█████████▎| 2530/2710 [04:18<00:19,  9.42it/s]
Extraindo:  93%|█████████▎| 2531/2710 [04:18<00:18,  9.47it/s]
Extraindo:  93%|█████████▎| 2532/2710 [04:18<00:18,  9.50it/s]
Extraindo:  93%|█████████▎| 2533/2710 [04:19<00:25,  6.95it/s]
Extraindo:  94%|█████████▎| 2534/2710 [04:19<00:29,  5.94it/s]
Extraindo:  94%|█████████▎| 2536/2710 [04:19<00:23,  7.43it/s]
Extraindo:  94%|█████████▎| 2537/2710 [04:19<00:26,  6.44it/s]
Extraindo:  94%|█████████▎| 2539/2710 [04:19<00:22,  7.72it/s]
Extraindo:  94%|█████████▍| 2541/2710 [04:20<00:19,  8.58it/s]
Extraindo:  94%|█████████▍| 2542/2710 [04:20<00:19,  8.83it/s]
Extraindo:  94%|█████████▍| 2544/2710 [04:20<00:17,  9.41it/s]
Extraindo:  94%|█████████▍| 2546/2710 [04:20<00:16,  9.73it/s]
Extraindo:  94%|█████████▍| 2548/2710 [04:20<00:16,  9.85it/s]
Extraindo:  94%|█████████▍| 2550/2710 [04:21<00:16,  9.98it/s]
Extraindo:  94%|█████████▍| 2552/2710 [04:21<00:15,  9.93it/s]
Extraindo:  94%|█████████▍| 2554/2710 [04:21<00:15,  9.98it/s]
Extraindo:  94%|█████████▍| 2555/2710 [04:21<00:15,  9.91it/s]
Extraindo:  94%|█████████▍| 2556/2710 [04:21<00:15,  9.84it/s]
Extraindo:  94%|█████████▍| 2557/2710 [04:21<00:15,  9.82it/s]
Extraindo:  94%|█████████▍| 2558/2710 [04:21<00:15,  9.66it/s]
Extraindo:  94%|█████████▍| 2559/2710 [04:21<00:15,  9.63it/s]
Extraindo:  94%|█████████▍| 2560/2710 [04:22<00:15,  9.57it/s]
Extraindo:  95%|█████████▍| 2561/2710 [04:22<00:15,  9.38it/s]
Extraindo:  95%|█████████▍| 2562/2710 [04:22<00:20,  7.06it/s]
Extraindo:  95%|█████████▍| 2564/2710 [04:22<00:21,  6.64it/s]
Extraindo:  95%|█████████▍| 2566/2710 [04:22<00:18,  7.74it/s]
Extraindo:  95%|█████████▍| 2567/2710 [04:23<00:17,  8.06it/s]
Extraindo:  95%|█████████▍| 2568/2710 [04:23<00:16,  8.42it/s]
Extraindo:  95%|█████████▍| 2569/2710 [04:23<00:16,  8.60it/s]
Extraindo:  95%|█████████▍| 2571/2710 [04:23<00:15,  9.06it/s]
Extraindo:  95%|█████████▍| 2572/2710 [04:23<00:14,  9.25it/s]
Extraindo:  95%|█████████▍| 2573/2710 [04:23<00:14,  9.39it/s]
Extraindo:  95%|█████████▍| 2574/2710 [04:23<00:14,  9.53it/s]
Extraindo:  95%|█████████▌| 2575/2710 [04:23<00:18,  7.29it/s]
Extraindo:  95%|█████████▌| 2577/2710 [04:24<00:16,  8.26it/s]
Extraindo:  95%|█████████▌| 2578/2710 [04:24<00:15,  8.59it/s]
Extraindo:  95%|█████████▌| 2579/2710 [04:24<00:14,  8.90it/s]
Extraindo:  95%|█████████▌| 2581/2710 [04:24<00:13,  9.30it/s]
Extraindo:  95%|█████████▌| 2582/2710 [04:24<00:13,  9.36it/s]
Extraindo:  95%|█████████▌| 2583/2710 [04:24<00:13,  9.46it/s]
Extraindo:  95%|█████████▌| 2584/2710 [04:24<00:13,  9.43it/s]
Extraindo:  95%|█████████▌| 2585/2710 [04:24<00:13,  9.55it/s]
Extraindo:  95%|█████████▌| 2586/2710 [04:25<00:13,  9.38it/s]
Extraindo:  95%|█████████▌| 2587/2710 [04:25<00:13,  9.31it/s]
Extraindo:  95%|█████████▌| 2588/2710 [04:25<00:13,  9.32it/s]
Extraindo:  96%|█████████▌| 2589/2710 [04:25<00:17,  6.99it/s]
Extraindo:  96%|█████████▌| 2590/2710 [04:25<00:15,  7.60it/s]
Extraindo:  96%|█████████▌| 2591/2710 [04:25<00:14,  7.98it/s]
Extraindo:  96%|█████████▌| 2592/2710 [04:25<00:14,  8.36it/s]
Extraindo:  96%|█████████▌| 2593/2710 [04:25<00:13,  8.74it/s]
Extraindo:  96%|█████████▌| 2594/2710 [04:26<00:17,  6.60it/s]
Extraindo:  96%|█████████▌| 2596/2710 [04:26<00:14,  7.91it/s]
Extraindo:  96%|█████████▌| 2598/2710 [04:26<00:12,  8.62it/s]
Extraindo:  96%|█████████▌| 2599/2710 [04:26<00:12,  8.89it/s]
Extraindo:  96%|█████████▌| 2600/2710 [04:26<00:12,  9.06it/s]
Extraindo:  96%|█████████▌| 2601/2710 [04:26<00:11,  9.15it/s]
Extraindo:  96%|█████████▌| 2602/2710 [04:26<00:11,  9.27it/s]
Extraindo:  96%|█████████▌| 2603/2710 [04:27<00:11,  9.36it/s]
Extraindo:  96%|█████████▌| 2604/2710 [04:27<00:11,  9.46it/s]
Extraindo:  96%|█████████▌| 2605/2710 [04:27<00:10,  9.55it/s]
Extraindo:  96%|█████████▌| 2606/2710 [04:27<00:10,  9.66it/s]
Extraindo:  96%|█████████▌| 2608/2710 [04:27<00:10,  9.74it/s]
Extraindo:  96%|█████████▋| 2609/2710 [04:27<00:10,  9.61it/s]
Extraindo:  96%|█████████▋| 2610/2710 [04:27<00:10,  9.49it/s]
Extraindo:  96%|█████████▋| 2611/2710 [04:27<00:10,  9.33it/s]
Extraindo:  96%|█████████▋| 2612/2710 [04:28<00:13,  7.06it/s]
Extraindo:  96%|█████████▋| 2613/2710 [04:28<00:12,  7.55it/s]
Extraindo:  96%|█████████▋| 2614/2710 [04:28<00:11,  8.06it/s]
Extraindo:  96%|█████████▋| 2615/2710 [04:28<00:11,  8.51it/s]
Extraindo:  97%|█████████▋| 2616/2710 [04:28<00:14,  6.60it/s]
Extraindo:  97%|█████████▋| 2618/2710 [04:28<00:11,  7.93it/s]
Extraindo:  97%|█████████▋| 2619/2710 [04:29<00:10,  8.36it/s]
Extraindo:  97%|█████████▋| 2620/2710 [04:29<00:10,  8.64it/s]
Extraindo:  97%|█████████▋| 2621/2710 [04:29<00:10,  8.78it/s]
Extraindo:  97%|█████████▋| 2622/2710 [04:29<00:09,  8.91it/s]
Extraindo:  97%|█████████▋| 2623/2710 [04:29<00:19,  4.48it/s]
Extraindo:  97%|█████████▋| 2625/2710 [04:30<00:16,  5.28it/s]
Extraindo:  97%|█████████▋| 2627/2710 [04:30<00:12,  6.80it/s]
Extraindo:  97%|█████████▋| 2629/2710 [04:30<00:09,  8.19it/s]
Extraindo:  97%|█████████▋| 2631/2710 [04:30<00:08,  9.27it/s]
Extraindo:  97%|█████████▋| 2633/2710 [04:30<00:07, 10.20it/s]
Extraindo:  97%|█████████▋| 2635/2710 [04:30<00:07, 10.65it/s]
Extraindo:  97%|█████████▋| 2637/2710 [04:31<00:06, 11.11it/s]
Extraindo:  97%|█████████▋| 2639/2710 [04:31<00:06, 11.26it/s]
Extraindo:  97%|█████████▋| 2641/2710 [04:31<00:06, 11.49it/s]
Extraindo:  98%|█████████▊| 2643/2710 [04:31<00:07,  9.56it/s]
Extraindo:  98%|█████████▊| 2645/2710 [04:31<00:06, 10.03it/s]
Extraindo:  98%|█████████▊| 2647/2710 [04:32<00:06, 10.38it/s]
Extraindo:  98%|█████████▊| 2649/2710 [04:32<00:06,  8.95it/s]
Extraindo:  98%|█████████▊| 2651/2710 [04:32<00:06,  9.78it/s]
Extraindo:  98%|█████████▊| 2653/2710 [04:32<00:05, 10.36it/s]
Extraindo:  98%|█████████▊| 2655/2710 [04:32<00:05, 10.71it/s]
Extraindo:  98%|█████████▊| 2657/2710 [04:33<00:05,  9.23it/s]
Extraindo:  98%|█████████▊| 2659/2710 [04:33<00:05, 10.05it/s]
Extraindo:  98%|█████████▊| 2661/2710 [04:33<00:04, 10.62it/s]
Extraindo:  98%|█████████▊| 2663/2710 [04:33<00:04, 11.06it/s]
Extraindo:  98%|█████████▊| 2665/2710 [04:33<00:03, 11.36it/s]
Extraindo:  98%|█████████▊| 2667/2710 [04:33<00:03, 11.50it/s]
Extraindo:  98%|█████████▊| 2669/2710 [04:34<00:03, 11.48it/s]
Extraindo:  99%|█████████▊| 2671/2710 [04:34<00:04,  9.61it/s]
Extraindo:  99%|█████████▊| 2673/2710 [04:34<00:03, 10.31it/s]
Extraindo:  99%|█████████▊| 2675/2710 [04:34<00:03, 10.88it/s]
Extraindo:  99%|█████████▉| 2677/2710 [04:34<00:02, 11.14it/s]
Extraindo:  99%|█████████▉| 2679/2710 [04:35<00:02, 11.24it/s]
Extraindo:  99%|█████████▉| 2681/2710 [04:35<00:02, 11.13it/s]
Extraindo:  99%|█████████▉| 2683/2710 [04:35<00:02, 11.16it/s]
Extraindo:  99%|█████████▉| 2685/2710 [04:35<00:02, 11.32it/s]
Extraindo:  99%|█████████▉| 2687/2710 [04:36<00:02,  7.97it/s]
Extraindo:  99%|█████████▉| 2689/2710 [04:36<00:02,  8.93it/s]
Extraindo:  99%|█████████▉| 2691/2710 [04:36<00:01,  9.69it/s]
Extraindo:  99%|█████████▉| 2693/2710 [04:36<00:01, 10.27it/s]
Extraindo:  99%|█████████▉| 2695/2710 [04:36<00:01, 10.71it/s]
Extraindo: 100%|█████████▉| 2697/2710 [04:37<00:01,  9.10it/s]
Extraindo: 100%|█████████▉| 2699/2710 [04:37<00:01,  9.95it/s]
Extraindo: 100%|█████████▉| 2701/2710 [04:37<00:00, 10.42it/s]
Extraindo: 100%|█████████▉| 2703/2710 [04:37<00:00, 10.88it/s]
Extraindo: 100%|█████████▉| 2705/2710 [04:37<00:00, 11.07it/s]
Extraindo: 100%|█████████▉| 2707/2710 [04:37<00:00, 11.41it/s]
Extraindo: 100%|█████████▉| 2709/2710 [04:38<00:00, 11.46it/s]
Extraindo: 100%|██████████| 2710/2710 [04:38<00:00,  9.75it/s]
2026-09-25 12:10:06,370 | INFO | matches      :     206,654 linhas
2026-09-25 12:10:06,438 | INFO | participants :   1,653,232 linhas
2026-09-25 12:10:06,522 | INFO | units        :  14,525,773 linhas
2026-09-25 12:10:06,627 | INFO | traits       :  17,757,384 linhas
2026-09-25 12:10:06,691 | INFO | items        :  20,096,449 linhas
2026-09-25 12:10:06,693 | INFO | {
  "raw_matches": 270713,
  "kept_matches": 206654,
  "drop_patch": 27902,
  "drop_queue": 30455,
  "drop_set": 5561,
  "drop_incomplete": 102,
  "puuid_dup_in_match": 472,
  "drop_duplicate": 39,
  "n_participants": 1653232,
  "top4_rate": 0.5,
  "patches": {
    "16.2": 41595,
    "16.3": 57111,
    "16.4": 50740,
    "16.5": 25203,
    "16.1": 32005
  },
  "date_range": [
    "2026-01-07 23:04:15.543000",
    "2026-03-14 06:37:49.985000"
  ],
  "n_unique_units": 103,
  "n_unique_traits": 52,
  "n_unique_items": 153,
  "unknown_rarities": [],
  "elo": "Master+ (Master, Grandmaster, Challenger) via League-V1"
}
------------------------------------------------------------------------------------------
[1/11] extract: OK | duração 0:04:38 | log: logs\20260925_120527\01_extract.log
==========================================================================================
[2/11] features | 2026-09-25 12:10:06
$ 02_features.py --inp data/interim --out data/processed --min-freq 0.005
------------------------------------------------------------------------------------------
2026-09-25 12:10:08,238 | INFO | 1,653,232 linhas-base | partidas por patch: {'16.3': 57111, '16.4': 50740, '16.2': 41595, '16.1': 32005, '16.5': 25203}
2026-09-25 12:11:10,689 | INFO | {
  "n_rows": 1653232,
  "n_matches": 206654,
  "n_features": 799,
  "by_block": {
    "unit_item": 524,
    "item": 104,
    "unit": 101,
    "trait": 48,
    "aggregate": 22,
    "level_model_B": 1
  },
  "min_freq": 0.005,
  "n_dropped_rare": 9530,
  "n_dropped_constant": 0,
  "unit_item_pairs_kept": 524,
  "sparsity_sparse_blocks": 0.9556388024479617,
  "patches": {
    "16.3": 57111,
    "16.4": 50740,
    "16.2": 41595,
    "16.1": 32005,
    "16.5": 25203
  }
}
------------------------------------------------------------------------------------------
[2/11] features: OK | duração 0:01:04 | log: logs\20260925_120527\02_features.log
==========================================================================================
[3/11] clusters | 2026-09-25 12:11:10
$ 02b_features.py
------------------------------------------------------------------------------------------
2026-09-25 12:11:12,148 | INFO | Carregando base de dados parquet...
2026-09-25 12:11:13,124 | INFO | MiniBatchKMeans K=12 (sem uso do rótulo; euclidiana² = Hamming em binário)
2026-09-25 12:11:21,937 | INFO |   archetype_Ionia_TheBoss_Wukong_0: n=184,751 | top4=0.545 [0.543; 0.547]
2026-09-25 12:11:22,869 | INFO |   archetype_Piltover_Defender_Vi_1: n=357,370 | top4=0.443 [0.441; 0.444]
2026-09-25 12:11:23,342 | INFO |   archetype_Demacia_Defender_Garen_2: n=171,561 | top4=0.523 [0.521; 0.525]
2026-09-25 12:11:23,649 | INFO |   archetype_Piltover_Freljord_Braum_3: n=107,248 | top4=0.545 [0.542; 0.547]
2026-09-25 12:11:24,011 | INFO |   archetype_Void_KaisaUnique_Kaisa_4: n=117,204 | top4=0.537 [0.534; 0.540]
2026-09-25 12:11:24,446 | INFO |   archetype_Noxus_Juggernaut_Swain_5: n=163,318 | top4=0.501 [0.499; 0.503]
2026-09-25 12:11:24,772 | INFO |   archetype_Brawler_Invoker_Kobuko_6: n=108,089 | top4=0.452 [0.449; 0.455]
2026-09-25 12:11:25,015 | INFO |   archetype_Piltover_Warden_Loris_7: n=104,977 | top4=0.497 [0.495; 0.501]
2026-09-25 12:11:25,295 | INFO |   archetype_Yordle_Defender_Kennen_8: n=87,368 | top4=0.482 [0.478; 0.485]
2026-09-25 12:11:25,653 | INFO |   archetype_Gunslinger_Brawler_MissFortune_9: n=120,952 | top4=0.511 [0.508; 0.513]
2026-09-25 12:11:25,946 | INFO |   archetype_Slayer_Vanquisher_BelVeth_10: n=93,383 | top4=0.540 [0.537; 0.543]
2026-09-25 12:11:26,072 | INFO |   archetype_Yordle_Targon_Ziggs_11: n=37,011 | top4=0.528 [0.523; 0.533]
2026-09-25 12:11:26,079 | INFO | Relatório de arquétipos salvo em report\archetypes_report.csv
2026-09-25 12:11:44,740 | INFO | Processo concluído! 12 arquétipos adicionados aos dados.
------------------------------------------------------------------------------------------
[3/11] clusters: OK | duração 0:00:34 | log: logs\20260925_120527\03_clusters.log
==========================================================================================
[4/11] train_main | 2026-09-25 12:11:45
$ 03_train.py --budget-min 480 --trials 50 --outer 5 --n-boot 2000
------------------------------------------------------------------------------------------
2026-09-25 12:11:46,407 | INFO | [main] args: {'inp': 'data/processed', 'out': 'results', 'models': 'logreg,rf,lgbm', 'trials': 50, 'outer': 5, 'inner': 3, 'tune_frac': 0.25, 'n_boot': 2000, 'budget_min': 480.0, 'min_level': 0, 'drop_agg': '', 'drop_blocks': '', 'log_level': 'INFO'}
2026-09-25 12:11:46,408 | INFO | [load] lendo data\processed\features.parquet
2026-09-25 12:11:46,422 | INFO | [load] 812 features | 811 no cenário A
2026-09-25 12:11:46,788 | INFO | [load] meta: 1,653,232 linhas | 206,654 partidas | top4=0.500 | patches=['16.1', '16.2', '16.3', '16.4', '16.5']
2026-09-25 12:11:48,744 | INFO | [load] bloco 1/9: nnz=45,259,348 | 369 MB | 1.9s
2026-09-25 12:11:50,252 | INFO | [load] bloco 2/9: nnz=19,861,226 | 166 MB | 1.5s
2026-09-25 12:11:51,281 | INFO | [load] bloco 3/9: nnz=6,148,658 | 56 MB | 1.0s
2026-09-25 12:11:52,184 | INFO | [load] bloco 4/9: nnz=2,820,451 | 29 MB | 0.9s
2026-09-25 12:11:53,087 | INFO | [load] bloco 5/9: nnz=3,724,670 | 36 MB | 0.9s
2026-09-25 12:11:53,945 | INFO | [load] bloco 6/9: nnz=2,058,209 | 23 MB | 0.9s
2026-09-25 12:11:54,791 | INFO | [load] bloco 7/9: nnz=2,348,539 | 25 MB | 0.8s
2026-09-25 12:11:55,646 | INFO | [load] bloco 8/9: nnz=1,780,805 | 21 MB | 0.9s
2026-09-25 12:11:55,819 | INFO | [load] bloco 9/9: nnz=1,468,481 | 18 MB | 0.2s
2026-09-25 12:11:56,982 | INFO | [load] XA: (1653232, 816), densidade=0.0646, 704 MB | XB: (1653232, 817) | tempo 10.6s
2026-09-25 12:12:00,478 | INFO | [main] baseline AUC OOF=0.7408
2026-09-25 12:12:00,478 | INFO | == logreg | A | 816 feats | tuning 8.6 min | decorrido 0 min
2026-09-25 12:12:00,863 | INFO |   [fold 1/5] treino=1,322,584 teste=330,648 | trials=50
2026-09-25 12:12:00,965 | INFO | [tune] logreg | n_trials=50 | timeout=3.5 min
2026-09-25 12:12:01,005 | INFO | [group_sample] 41,330/165,323 partidas (25%) -> 330,640 linhas
2026-09-25 12:13:06,624 | INFO | [obj] trial 0: loss=0.37553 | 65.5s
2026-09-25 12:14:57,870 | INFO | [obj] trial 1: loss=0.36194 | 111.2s
2026-09-25 12:16:12,605 | INFO | [obj] trial 2: loss=0.36197 | 74.7s
2026-09-25 12:16:12,631 | INFO |     tuning logreg: 3 trials (0 podados), loss=0.36194 | 4.2 min | best={'C': 6.351221010640703}
2026-09-25 12:16:57,472 | INFO | [fit] logreg: 816/816 coef. não nulos | n_iter=12
2026-09-25 12:16:57,733 | INFO |   fold 1: AUC=0.9224 | 4.9 min | decorrido 5 min
2026-09-25 12:16:57,764 | INFO |   [fold 2/5] treino=1,322,584 teste=330,648 | trials=16
2026-09-25 12:16:57,866 | INFO | [tune] logreg | n_trials=16 | timeout=1.3 min
2026-09-25 12:16:57,908 | INFO | [group_sample] 41,330/165,323 partidas (25%) -> 330,640 linhas
2026-09-25 12:18:34,898 | INFO | [obj] trial 0: loss=0.36172 | 96.9s
2026-09-25 12:18:34,923 | INFO |     tuning logreg: 1 trials (0 podados), loss=0.36172 | 1.6 min | best={'C': 6.351221010640703}
2026-09-25 12:19:19,934 | INFO | [fit] logreg: 816/816 coef. não nulos | n_iter=12
2026-09-25 12:19:20,192 | INFO |   fold 2: AUC=0.9219 | 2.4 min | decorrido 8 min
2026-09-25 12:19:20,223 | INFO |   [fold 3/5] treino=1,322,584 teste=330,648 | trials=16
2026-09-25 12:19:20,352 | INFO | [tune] logreg | n_trials=16 | timeout=1.3 min
2026-09-25 12:19:20,392 | INFO | [group_sample] 41,330/165,323 partidas (25%) -> 330,640 linhas
2026-09-25 12:21:01,257 | INFO | [obj] trial 0: loss=0.36140 | 100.7s
2026-09-25 12:21:01,282 | INFO |     tuning logreg: 1 trials (0 podados), loss=0.36140 | 1.7 min | best={'C': 6.351221010640703}
2026-09-25 12:21:42,533 | INFO | [fit] logreg: 816/816 coef. não nulos | n_iter=11
2026-09-25 12:21:42,790 | INFO |   fold 3: AUC=0.9212 | 2.4 min | decorrido 10 min
2026-09-25 12:21:42,822 | INFO |   [fold 4/5] treino=1,322,584 teste=330,648 | trials=16
2026-09-25 12:21:42,950 | INFO | [tune] logreg | n_trials=16 | timeout=1.3 min
2026-09-25 12:21:42,991 | INFO | [group_sample] 41,330/165,323 partidas (25%) -> 330,640 linhas
2026-09-25 12:23:23,482 | INFO | [obj] trial 0: loss=0.35960 | 100.4s
2026-09-25 12:23:23,508 | INFO |     tuning logreg: 1 trials (0 podados), loss=0.35960 | 1.7 min | best={'C': 6.351221010640703}
2026-09-25 12:24:08,487 | INFO | [fit] logreg: 816/816 coef. não nulos | n_iter=12
2026-09-25 12:24:08,745 | INFO |   fold 4: AUC=0.9212 | 2.4 min | decorrido 12 min
2026-09-25 12:24:08,776 | INFO |   [fold 5/5] treino=1,322,592 teste=330,640 | trials=16
2026-09-25 12:24:08,904 | INFO | [tune] logreg | n_trials=16 | timeout=1.3 min
2026-09-25 12:24:08,945 | INFO | [group_sample] 41,331/165,324 partidas (25%) -> 330,648 linhas
2026-09-25 12:25:46,615 | INFO | [obj] trial 0: loss=0.36201 | 97.5s
2026-09-25 12:25:46,641 | INFO |     tuning logreg: 1 trials (0 podados), loss=0.36201 | 1.6 min | best={'C': 6.351221010640703}
2026-09-25 12:26:31,425 | INFO | [fit] logreg: 816/816 coef. não nulos | n_iter=12
2026-09-25 12:26:31,702 | INFO |   fold 5: AUC=0.9224 | 2.4 min | decorrido 15 min
2026-09-25 12:26:32,050 | INFO | [run_nested] logreg: 14.5 min | AUC OOF=0.9218
2026-09-25 12:27:24,546 | INFO | [fit] logreg: 816/816 coef. não nulos | n_iter=11
2026-09-25 12:27:24,557 | INFO | [main] salvo results\models\final_logreg_A.joblib (0.0 MB)
2026-09-25 12:27:24,584 | INFO | == rf | A | 816 feats | tuning 30.2 min | decorrido 16 min
2026-09-25 12:27:24,958 | INFO |   [fold 1/5] treino=1,322,584 teste=330,648 | trials=50
2026-09-25 12:27:25,060 | INFO | [tune] rf | n_trials=50 | timeout=12.1 min
2026-09-25 12:27:25,101 | INFO | [group_sample] 41,330/165,323 partidas (25%) -> 330,640 linhas
2026-09-25 12:27:25,145 | INFO | [dense] (330640, 816) -> denso float32 (1.1 GB)
2026-09-25 12:27:41,686 | INFO | [obj] trial 0: loss=0.42759 | 16.3s
2026-09-25 12:27:56,474 | INFO | [obj] trial 1: loss=0.43910 | 14.8s
2026-09-25 12:28:09,479 | INFO | [obj] trial 2: loss=0.46324 | 13.0s
2026-09-25 12:28:24,995 | INFO | [obj] trial 3: loss=0.42983 | 15.5s
2026-09-25 12:30:55,929 | INFO | [obj] trial 4: loss=0.35881 | 150.9s
2026-09-25 12:33:22,543 | INFO | [obj] trial 5: loss=0.35963 | 146.6s
2026-09-25 12:34:57,542 | INFO | [obj] trial 6: loss=0.35836 | 95.0s
2026-09-25 12:36:15,158 | INFO | [obj] trial 7: loss=0.37293 | 77.6s
2026-09-25 12:37:44,724 | INFO | [obj] trial 8: loss=0.35924 | 89.5s
2026-09-25 12:39:05,220 | INFO | [obj] trial 9: loss=0.36852 | 80.5s
2026-09-25 12:40:39,214 | INFO | [obj] trial 10: loss=0.35839 | 94.0s
2026-09-25 12:40:39,248 | INFO |     tuning rf: 11 trials (0 podados), loss=0.35836 | 13.2 min | best={'max_depth': 21, 'min_samples_leaf': 2, 'max_features': 0.3}
2026-09-25 12:40:39,427 | INFO | [dense] (1322584, 816) -> denso float32 (4.3 GB)
[Parallel(n_jobs=-1)]: Using backend ThreadingBackend with 16 concurrent workers.
[Parallel(n_jobs=-1)]: Done  18 tasks      | elapsed:    6.1s
[Parallel(n_jobs=-1)]: Done 168 tasks      | elapsed:   35.8s
[Parallel(n_jobs=-1)]: Done 200 out of 200 | elapsed:   41.3s finished
2026-09-25 12:41:24,245 | INFO |   fold 1: AUC=0.9244 | 14.0 min | decorrido 30 min
2026-09-25 12:41:24,280 | INFO |   [fold 2/5] treino=1,322,584 teste=330,648 | trials=16
2026-09-25 12:41:24,382 | INFO | [tune] rf | n_trials=16 | timeout=4.5 min
2026-09-25 12:41:24,422 | INFO | [group_sample] 41,330/165,323 partidas (25%) -> 330,640 linhas
2026-09-25 12:41:24,468 | INFO | [dense] (330640, 816) -> denso float32 (1.1 GB)
2026-09-25 12:42:59,967 | INFO | [obj] trial 0: loss=0.35503 | 95.3s
2026-09-25 12:43:16,251 | INFO | [obj] trial 1: loss=0.42459 | 16.3s
2026-09-25 12:43:31,019 | INFO | [obj] trial 2: loss=0.43673 | 14.7s
2026-09-25 12:45:07,869 | INFO | [obj] trial 5: loss=0.35835 | 87.3s
2026-09-25 12:46:42,917 | INFO | [obj] trial 6: loss=0.35503 | 95.0s
2026-09-25 12:46:42,948 | INFO |     tuning rf: 7 trials (2 podados), loss=0.35503 | 5.3 min | best={'max_depth': 21, 'min_samples_leaf': 2, 'max_features': 0.3}
2026-09-25 12:46:43,133 | INFO | [dense] (1322584, 816) -> denso float32 (4.3 GB)
[Parallel(n_jobs=-1)]: Using backend ThreadingBackend with 16 concurrent workers.
[Parallel(n_jobs=-1)]: Done  18 tasks      | elapsed:    6.2s
[Parallel(n_jobs=-1)]: Done 168 tasks      | elapsed:   35.6s
[Parallel(n_jobs=-1)]: Done 200 out of 200 | elapsed:   41.1s finished
2026-09-25 12:47:27,821 | INFO |   fold 2: AUC=0.9234 | 6.1 min | decorrido 36 min
2026-09-25 12:47:27,857 | INFO |   [fold 3/5] treino=1,322,584 teste=330,648 | trials=16
2026-09-25 12:47:27,959 | INFO | [tune] rf | n_trials=16 | timeout=4.5 min
2026-09-25 12:47:27,998 | INFO | [group_sample] 41,330/165,323 partidas (25%) -> 330,640 linhas
2026-09-25 12:47:28,042 | INFO | [dense] (330640, 816) -> denso float32 (1.1 GB)
2026-09-25 12:49:03,016 | INFO | [obj] trial 0: loss=0.35546 | 94.7s
2026-09-25 12:49:19,255 | INFO | [obj] trial 1: loss=0.42563 | 16.2s
2026-09-25 12:49:34,012 | INFO | [obj] trial 2: loss=0.43653 | 14.7s
2026-09-25 12:51:11,074 | INFO | [obj] trial 5: loss=0.35904 | 87.5s
2026-09-25 12:52:45,823 | INFO | [obj] trial 6: loss=0.35546 | 94.7s
2026-09-25 12:52:45,854 | INFO |     tuning rf: 7 trials (2 podados), loss=0.35546 | 5.3 min | best={'max_depth': 21, 'min_samples_leaf': 2, 'max_features': 0.3}
2026-09-25 12:52:46,042 | INFO | [dense] (1322584, 816) -> denso float32 (4.3 GB)
[Parallel(n_jobs=-1)]: Using backend ThreadingBackend with 16 concurrent workers.
[Parallel(n_jobs=-1)]: Done  18 tasks      | elapsed:    6.3s
[Parallel(n_jobs=-1)]: Done 168 tasks      | elapsed:   35.9s
[Parallel(n_jobs=-1)]: Done 200 out of 200 | elapsed:   41.7s finished
2026-09-25 12:53:31,301 | INFO |   fold 3: AUC=0.9229 | 6.1 min | decorrido 42 min
2026-09-25 12:53:31,335 | INFO |   [fold 4/5] treino=1,322,584 teste=330,648 | trials=16
2026-09-25 12:53:31,437 | INFO | [tune] rf | n_trials=16 | timeout=4.5 min
2026-09-25 12:53:31,484 | INFO | [group_sample] 41,330/165,323 partidas (25%) -> 330,640 linhas
2026-09-25 12:53:31,532 | INFO | [dense] (330640, 816) -> denso float32 (1.1 GB)
2026-09-25 12:55:06,668 | INFO | [obj] trial 0: loss=0.35624 | 94.9s
2026-09-25 12:55:22,930 | INFO | [obj] trial 1: loss=0.42649 | 16.2s
2026-09-25 12:55:37,673 | INFO | [obj] trial 2: loss=0.43800 | 14.7s
2026-09-25 12:57:14,897 | INFO | [obj] trial 5: loss=0.35960 | 87.7s
2026-09-25 12:58:49,896 | INFO | [obj] trial 6: loss=0.35624 | 95.0s
2026-09-25 12:58:49,927 | INFO |     tuning rf: 7 trials (2 podados), loss=0.35624 | 5.3 min | best={'max_depth': 21, 'min_samples_leaf': 2, 'max_features': 0.3}
2026-09-25 12:58:50,084 | INFO | [dense] (1322584, 816) -> denso float32 (4.3 GB)
[Parallel(n_jobs=-1)]: Using backend ThreadingBackend with 16 concurrent workers.
[Parallel(n_jobs=-1)]: Done  18 tasks      | elapsed:    6.3s
[Parallel(n_jobs=-1)]: Done 168 tasks      | elapsed:   35.8s
[Parallel(n_jobs=-1)]: Done 200 out of 200 | elapsed:   41.3s finished
2026-09-25 12:59:34,959 | INFO |   fold 4: AUC=0.9234 | 6.1 min | decorrido 48 min
2026-09-25 12:59:35,001 | INFO |   [fold 5/5] treino=1,322,592 teste=330,640 | trials=16
2026-09-25 12:59:35,103 | INFO | [tune] rf | n_trials=16 | timeout=4.5 min
2026-09-25 12:59:35,144 | INFO | [group_sample] 41,331/165,324 partidas (25%) -> 330,648 linhas
2026-09-25 12:59:35,188 | INFO | [dense] (330648, 816) -> denso float32 (1.1 GB)
2026-09-25 13:01:10,556 | INFO | [obj] trial 0: loss=0.35647 | 95.1s
2026-09-25 13:01:26,830 | INFO | [obj] trial 1: loss=0.42582 | 16.2s
2026-09-25 13:01:41,659 | INFO | [obj] trial 2: loss=0.43767 | 14.8s
2026-09-25 13:03:19,010 | INFO | [obj] trial 5: loss=0.35980 | 87.8s
2026-09-25 13:04:54,082 | INFO | [obj] trial 6: loss=0.35647 | 95.0s
2026-09-25 13:04:54,112 | INFO |     tuning rf: 7 trials (2 podados), loss=0.35647 | 5.3 min | best={'max_depth': 21, 'min_samples_leaf': 2, 'max_features': 0.3}
2026-09-25 13:04:54,279 | INFO | [dense] (1322592, 816) -> denso float32 (4.3 GB)
[Parallel(n_jobs=-1)]: Using backend ThreadingBackend with 16 concurrent workers.
[Parallel(n_jobs=-1)]: Done  18 tasks      | elapsed:    6.2s
[Parallel(n_jobs=-1)]: Done 168 tasks      | elapsed:   36.0s
[Parallel(n_jobs=-1)]: Done 200 out of 200 | elapsed:   41.5s finished
2026-09-25 13:05:39,277 | INFO |   fold 5: AUC=0.9245 | 6.1 min | decorrido 54 min
2026-09-25 13:05:39,625 | INFO | [run_nested] rf: 38.2 min | AUC OOF=0.9237
2026-09-25 13:05:39,626 | INFO | [dense] (1653232, 816) -> denso float32 (5.4 GB)
[Parallel(n_jobs=-1)]: Using backend ThreadingBackend with 16 concurrent workers.
[Parallel(n_jobs=-1)]: Done  18 tasks      | elapsed:    6.6s
[Parallel(n_jobs=-1)]: Done 168 tasks      | elapsed:   37.6s
[Parallel(n_jobs=-1)]: Done 200 out of 200 | elapsed:   43.5s finished
2026-09-25 13:06:25,215 | INFO | [main] salvo results\models\final_rf_A.joblib (17.5 MB)
2026-09-25 13:06:25,242 | INFO | == lgbm | A | 816 feats | tuning 47.5 min | decorrido 55 min
2026-09-25 13:06:25,619 | INFO |   [fold 1/5] treino=1,322,584 teste=330,648 | trials=50
2026-09-25 13:06:25,721 | INFO | [tune] lgbm | n_trials=50 | timeout=19.0 min
2026-09-25 13:06:25,761 | INFO | [group_sample] 41,330/165,323 partidas (25%) -> 330,640 linhas
2026-09-25 13:06:48,302 | INFO | [obj] trial 0: loss=0.31965 | 22.5s | árvores=497
2026-09-25 13:07:36,767 | INFO | [obj] trial 1: loss=0.31862 | 48.4s | árvores=1534
2026-09-25 13:07:55,021 | INFO | [obj] trial 2: loss=0.32246 | 18.2s | árvores=484
2026-09-25 13:09:28,392 | INFO | [obj] trial 5: loss=0.31957 | 49.6s | árvores=1332
2026-09-25 13:11:10,031 | INFO | [obj] trial 9: loss=0.31858 | 63.3s | árvores=2542
2026-09-25 13:12:42,586 | INFO | [obj] trial 10: loss=0.31922 | 92.5s | árvores=4026
2026-09-25 13:13:32,718 | INFO | [obj] trial 11: loss=0.31855 | 50.1s | árvores=1865
2026-09-25 13:14:40,506 | INFO | [obj] trial 12: loss=0.31860 | 67.7s | árvores=2548
2026-09-25 13:16:04,341 | INFO | [obj] trial 13: loss=0.31883 | 83.8s | árvores=3009
2026-09-25 13:18:58,225 | INFO | [obj] trial 15: loss=0.31866 | 130.5s | árvores=4889
2026-09-25 13:25:16,020 | INFO | [obj] trial 21: loss=0.31839 | 111.0s | árvores=4561
2026-09-25 13:26:04,197 | INFO |     tuning lgbm: 23 trials (12 podados), loss=0.31839 | 19.6 min | best={'learning_rate': 0.03170650479709581, 'num_leaves': 25, 'min_child_samples': 73, 'subsample': 0.9768002736885298, 'colsample_bytree': 0.27917145074475463, 'reg_lambda': 3.7061703705116895, 'n_estimators': 10000}
2026-09-25 13:42:34,247 | INFO | [fit] lgbm early stopping: 9914 árvores | ganho logloss últimas 1000: 0.00015
2026-09-25 13:43:06,855 | INFO |   fold 1: AUC=0.9414 | 36.7 min | decorrido 91 min
2026-09-25 13:43:06,916 | INFO |   [fold 2/5] treino=1,322,584 teste=330,648 | trials=16
2026-09-25 13:43:07,021 | INFO | [tune] lgbm | n_trials=16 | timeout=7.1 min
2026-09-25 13:43:07,063 | INFO | [group_sample] 41,330/165,323 partidas (25%) -> 330,640 linhas
2026-09-25 13:44:48,636 | INFO | [obj] trial 0: loss=0.31624 | 101.5s | árvores=4149
2026-09-25 13:45:11,302 | INFO | [obj] trial 1: loss=0.31732 | 22.6s | árvores=507
2026-09-25 13:45:57,256 | INFO | [obj] trial 2: loss=0.31598 | 45.9s | árvores=1450
2026-09-25 13:50:38,969 | INFO | [obj] trial 11: loss=0.31609 | 71.3s | árvores=2964
2026-09-25 13:50:38,998 | INFO |     tuning lgbm: 12 trials (8 podados), loss=0.31598 | 7.5 min | best={'learning_rate': 0.033494758473134406, 'num_leaves': 95, 'min_child_samples': 101, 'subsample': 0.8832290311184181, 'colsample_bytree': 0.21646759543664196, 'reg_lambda': 7.579479953348009, 'n_estimators': 10000}
2026-09-25 13:57:30,719 | INFO | [fit] lgbm early stopping: 3695 árvores | ganho logloss últimas 1000: 0.00026
2026-09-25 13:57:50,273 | INFO |   fold 2: AUC=0.9408 | 14.7 min | decorrido 106 min
2026-09-25 13:57:50,319 | INFO |   [fold 3/5] treino=1,322,584 teste=330,648 | trials=16
2026-09-25 13:57:50,427 | INFO | [tune] lgbm | n_trials=16 | timeout=7.1 min
2026-09-25 13:57:50,467 | INFO | [group_sample] 41,330/165,323 partidas (25%) -> 330,640 linhas
2026-09-25 13:58:38,538 | INFO | [obj] trial 0: loss=0.32047 | 48.0s | árvores=1531
2026-09-25 13:59:02,296 | INFO | [obj] trial 1: loss=0.32162 | 23.7s | árvores=543
2026-09-25 13:59:50,234 | INFO | [obj] trial 2: loss=0.32047 | 47.9s | árvores=1531
2026-09-25 14:05:23,822 | INFO |     tuning lgbm: 12 trials (9 podados), loss=0.32047 | 7.6 min | best={'learning_rate': 0.033494758473134406, 'num_leaves': 95, 'min_child_samples': 101, 'subsample': 0.8832290311184181, 'colsample_bytree': 0.21646759543664196, 'reg_lambda': 7.579479953348009, 'n_estimators': 10000}
2026-09-25 14:13:08,657 | INFO | [fit] lgbm early stopping: 4221 árvores | ganho logloss últimas 1000: 0.00017
2026-09-25 14:13:32,735 | INFO |   fold 3: AUC=0.9405 | 15.7 min | decorrido 122 min
2026-09-25 14:13:32,781 | INFO |   [fold 4/5] treino=1,322,584 teste=330,648 | trials=16
2026-09-25 14:13:32,888 | INFO | [tune] lgbm | n_trials=16 | timeout=7.1 min
2026-09-25 14:13:32,929 | INFO | [group_sample] 41,330/165,323 partidas (25%) -> 330,640 linhas
2026-09-25 14:14:24,592 | INFO | [obj] trial 0: loss=0.31951 | 51.6s | árvores=1675
2026-09-25 14:14:45,269 | INFO | [obj] trial 1: loss=0.32048 | 20.6s | árvores=443
2026-09-25 14:15:37,061 | INFO | [obj] trial 2: loss=0.31951 | 51.8s | árvores=1675
2026-09-25 14:18:01,434 | INFO | [obj] trial 7: loss=0.31906 | 69.8s | árvores=2705
2026-09-25 14:20:05,903 | INFO | [obj] trial 8: loss=0.31907 | 124.4s | árvores=4677
2026-09-25 14:21:26,293 | INFO | [obj] trial 10: loss=0.31929 | 48.6s | árvores=1816
2026-09-25 14:21:26,331 | INFO |     tuning lgbm: 11 trials (5 podados), loss=0.31906 | 7.9 min | best={'learning_rate': 0.05557438240201885, 'num_leaves': 19, 'min_child_samples': 49, 'subsample': 0.9810365378226896, 'colsample_bytree': 0.3349352364157237, 'reg_lambda': 7.410708352019416, 'n_estimators': 10000}
2026-09-25 14:35:07,053 | INFO | [fit] lgbm early stopping: 8175 árvores | ganho logloss últimas 1000: 0.00017
2026-09-25 14:35:26,805 | INFO |   fold 4: AUC=0.9404 | 21.9 min | decorrido 144 min
2026-09-25 14:35:26,845 | INFO |   [fold 5/5] treino=1,322,592 teste=330,640 | trials=16
2026-09-25 14:35:26,951 | INFO | [tune] lgbm | n_trials=16 | timeout=7.1 min
2026-09-25 14:35:26,992 | INFO | [group_sample] 41,331/165,324 partidas (25%) -> 330,648 linhas
2026-09-25 14:36:41,938 | INFO | [obj] trial 0: loss=0.31850 | 74.9s | árvores=2873
2026-09-25 14:37:04,857 | INFO | [obj] trial 1: loss=0.31941 | 22.9s | árvores=515
2026-09-25 14:37:54,677 | INFO | [obj] trial 2: loss=0.31815 | 49.8s | árvores=1595
2026-09-25 14:42:59,936 | INFO | [obj] trial 12: loss=0.31800 | 83.3s | árvores=3253
2026-09-25 14:42:59,978 | INFO |     tuning lgbm: 13 trials (9 podados), loss=0.31800 | 7.6 min | best={'learning_rate': 0.03446843201719327, 'num_leaves': 37, 'min_child_samples': 89, 'subsample': 0.9014125305425662, 'colsample_bytree': 0.25930920569196353, 'reg_lambda': 7.16579207585119, 'n_estimators': 10000}
2026-09-25 14:55:29,208 | INFO | [fit] lgbm early stopping: 7679 árvores | ganho logloss últimas 1000: 0.00009
2026-09-25 14:56:00,338 | INFO |   fold 5: AUC=0.9417 | 20.6 min | decorrido 164 min
2026-09-25 14:56:00,694 | INFO | [run_nested] lgbm: 109.6 min | AUC OOF=0.9410
2026-09-25 15:05:54,321 | INFO | [fit] lgbm early stopping: 4353 árvores | ganho logloss últimas 1000: 0.00022
2026-09-25 15:05:55,364 | INFO | [main] salvo results\models\final_lgbm_A.joblib (18.3 MB)
2026-09-25 15:05:55,401 | INFO | == logreg | B | 817 feats | tuning 5.8 min | decorrido 174 min
2026-09-25 15:05:55,782 | INFO |   [fold 1/5] treino=1,322,584 teste=330,648 | trials=16
2026-09-25 15:05:55,886 | INFO | [tune] logreg | n_trials=16 | timeout=2.3 min
2026-09-25 15:05:55,927 | INFO | [group_sample] 41,330/165,323 partidas (25%) -> 330,640 linhas
2026-09-25 15:07:49,388 | INFO | [obj] trial 0: loss=0.34099 | 113.3s
2026-09-25 15:09:04,998 | INFO | [obj] trial 1: loss=0.35011 | 75.6s
2026-09-25 15:09:05,023 | INFO |     tuning logreg: 2 trials (0 podados), loss=0.34099 | 3.2 min | best={'C': 6.351221010640703}
2026-09-25 15:09:54,321 | INFO | [fit] logreg: 817/817 coef. não nulos | n_iter=13
2026-09-25 15:09:54,592 | INFO |   fold 1: AUC=0.9294 | 4.0 min | decorrido 178 min
2026-09-25 15:09:54,624 | INFO |   [fold 2/5] treino=1,322,584 teste=330,648 | trials=16
2026-09-25 15:09:54,727 | INFO | [tune] logreg | n_trials=16 | timeout=0.9 min
2026-09-25 15:09:54,767 | INFO | [group_sample] 41,330/165,323 partidas (25%) -> 330,640 linhas
2026-09-25 15:11:30,284 | INFO | [obj] trial 0: loss=0.34138 | 95.4s
2026-09-25 15:11:30,310 | INFO |     tuning logreg: 1 trials (0 podados), loss=0.34138 | 1.6 min | best={'C': 6.351221010640703}
2026-09-25 15:12:19,034 | INFO | [fit] logreg: 817/817 coef. não nulos | n_iter=13
2026-09-25 15:12:19,301 | INFO |   fold 2: AUC=0.9287 | 2.4 min | decorrido 181 min
2026-09-25 15:12:19,333 | INFO |   [fold 3/5] treino=1,322,584 teste=330,648 | trials=16
2026-09-25 15:12:19,436 | INFO | [tune] logreg | n_trials=16 | timeout=0.9 min
2026-09-25 15:12:19,481 | INFO | [group_sample] 41,330/165,323 partidas (25%) -> 330,640 linhas
2026-09-25 15:13:52,112 | INFO | [obj] trial 0: loss=0.34155 | 92.5s
2026-09-25 15:13:52,138 | INFO |     tuning logreg: 1 trials (0 podados), loss=0.34155 | 1.5 min | best={'C': 6.351221010640703}
2026-09-25 15:14:40,887 | INFO | [fit] logreg: 817/817 coef. não nulos | n_iter=13
2026-09-25 15:14:41,153 | INFO |   fold 3: AUC=0.9282 | 2.4 min | decorrido 183 min
2026-09-25 15:14:41,184 | INFO |   [fold 4/5] treino=1,322,584 teste=330,648 | trials=16
2026-09-25 15:14:41,287 | INFO | [tune] logreg | n_trials=16 | timeout=0.9 min
2026-09-25 15:14:41,327 | INFO | [group_sample] 41,330/165,323 partidas (25%) -> 330,640 linhas
2026-09-25 15:16:28,483 | INFO | [obj] trial 0: loss=0.34048 | 107.0s
2026-09-25 15:16:28,509 | INFO |     tuning logreg: 1 trials (0 podados), loss=0.34048 | 1.8 min | best={'C': 6.351221010640703}
2026-09-25 15:17:21,499 | INFO | [fit] logreg: 817/817 coef. não nulos | n_iter=14
2026-09-25 15:17:21,766 | INFO |   fold 4: AUC=0.9284 | 2.7 min | decorrido 186 min
2026-09-25 15:17:21,797 | INFO |   [fold 5/5] treino=1,322,592 teste=330,640 | trials=16
2026-09-25 15:17:21,900 | INFO | [tune] logreg | n_trials=16 | timeout=0.9 min
2026-09-25 15:17:21,940 | INFO | [group_sample] 41,331/165,324 partidas (25%) -> 330,648 linhas
2026-09-25 15:19:13,491 | INFO | [obj] trial 0: loss=0.34173 | 111.4s
2026-09-25 15:19:13,516 | INFO |     tuning logreg: 1 trials (0 podados), loss=0.34173 | 1.9 min | best={'C': 6.351221010640703}
2026-09-25 15:19:58,312 | INFO | [fit] logreg: 817/817 coef. não nulos | n_iter=12
2026-09-25 15:19:58,578 | INFO |   fold 5: AUC=0.9295 | 2.6 min | decorrido 188 min
2026-09-25 15:19:58,926 | INFO | [run_nested] logreg: 14.1 min | AUC OOF=0.9288
2026-09-25 15:20:51,395 | INFO | [fit] logreg: 817/817 coef. não nulos | n_iter=11
2026-09-25 15:20:51,399 | INFO | [main] salvo results\models\final_logreg_B.joblib (0.0 MB)
2026-09-25 15:20:51,425 | INFO | == rf | B | 817 feats | tuning 20.2 min | decorrido 189 min
2026-09-25 15:20:51,796 | INFO |   [fold 1/5] treino=1,322,584 teste=330,648 | trials=16
2026-09-25 15:20:51,900 | INFO | [tune] rf | n_trials=16 | timeout=8.1 min
2026-09-25 15:20:51,940 | INFO | [group_sample] 41,330/165,323 partidas (25%) -> 330,640 linhas
2026-09-25 15:20:51,986 | INFO | [dense] (330640, 817) -> denso float32 (1.1 GB)
2026-09-25 15:22:27,006 | INFO | [obj] trial 0: loss=0.35012 | 94.8s
2026-09-25 15:22:43,269 | INFO | [obj] trial 1: loss=0.42047 | 16.2s
2026-09-25 15:22:58,160 | INFO | [obj] trial 2: loss=0.43220 | 14.9s
2026-09-25 15:24:35,059 | INFO | [obj] trial 5: loss=0.35316 | 87.3s
2026-09-25 15:26:09,779 | INFO | [obj] trial 6: loss=0.35012 | 94.7s
2026-09-25 15:30:19,954 | INFO | [obj] trial 11: loss=0.34978 | 96.9s
2026-09-25 15:30:19,983 | INFO |     tuning rf: 12 trials (6 podados), loss=0.34978 | 9.5 min | best={'max_depth': 23, 'min_samples_leaf': 2, 'max_features': 0.3}
2026-09-25 15:30:20,163 | INFO | [dense] (1322584, 817) -> denso float32 (4.3 GB)
[Parallel(n_jobs=-1)]: Using backend ThreadingBackend with 16 concurrent workers.
[Parallel(n_jobs=-1)]: Done  18 tasks      | elapsed:    6.2s
[Parallel(n_jobs=-1)]: Done 168 tasks      | elapsed:   36.2s
[Parallel(n_jobs=-1)]: Done 200 out of 200 | elapsed:   41.8s finished
2026-09-25 15:31:06,052 | INFO |   fold 1: AUC=0.9271 | 10.2 min | decorrido 199 min
2026-09-25 15:31:06,086 | INFO |   [fold 2/5] treino=1,322,584 teste=330,648 | trials=16
2026-09-25 15:31:06,189 | INFO | [tune] rf | n_trials=16 | timeout=3.0 min
2026-09-25 15:31:06,230 | INFO | [group_sample] 41,330/165,323 partidas (25%) -> 330,640 linhas
2026-09-25 15:31:06,275 | INFO | [dense] (330640, 817) -> denso float32 (1.1 GB)
2026-09-25 15:32:43,438 | INFO | [obj] trial 0: loss=0.34853 | 96.9s
2026-09-25 15:32:59,797 | INFO | [obj] trial 1: loss=0.41950 | 16.3s
2026-09-25 15:33:14,743 | INFO | [obj] trial 2: loss=0.43174 | 14.9s
2026-09-25 15:34:51,695 | INFO | [obj] trial 5: loss=0.35222 | 87.3s
2026-09-25 15:34:51,722 | INFO |     tuning rf: 6 trials (2 podados), loss=0.34853 | 3.8 min | best={'max_depth': 23, 'min_samples_leaf': 2, 'max_features': 0.3}
2026-09-25 15:34:51,883 | INFO | [dense] (1322584, 817) -> denso float32 (4.3 GB)
[Parallel(n_jobs=-1)]: Using backend ThreadingBackend with 16 concurrent workers.
[Parallel(n_jobs=-1)]: Done  18 tasks      | elapsed:    6.1s
[Parallel(n_jobs=-1)]: Done 168 tasks      | elapsed:   36.0s
[Parallel(n_jobs=-1)]: Done 200 out of 200 | elapsed:   41.7s finished
2026-09-25 15:35:37,467 | INFO |   fold 2: AUC=0.9261 | 4.5 min | decorrido 204 min
2026-09-25 15:35:37,500 | INFO |   [fold 3/5] treino=1,322,584 teste=330,648 | trials=16
2026-09-25 15:35:37,604 | INFO | [tune] rf | n_trials=16 | timeout=3.0 min
2026-09-25 15:35:37,645 | INFO | [group_sample] 41,330/165,323 partidas (25%) -> 330,640 linhas
2026-09-25 15:35:37,690 | INFO | [dense] (330640, 817) -> denso float32 (1.1 GB)
2026-09-25 15:37:14,828 | INFO | [obj] trial 0: loss=0.34927 | 96.9s
2026-09-25 15:37:31,344 | INFO | [obj] trial 1: loss=0.42057 | 16.5s
2026-09-25 15:37:46,195 | INFO | [obj] trial 2: loss=0.43242 | 14.8s
2026-09-25 15:39:23,398 | INFO | [obj] trial 5: loss=0.35262 | 87.6s
2026-09-25 15:39:23,439 | INFO |     tuning rf: 6 trials (2 podados), loss=0.34927 | 3.8 min | best={'max_depth': 23, 'min_samples_leaf': 2, 'max_features': 0.3}
2026-09-25 15:39:23,600 | INFO | [dense] (1322584, 817) -> denso float32 (4.3 GB)
[Parallel(n_jobs=-1)]: Using backend ThreadingBackend with 16 concurrent workers.
[Parallel(n_jobs=-1)]: Done  18 tasks      | elapsed:    6.3s
[Parallel(n_jobs=-1)]: Done 168 tasks      | elapsed:   36.5s
[Parallel(n_jobs=-1)]: Done 200 out of 200 | elapsed:   42.2s finished
2026-09-25 15:40:09,620 | INFO |   fold 3: AUC=0.9258 | 4.5 min | decorrido 208 min
2026-09-25 15:40:09,653 | INFO |   [fold 4/5] treino=1,322,584 teste=330,648 | trials=16
2026-09-25 15:40:09,757 | INFO | [tune] rf | n_trials=16 | timeout=3.0 min
2026-09-25 15:40:09,797 | INFO | [group_sample] 41,330/165,323 partidas (25%) -> 330,640 linhas
2026-09-25 15:40:09,842 | INFO | [dense] (330640, 817) -> denso float32 (1.1 GB)
2026-09-25 15:41:46,852 | INFO | [obj] trial 0: loss=0.34958 | 96.8s
2026-09-25 15:42:03,132 | INFO | [obj] trial 1: loss=0.42059 | 16.2s
2026-09-25 15:42:17,951 | INFO | [obj] trial 2: loss=0.43271 | 14.8s
2026-09-25 15:43:54,267 | INFO | [obj] trial 5: loss=0.35317 | 86.7s
2026-09-25 15:43:54,294 | INFO |     tuning rf: 6 trials (2 podados), loss=0.34958 | 3.7 min | best={'max_depth': 23, 'min_samples_leaf': 2, 'max_features': 0.3}
2026-09-25 15:43:54,478 | INFO | [dense] (1322584, 817) -> denso float32 (4.3 GB)
[Parallel(n_jobs=-1)]: Using backend ThreadingBackend with 16 concurrent workers.
[Parallel(n_jobs=-1)]: Done  18 tasks      | elapsed:    6.2s
[Parallel(n_jobs=-1)]: Done 168 tasks      | elapsed:   36.4s
[Parallel(n_jobs=-1)]: Done 200 out of 200 | elapsed:   41.9s finished
2026-09-25 15:44:40,144 | INFO |   fold 4: AUC=0.9261 | 4.5 min | decorrido 213 min
2026-09-25 15:44:40,177 | INFO |   [fold 5/5] treino=1,322,592 teste=330,640 | trials=16
2026-09-25 15:44:40,281 | INFO | [tune] rf | n_trials=16 | timeout=3.0 min
2026-09-25 15:44:40,322 | INFO | [group_sample] 41,331/165,324 partidas (25%) -> 330,648 linhas
2026-09-25 15:44:40,367 | INFO | [dense] (330648, 817) -> denso float32 (1.1 GB)
2026-09-25 15:46:17,442 | INFO | [obj] trial 0: loss=0.35065 | 96.8s
2026-09-25 15:46:33,759 | INFO | [obj] trial 1: loss=0.42211 | 16.3s
2026-09-25 15:46:48,667 | INFO | [obj] trial 2: loss=0.43403 | 14.9s
2026-09-25 15:48:24,910 | INFO | [obj] trial 5: loss=0.35427 | 86.6s
2026-09-25 15:48:24,937 | INFO |     tuning rf: 6 trials (2 podados), loss=0.35065 | 3.7 min | best={'max_depth': 23, 'min_samples_leaf': 2, 'max_features': 0.3}
2026-09-25 15:48:25,112 | INFO | [dense] (1322592, 817) -> denso float32 (4.3 GB)
[Parallel(n_jobs=-1)]: Using backend ThreadingBackend with 16 concurrent workers.
[Parallel(n_jobs=-1)]: Done  18 tasks      | elapsed:    6.2s
[Parallel(n_jobs=-1)]: Done 168 tasks      | elapsed:   36.2s
[Parallel(n_jobs=-1)]: Done 200 out of 200 | elapsed:   41.9s finished
2026-09-25 15:49:10,739 | INFO |   fold 5: AUC=0.9271 | 4.5 min | decorrido 217 min
2026-09-25 15:49:11,088 | INFO | [run_nested] rf: 28.3 min | AUC OOF=0.9264
2026-09-25 15:49:11,088 | INFO | [dense] (1653232, 817) -> denso float32 (5.4 GB)
[Parallel(n_jobs=-1)]: Using backend ThreadingBackend with 16 concurrent workers.
[Parallel(n_jobs=-1)]: Done  18 tasks      | elapsed:    6.6s
[Parallel(n_jobs=-1)]: Done 168 tasks      | elapsed:   38.1s
[Parallel(n_jobs=-1)]: Done 200 out of 200 | elapsed:   44.1s finished
2026-09-25 15:49:57,475 | INFO | [main] salvo results\models\final_rf_B.joblib (18.8 MB)
2026-09-25 15:49:57,504 | INFO | == lgbm | B | 817 feats | tuning 31.7 min | decorrido 218 min
2026-09-25 15:49:57,874 | INFO |   [fold 1/5] treino=1,322,584 teste=330,648 | trials=16
2026-09-25 15:49:57,979 | INFO | [tune] lgbm | n_trials=16 | timeout=12.7 min
2026-09-25 15:49:58,019 | INFO | [group_sample] 41,330/165,323 partidas (25%) -> 330,640 linhas
2026-09-25 15:50:46,345 | INFO | [obj] trial 0: loss=0.30987 | 48.3s | árvores=1525
2026-09-25 15:51:08,900 | INFO | [obj] trial 1: loss=0.31110 | 22.5s | árvores=497
2026-09-25 15:51:57,092 | INFO | [obj] trial 2: loss=0.30987 | 48.2s | árvores=1525
2026-09-25 15:58:54,895 | INFO |     tuning lgbm: 16 trials (13 podados), loss=0.30987 | 8.9 min | best={'learning_rate': 0.033494758473134406, 'num_leaves': 95, 'min_child_samples': 101, 'subsample': 0.8832290311184181, 'colsample_bytree': 0.21646759543664196, 'reg_lambda': 7.579479953348009, 'n_estimators': 10000}
2026-09-25 16:06:43,728 | INFO | [fit] lgbm early stopping: 4234 árvores | ganho logloss últimas 1000: 0.00015
2026-09-25 16:07:08,956 | INFO |   fold 1: AUC=0.9423 | 17.2 min | decorrido 235 min
2026-09-25 16:07:09,003 | INFO |   [fold 2/5] treino=1,322,584 teste=330,648 | trials=16
2026-09-25 16:07:09,110 | INFO | [tune] lgbm | n_trials=16 | timeout=4.8 min
2026-09-25 16:07:09,150 | INFO | [group_sample] 41,330/165,323 partidas (25%) -> 330,640 linhas
2026-09-25 16:07:49,021 | INFO | [obj] trial 0: loss=0.31370 | 39.8s | árvores=1203
2026-09-25 16:08:10,960 | INFO | [obj] trial 1: loss=0.31461 | 21.9s | árvores=480
2026-09-25 16:08:50,829 | INFO | [obj] trial 2: loss=0.31370 | 39.8s | árvores=1203
2026-09-25 16:11:30,066 | INFO | [obj] trial 7: loss=0.31358 | 86.0s | árvores=3373
2026-09-25 16:13:29,606 | INFO |     tuning lgbm: 9 trials (5 podados), loss=0.31358 | 6.3 min | best={'learning_rate': 0.05557438240201885, 'num_leaves': 19, 'min_child_samples': 49, 'subsample': 0.9810365378226896, 'colsample_bytree': 0.3349352364157237, 'reg_lambda': 7.410708352019416, 'n_estimators': 10000}
2026-09-25 16:28:21,951 | INFO | [fit] lgbm early stopping: 8480 árvores | ganho logloss últimas 1000: 0.00014
2026-09-25 16:28:41,610 | INFO |   fold 2: AUC=0.9415 | 21.5 min | decorrido 257 min
2026-09-25 16:28:41,657 | INFO |   [fold 3/5] treino=1,322,584 teste=330,648 | trials=16
2026-09-25 16:28:41,763 | INFO | [tune] lgbm | n_trials=16 | timeout=4.8 min
2026-09-25 16:28:41,803 | INFO | [group_sample] 41,330/165,323 partidas (25%) -> 330,640 linhas
2026-09-25 16:29:50,956 | INFO | [obj] trial 0: loss=0.31561 | 69.1s | árvores=2752
2026-09-25 16:30:10,451 | INFO | [obj] trial 1: loss=0.31693 | 19.4s | árvores=405
2026-09-25 16:30:49,074 | INFO | [obj] trial 2: loss=0.31525 | 38.6s | árvores=1212
2026-09-25 16:32:11,343 | INFO | [obj] trial 5: loss=0.31557 | 35.3s | árvores=1238
2026-09-25 16:34:01,562 | INFO | [obj] trial 11: loss=0.31556 | 41.9s | árvores=1332
2026-09-25 16:34:01,601 | INFO |     tuning lgbm: 12 trials (7 podados), loss=0.31525 | 5.3 min | best={'learning_rate': 0.033494758473134406, 'num_leaves': 95, 'min_child_samples': 101, 'subsample': 0.8832290311184181, 'colsample_bytree': 0.21646759543664196, 'reg_lambda': 7.579479953348009, 'n_estimators': 10000}
2026-09-25 16:41:41,376 | INFO | [fit] lgbm early stopping: 4164 árvores | ganho logloss últimas 1000: 0.00015
2026-09-25 16:42:05,071 | INFO |   fold 3: AUC=0.9414 | 13.4 min | decorrido 270 min
2026-09-25 16:42:05,116 | INFO |   [fold 4/5] treino=1,322,584 teste=330,648 | trials=16
2026-09-25 16:42:05,235 | INFO | [tune] lgbm | n_trials=16 | timeout=4.8 min
2026-09-25 16:42:05,276 | INFO | [group_sample] 41,330/165,323 partidas (25%) -> 330,640 linhas
2026-09-25 16:42:45,619 | INFO | [obj] trial 0: loss=0.31464 | 40.3s | árvores=1214
2026-09-25 16:43:04,918 | INFO | [obj] trial 1: loss=0.31616 | 19.3s | árvores=390
2026-09-25 16:43:45,110 | INFO | [obj] trial 2: loss=0.31464 | 40.2s | árvores=1214
2026-09-25 16:47:20,011 | INFO |     tuning lgbm: 10 trials (7 podados), loss=0.31464 | 5.2 min | best={'learning_rate': 0.033494758473134406, 'num_leaves': 95, 'min_child_samples': 101, 'subsample': 0.8832290311184181, 'colsample_bytree': 0.21646759543664196, 'reg_lambda': 7.579479953348009, 'n_estimators': 10000}
2026-09-25 16:53:49,013 | INFO | [fit] lgbm early stopping: 3619 árvores | ganho logloss últimas 1000: 0.00030
2026-09-25 16:54:09,025 | INFO |   fold 4: AUC=0.9413 | 12.1 min | decorrido 282 min
2026-09-25 16:54:09,071 | INFO |   [fold 5/5] treino=1,322,592 teste=330,640 | trials=16
2026-09-25 16:54:09,175 | INFO | [tune] lgbm | n_trials=16 | timeout=4.8 min
2026-09-25 16:54:09,216 | INFO | [group_sample] 41,331/165,324 partidas (25%) -> 330,648 linhas
2026-09-25 16:54:50,842 | INFO | [obj] trial 0: loss=0.31527 | 41.6s | árvores=1271
2026-09-25 16:55:12,186 | INFO | [obj] trial 1: loss=0.31609 | 21.3s | árvores=463
2026-09-25 16:55:53,701 | INFO | [obj] trial 2: loss=0.31527 | 41.5s | árvores=1271
2026-09-25 16:59:03,490 | INFO |     tuning lgbm: 9 trials (6 podados), loss=0.31527 | 4.9 min | best={'learning_rate': 0.033494758473134406, 'num_leaves': 95, 'min_child_samples': 101, 'subsample': 0.8832290311184181, 'colsample_bytree': 0.21646759543664196, 'reg_lambda': 7.579479953348009, 'n_estimators': 10000}
2026-09-25 17:05:26,060 | INFO | [fit] lgbm early stopping: 3543 árvores | ganho logloss últimas 1000: 0.00030
2026-09-25 17:05:45,271 | INFO |   fold 5: AUC=0.9425 | 11.6 min | decorrido 294 min
2026-09-25 17:05:45,628 | INFO | [run_nested] lgbm: 75.8 min | AUC OOF=0.9418
2026-09-25 17:14:43,002 | INFO | [fit] lgbm early stopping: 3877 árvores | ganho logloss últimas 1000: 0.00022
2026-09-25 17:14:43,917 | INFO | [main] salvo results\models\final_lgbm_B.joblib (16.3 MB)
2026-09-25 17:15:18,587 | INFO | [bootstrap] 100/2000 | 35s
2026-09-25 17:15:52,090 | INFO | [bootstrap] 200/2000 | 68s
2026-09-25 17:16:25,499 | INFO | [bootstrap] 300/2000 | 102s
2026-09-25 17:16:58,946 | INFO | [bootstrap] 400/2000 | 135s
2026-09-25 17:17:32,389 | INFO | [bootstrap] 500/2000 | 168s
2026-09-25 17:18:05,863 | INFO | [bootstrap] 600/2000 | 202s
2026-09-25 17:18:39,287 | INFO | [bootstrap] 700/2000 | 235s
2026-09-25 17:19:12,683 | INFO | [bootstrap] 800/2000 | 269s
2026-09-25 17:19:46,087 | INFO | [bootstrap] 900/2000 | 302s
2026-09-25 17:20:19,486 | INFO | [bootstrap] 1000/2000 | 336s
2026-09-25 17:20:52,920 | INFO | [bootstrap] 1100/2000 | 369s
2026-09-25 17:21:26,391 | INFO | [bootstrap] 1200/2000 | 402s
2026-09-25 17:21:59,809 | INFO | [bootstrap] 1300/2000 | 436s
2026-09-25 17:22:33,261 | INFO | [bootstrap] 1400/2000 | 469s
2026-09-25 17:23:06,790 | INFO | [bootstrap] 1500/2000 | 503s
2026-09-25 17:23:40,168 | INFO | [bootstrap] 1600/2000 | 536s
2026-09-25 17:24:13,711 | INFO | [bootstrap] 1700/2000 | 570s
2026-09-25 17:24:47,219 | INFO | [bootstrap] 1800/2000 | 603s
2026-09-25 17:25:20,753 | INFO | [bootstrap] 1900/2000 | 637s
2026-09-25 17:25:54,216 | INFO | [bootstrap] 2000/2000 | 670s
2026-09-25 17:25:54,925 | INFO | [metrics] n=1,653,232 | auc=0.7408 logloss=0.5789 brier=0.1983 f1=0.7262 match_top4_acc=0.6871
2026-09-25 17:25:56,008 | INFO | [metrics] n=1,653,232 | auc=0.9218 logloss=0.3603 brier=0.1115 f1=0.8432 match_top4_acc=0.8688
2026-09-25 17:25:57,089 | INFO | [metrics] n=1,653,232 | auc=0.9237 logloss=0.3539 brier=0.1106 f1=0.8452 match_top4_acc=0.8700
2026-09-25 17:25:58,181 | INFO | [metrics] n=1,653,232 | auc=0.9410 logloss=0.3097 brier=0.0969 f1=0.8641 match_top4_acc=0.8939
2026-09-25 17:25:59,295 | INFO | [metrics] n=1,653,232 | auc=0.9288 logloss=0.3398 brier=0.1063 f1=0.8504 match_top4_acc=0.8777
2026-09-25 17:26:00,390 | INFO | [metrics] n=1,653,232 | auc=0.9264 logloss=0.3477 brier=0.1085 f1=0.8484 match_top4_acc=0.8736
2026-09-25 17:26:01,484 | INFO | [metrics] n=1,653,232 | auc=0.9418 logloss=0.3076 brier=0.0961 f1=0.8652 match_top4_acc=0.8950
2026-09-25 17:26:01,492 | INFO | 
         model    auc  logloss  brier     f1  match_top4_acc  auc_lo  auc_hi  logloss_lo  logloss_hi  brier_lo  brier_hi
        lgbm_B 0.9418   0.3076 0.0961 0.8652          0.8950  0.9415  0.9421      0.3069      0.3083    0.0959    0.0964
        lgbm_A 0.9410   0.3097 0.0969 0.8641          0.8939  0.9407  0.9412      0.3090      0.3105    0.0966    0.0971
      logreg_B 0.9288   0.3398 0.1063 0.8504          0.8777  0.9285  0.9292      0.3391      0.3406    0.1061    0.1066
          rf_B 0.9264   0.3477 0.1085 0.8484          0.8736  0.9261  0.9268      0.3470      0.3484    0.1082    0.1087
          rf_A 0.9237   0.3539 0.1106 0.8452          0.8700  0.9233  0.9240      0.3532      0.3546    0.1104    0.1109
      logreg_A 0.9218   0.3603 0.1115 0.8432          0.8688  0.9214  0.9221      0.3595      0.3613    0.1113    0.1118
baseline_level 0.7408   0.5789 0.1983 0.7262          0.6871  0.7400  0.7415      0.5782      0.5795    0.1980    0.1986
2026-09-25 17:26:04,290 | INFO | [delong] baseline_level vs logreg_A: z=-475.91 | p=0.00e+00
2026-09-25 17:26:04,307 | INFO | [delong] baseline_level vs rf_A: z=-493.74 | p=0.00e+00
2026-09-25 17:26:04,324 | INFO | [delong] baseline_level vs lgbm_A: z=-549.82 | p=0.00e+00
2026-09-25 17:26:04,341 | INFO | [delong] baseline_level vs logreg_B: z=-524.10 | p=0.00e+00
2026-09-25 17:26:04,358 | INFO | [delong] baseline_level vs rf_B: z=-517.71 | p=0.00e+00
2026-09-25 17:26:04,375 | INFO | [delong] baseline_level vs lgbm_B: z=-555.97 | p=0.00e+00
2026-09-25 17:26:04,392 | INFO | [delong] logreg_A vs rf_A: z=-15.55 | p=1.52e-54
2026-09-25 17:26:04,408 | INFO | [delong] logreg_A vs lgbm_A: z=-174.05 | p=0.00e+00
2026-09-25 17:26:04,425 | INFO | [delong] logreg_A vs logreg_B: z=-93.22 | p=0.00e+00
2026-09-25 17:26:04,442 | INFO | [delong] logreg_A vs rf_B: z=-37.59 | p=3.03e-309
2026-09-25 17:26:04,459 | INFO | [delong] logreg_A vs lgbm_B: z=-177.08 | p=0.00e+00
2026-09-25 17:26:04,475 | INFO | [delong] rf_A vs lgbm_A: z=-184.93 | p=0.00e+00
2026-09-25 17:26:04,492 | INFO | [delong] rf_A vs logreg_B: z=-46.15 | p=0.00e+00
2026-09-25 17:26:04,508 | INFO | [delong] rf_A vs rf_B: z=-66.42 | p=0.00e+00
2026-09-25 17:26:04,525 | INFO | [delong] rf_A vs lgbm_B: z=-188.48 | p=0.00e+00
2026-09-25 17:26:04,542 | INFO | [delong] lgbm_A vs logreg_B: z=133.44 | p=0.00e+00
2026-09-25 17:26:04,558 | INFO | [delong] lgbm_A vs rf_B: z=163.33 | p=0.00e+00
2026-09-25 17:26:04,575 | INFO | [delong] lgbm_A vs lgbm_B: z=-30.90 | p=1.12e-209
2026-09-25 17:26:04,592 | INFO | [delong] logreg_B vs rf_B: z=23.38 | p=6.41e-121
2026-09-25 17:26:04,608 | INFO | [delong] logreg_B vs lgbm_B: z=-147.64 | p=0.00e+00
2026-09-25 17:26:04,625 | INFO | [delong] rf_B vs lgbm_B: z=-174.73 | p=0.00e+00
2026-09-25 17:26:04,631 | INFO | [main] Holm aplicado: 42 comparações (42 significativas a 5%)
2026-09-25 17:26:04,828 | INFO | [main] temporal: teste=patch 16.5 (201,624) | treino=1,451,608
2026-09-25 17:26:55,475 | INFO | [fit] logreg: 811/811 coef. não nulos | n_iter=12
2026-09-25 17:26:55,691 | INFO | [metrics] n=201,624 | auc=0.9128 logloss=0.3904 brier=0.1210 f1=0.8385 match_top4_acc=0.8568
2026-09-25 17:26:55,721 | INFO | [dense] (1451608, 811) -> denso float32 (4.7 GB)
[Parallel(n_jobs=-1)]: Using backend ThreadingBackend with 16 concurrent workers.
[Parallel(n_jobs=-1)]: Done  18 tasks      | elapsed:    6.6s
[Parallel(n_jobs=-1)]: Done 168 tasks      | elapsed:   37.3s
[Parallel(n_jobs=-1)]: Done 200 out of 200 | elapsed:   43.5s finished
2026-09-25 17:27:42,361 | INFO | [metrics] n=201,624 | auc=0.9225 logloss=0.3595 brier=0.1119 f1=0.8472 match_top4_acc=0.8690
2026-09-25 17:35:36,626 | INFO | [fit] lgbm early stopping: 3919 árvores | ganho logloss últimas 1000: 0.00019
2026-09-25 17:35:50,295 | INFO | [metrics] n=201,624 | auc=0.9386 logloss=0.3204 brier=0.1002 f1=0.8635 match_top4_acc=0.8911
2026-09-25 17:36:44,435 | INFO | [fit] logreg: 811/812 coef. não nulos | n_iter=13
2026-09-25 17:36:44,654 | INFO | [metrics] n=201,624 | auc=0.9244 logloss=0.3591 brier=0.1127 f1=0.8490 match_top4_acc=0.8711
2026-09-25 17:36:44,683 | INFO | [dense] (1451608, 812) -> denso float32 (4.7 GB)
[Parallel(n_jobs=-1)]: Using backend ThreadingBackend with 16 concurrent workers.
[Parallel(n_jobs=-1)]: Done  18 tasks      | elapsed:    6.3s
[Parallel(n_jobs=-1)]: Done 168 tasks      | elapsed:   36.9s
[Parallel(n_jobs=-1)]: Done 200 out of 200 | elapsed:   42.5s finished
2026-09-25 17:37:30,196 | INFO | [metrics] n=201,624 | auc=0.9254 logloss=0.3538 brier=0.1098 f1=0.8507 match_top4_acc=0.8729
2026-09-25 17:45:53,821 | INFO | [fit] lgbm early stopping: 4227 árvores | ganho logloss últimas 1000: 0.00011
2026-09-25 17:46:09,009 | INFO | [metrics] n=201,624 | auc=0.9400 logloss=0.3160 brier=0.0987 f1=0.8657 match_top4_acc=0.8932
2026-09-25 17:46:09,779 | INFO | [main] saídas em D:\Estudos\TCC\tft_tcc_uspesalq_v2\results | Total: 334 min
------------------------------------------------------------------------------------------
[4/11] train_main: OK | duração 5:34:24 | log: logs\20260925_120527\04_train_main.log
==========================================================================================
[5/11] train_lvl8 | 2026-09-25 17:46:09
$ 03_train.py --min-level 8 --drop-agg n_units,board_value,n_items,n_components --out results_lvl8
------------------------------------------------------------------------------------------
2026-09-25 17:46:16,228 | INFO | [main] args: {'inp': 'data/processed', 'out': 'results_lvl8', 'models': 'logreg,rf,lgbm', 'trials': 20, 'outer': 3, 'inner': 3, 'tune_frac': 0.25, 'n_boot': 500, 'budget_min': 240, 'min_level': 8, 'drop_agg': 'n_units,board_value,n_items,n_components', 'drop_blocks': '', 'log_level': 'INFO'}
2026-09-25 17:46:16,229 | INFO | [load] lendo data\processed\features.parquet
2026-09-25 17:46:16,242 | INFO | [load] removidas 4 features (blocos=[], features=['board_value', 'n_components', 'n_items', 'n_units'])
2026-09-25 17:46:16,243 | INFO | [load] 808 features | 807 no cenário A
2026-09-25 17:46:16,818 | INFO | [load] meta: 1,653,232 linhas | 206,654 partidas | top4=0.500 | patches=['16.1', '16.2', '16.3', '16.4', '16.5']
2026-09-25 17:46:18,730 | INFO | [load] bloco 1/9: nnz=40,724,306 | 332 MB | 1.9s
2026-09-25 17:46:20,256 | INFO | [load] bloco 2/9: nnz=19,641,603 | 164 MB | 1.5s
2026-09-25 17:46:21,297 | INFO | [load] bloco 3/9: nnz=5,617,774 | 52 MB | 1.0s
2026-09-25 17:46:22,223 | INFO | [load] bloco 4/9: nnz=2,738,710 | 29 MB | 0.9s
2026-09-25 17:46:23,151 | INFO | [load] bloco 5/9: nnz=3,733,182 | 36 MB | 0.9s
2026-09-25 17:46:24,041 | INFO | [load] bloco 6/9: nnz=2,020,819 | 23 MB | 0.9s
2026-09-25 17:46:24,926 | INFO | [load] bloco 7/9: nnz=2,390,877 | 26 MB | 0.9s
2026-09-25 17:46:25,824 | INFO | [load] bloco 8/9: nnz=2,397,732 | 26 MB | 0.9s
2026-09-25 17:46:25,935 | INFO | [load] bloco 9/9: nnz=715,098 | 12 MB | 0.1s
2026-09-25 17:46:27,068 | INFO | [load] XA: (1653232, 812), densidade=0.0608, 660 MB | XB: (1653232, 813) | tempo 10.8s
2026-09-25 17:46:27,487 | INFO | [main] level >= 8: 1,551,450 linhas | 206,653 partidas | top4=0.526
2026-09-25 17:46:29,685 | INFO | [main] baseline AUC OOF=0.7177
2026-09-25 17:46:29,685 | INFO | == logreg | A | 812 feats | tuning 4.3 min | decorrido 0 min
2026-09-25 17:46:30,100 | INFO |   [fold 1/3] treino=1,034,300 teste=517,150 | trials=20
2026-09-25 17:46:30,181 | INFO | [tune] logreg | n_trials=20 | timeout=1.7 min
2026-09-25 17:46:30,214 | INFO | [group_sample] 34,442/137,769 partidas (25%) -> 258,566 linhas
2026-09-25 17:47:29,112 | INFO | [obj] trial 0: loss=0.38760 | 58.8s
2026-09-25 17:49:23,918 | INFO | [obj] trial 1: loss=0.37626 | 114.8s
2026-09-25 17:49:23,945 | INFO |     tuning logreg: 2 trials (0 podados), loss=0.37626 | 2.9 min | best={'C': 6.351221010640703}
2026-09-25 17:50:43,892 | INFO | [fit] logreg: 811/812 coef. não nulos | n_iter=28
2026-09-25 17:50:44,278 | INFO |   fold 1: AUC=0.9148 | 4.2 min | decorrido 4 min
2026-09-25 17:50:44,325 | INFO |   [fold 2/3] treino=1,034,300 teste=517,150 | trials=6
2026-09-25 17:50:44,403 | INFO | [tune] logreg | n_trials=6 | timeout=1.3 min
2026-09-25 17:50:44,437 | INFO | [group_sample] 34,442/137,769 partidas (25%) -> 258,514 linhas
2026-09-25 17:52:51,438 | INFO | [obj] trial 0: loss=0.37523 | 126.9s
2026-09-25 17:52:51,469 | INFO |     tuning logreg: 1 trials (0 podados), loss=0.37523 | 2.1 min | best={'C': 6.351221010640703}
2026-09-25 17:54:12,348 | INFO | [fit] logreg: 811/812 coef. não nulos | n_iter=28
2026-09-25 17:54:12,726 | INFO |   fold 2: AUC=0.9140 | 3.5 min | decorrido 8 min
2026-09-25 17:54:12,759 | INFO |   [fold 3/3] treino=1,034,300 teste=517,150 | trials=6
2026-09-25 17:54:12,838 | INFO | [tune] logreg | n_trials=6 | timeout=1.3 min
2026-09-25 17:54:12,872 | INFO | [group_sample] 34,442/137,768 partidas (25%) -> 258,342 linhas
2026-09-25 17:56:22,768 | INFO | [obj] trial 0: loss=0.37726 | 129.8s
2026-09-25 17:56:22,800 | INFO |     tuning logreg: 1 trials (0 podados), loss=0.37726 | 2.2 min | best={'C': 6.351221010640703}
2026-09-25 17:57:37,534 | INFO | [fit] logreg: 808/812 coef. não nulos | n_iter=26
2026-09-25 17:57:37,930 | INFO |   fold 3: AUC=0.9143 | 3.4 min | decorrido 11 min
2026-09-25 17:57:38,279 | INFO | [run_nested] logreg: 11.1 min | AUC OOF=0.9144
2026-09-25 17:59:16,122 | INFO | [fit] logreg: 812/812 coef. não nulos | n_iter=22
2026-09-25 17:59:16,132 | INFO | [main] salvo results_lvl8\models\final_logreg_A.joblib (0.0 MB)
2026-09-25 17:59:16,160 | INFO | == rf | A | 812 feats | tuning 15.1 min | decorrido 13 min
2026-09-25 17:59:16,551 | INFO |   [fold 1/3] treino=1,034,300 teste=517,150 | trials=20
2026-09-25 17:59:16,631 | INFO | [tune] rf | n_trials=20 | timeout=6.0 min
2026-09-25 17:59:16,668 | INFO | [group_sample] 34,442/137,769 partidas (25%) -> 258,569 linhas
2026-09-25 17:59:16,702 | INFO | [dense] (258569, 812) -> denso float32 (0.8 GB)
2026-09-25 17:59:33,312 | INFO | [obj] trial 0: loss=0.45393 | 16.4s
2026-09-25 17:59:47,988 | INFO | [obj] trial 1: loss=0.46985 | 14.6s
2026-09-25 18:00:00,964 | INFO | [obj] trial 2: loss=0.49576 | 12.9s
2026-09-25 18:00:16,447 | INFO | [obj] trial 3: loss=0.45990 | 15.4s
2026-09-25 18:02:40,941 | INFO | [obj] trial 4: loss=0.37263 | 144.5s
2026-09-25 18:04:58,212 | INFO | [obj] trial 5: loss=0.37437 | 137.2s
2026-09-25 18:06:22,655 | INFO | [obj] trial 6: loss=0.37242 | 84.4s
2026-09-25 18:06:22,699 | INFO |     tuning rf: 7 trials (0 podados), loss=0.37242 | 7.1 min | best={'max_depth': 21, 'min_samples_leaf': 2, 'max_features': 0.3}
2026-09-25 18:06:22,843 | INFO | [dense] (1034300, 812) -> denso float32 (3.4 GB)
[Parallel(n_jobs=-1)]: Using backend ThreadingBackend with 16 concurrent workers.
[Parallel(n_jobs=-1)]: Done  18 tasks      | elapsed:    5.5s
[Parallel(n_jobs=-1)]: Done 168 tasks      | elapsed:   31.6s
[Parallel(n_jobs=-1)]: Done 200 out of 200 | elapsed:   36.7s finished
2026-09-25 18:07:04,161 | INFO |   fold 1: AUC=0.9174 | 7.8 min | decorrido 21 min
2026-09-25 18:07:04,197 | INFO |   [fold 2/3] treino=1,034,300 teste=517,150 | trials=6
2026-09-25 18:07:04,285 | INFO | [tune] rf | n_trials=6 | timeout=4.5 min
2026-09-25 18:07:04,317 | INFO | [group_sample] 34,442/137,769 partidas (25%) -> 258,735 linhas
2026-09-25 18:07:04,350 | INFO | [dense] (258735, 812) -> denso float32 (0.8 GB)
2026-09-25 18:08:30,007 | INFO | [obj] trial 0: loss=0.37023 | 85.5s
2026-09-25 18:08:45,213 | INFO | [obj] trial 1: loss=0.45117 | 15.2s
2026-09-25 18:08:58,831 | INFO | [obj] trial 2: loss=0.46622 | 13.6s
2026-09-25 18:10:25,768 | INFO | [obj] trial 5: loss=0.37464 | 78.1s
2026-09-25 18:10:25,800 | INFO |     tuning rf: 6 trials (2 podados), loss=0.37023 | 3.4 min | best={'max_depth': 21, 'min_samples_leaf': 2, 'max_features': 0.3}
2026-09-25 18:10:25,930 | INFO | [dense] (1034300, 812) -> denso float32 (3.4 GB)
[Parallel(n_jobs=-1)]: Using backend ThreadingBackend with 16 concurrent workers.
[Parallel(n_jobs=-1)]: Done  18 tasks      | elapsed:    5.5s
[Parallel(n_jobs=-1)]: Done 168 tasks      | elapsed:   31.7s
[Parallel(n_jobs=-1)]: Done 200 out of 200 | elapsed:   36.9s finished
2026-09-25 18:11:07,310 | INFO |   fold 2: AUC=0.9164 | 4.1 min | decorrido 25 min
2026-09-25 18:11:07,346 | INFO |   [fold 3/3] treino=1,034,300 teste=517,150 | trials=6
2026-09-25 18:11:07,432 | INFO | [tune] rf | n_trials=6 | timeout=4.5 min
2026-09-25 18:11:07,465 | INFO | [group_sample] 34,442/137,768 partidas (25%) -> 258,602 linhas
2026-09-25 18:11:07,497 | INFO | [dense] (258602, 812) -> denso float32 (0.8 GB)
2026-09-25 18:12:32,093 | INFO | [obj] trial 0: loss=0.37207 | 84.4s
2026-09-25 18:12:47,319 | INFO | [obj] trial 1: loss=0.45271 | 15.2s
2026-09-25 18:13:00,909 | INFO | [obj] trial 2: loss=0.46849 | 13.6s
2026-09-25 18:14:27,477 | INFO | [obj] trial 5: loss=0.37674 | 77.8s
2026-09-25 18:14:27,505 | INFO |     tuning rf: 6 trials (2 podados), loss=0.37207 | 3.3 min | best={'max_depth': 21, 'min_samples_leaf': 2, 'max_features': 0.3}
2026-09-25 18:14:27,639 | INFO | [dense] (1034300, 812) -> denso float32 (3.4 GB)
[Parallel(n_jobs=-1)]: Using backend ThreadingBackend with 16 concurrent workers.
[Parallel(n_jobs=-1)]: Done  18 tasks      | elapsed:    5.4s
[Parallel(n_jobs=-1)]: Done 168 tasks      | elapsed:   31.5s
[Parallel(n_jobs=-1)]: Done 200 out of 200 | elapsed:   36.7s finished
2026-09-25 18:15:08,833 | INFO |   fold 3: AUC=0.9169 | 4.0 min | decorrido 29 min
2026-09-25 18:15:09,166 | INFO | [run_nested] rf: 15.9 min | AUC OOF=0.9169
2026-09-25 18:15:09,167 | INFO | [dense] (1551450, 812) -> denso float32 (5.0 GB)
[Parallel(n_jobs=-1)]: Using backend ThreadingBackend with 16 concurrent workers.
[Parallel(n_jobs=-1)]: Done  18 tasks      | elapsed:    6.0s
[Parallel(n_jobs=-1)]: Done 168 tasks      | elapsed:   34.9s
[Parallel(n_jobs=-1)]: Done 200 out of 200 | elapsed:   39.8s finished
2026-09-25 18:15:51,109 | INFO | [main] salvo results_lvl8\models\final_rf_A.joblib (19.5 MB)
2026-09-25 18:15:51,137 | INFO | == lgbm | A | 812 feats | tuning 23.8 min | decorrido 30 min
2026-09-25 18:15:51,520 | INFO |   [fold 1/3] treino=1,034,300 teste=517,150 | trials=20
2026-09-25 18:15:51,598 | INFO | [tune] lgbm | n_trials=20 | timeout=9.5 min
2026-09-25 18:15:51,630 | INFO | [group_sample] 34,442/137,769 partidas (25%) -> 258,612 linhas
2026-09-25 18:16:06,279 | INFO | [obj] trial 0: loss=0.32853 | 14.6s | árvores=466
2026-09-25 18:16:40,988 | INFO | [obj] trial 1: loss=0.32671 | 34.7s | árvores=1264
2026-09-25 18:16:54,128 | INFO | [obj] trial 2: loss=0.33061 | 13.1s | árvores=402
2026-09-25 18:17:22,395 | INFO | [obj] trial 3: loss=0.32770 | 28.2s | árvores=1074
2026-09-25 18:18:03,950 | INFO | [obj] trial 5: loss=0.32802 | 34.0s | árvores=1068
2026-09-25 18:18:38,377 | INFO | [obj] trial 8: loss=0.32793 | 8.8s | árvores=915
2026-09-25 18:19:20,533 | INFO | [obj] trial 9: loss=0.32598 | 42.1s | árvores=2030
2026-09-25 18:20:40,114 | INFO | [obj] trial 10: loss=0.32654 | 79.5s | árvores=4350
2026-09-25 18:21:25,384 | INFO | [obj] trial 11: loss=0.32615 | 45.2s | árvores=2324
2026-09-25 18:22:16,092 | INFO | [obj] trial 12: loss=0.32640 | 50.7s | árvores=2389
2026-09-25 18:23:26,579 | INFO | [obj] trial 14: loss=0.32626 | 44.2s | árvores=1957
2026-09-25 18:25:46,031 | INFO | [obj] trial 16: loss=0.32617 | 86.2s | árvores=4098
2026-09-25 18:25:46,091 | INFO |     tuning lgbm: 17 trials (5 podados), loss=0.32598 | 9.9 min | best={'learning_rate': 0.04464698683174732, 'num_leaves': 24, 'min_child_samples': 107, 'subsample': 0.8143607587870447, 'colsample_bytree': 0.2542562142100967, 'reg_lambda': 0.6324024717435501, 'n_estimators': 10000}
2026-09-25 18:33:55,698 | INFO | [fit] lgbm early stopping: 6429 árvores | ganho logloss últimas 1000: 0.00017
2026-09-25 18:34:27,951 | INFO |   fold 1: AUC=0.9376 | 18.6 min | decorrido 48 min
2026-09-25 18:34:27,994 | INFO |   [fold 2/3] treino=1,034,300 teste=517,150 | trials=6
2026-09-25 18:34:28,080 | INFO | [tune] lgbm | n_trials=6 | timeout=7.1 min
2026-09-25 18:34:28,121 | INFO | [group_sample] 34,442/137,769 partidas (25%) -> 258,697 linhas
2026-09-25 18:35:14,720 | INFO | [obj] trial 0: loss=0.32496 | 46.5s | árvores=2280
2026-09-25 18:35:33,290 | INFO | [obj] trial 1: loss=0.32747 | 18.5s | árvores=475
2026-09-25 18:36:14,851 | INFO | [obj] trial 2: loss=0.32506 | 41.5s | árvores=1584
2026-09-25 18:37:15,319 | INFO |     tuning lgbm: 6 trials (3 podados), loss=0.32496 | 2.8 min | best={'learning_rate': 0.04464698683174732, 'num_leaves': 24, 'min_child_samples': 107, 'subsample': 0.8143607587870447, 'colsample_bytree': 0.2542562142100967, 'reg_lambda': 0.6324024717435501, 'n_estimators': 10000}
2026-09-25 18:42:58,063 | INFO | [fit] lgbm early stopping: 4315 árvores | ganho logloss últimas 1000: 0.00050
2026-09-25 18:43:17,902 | INFO |   fold 2: AUC=0.9365 | 8.8 min | decorrido 57 min
2026-09-25 18:43:17,941 | INFO |   [fold 3/3] treino=1,034,300 teste=517,150 | trials=6
2026-09-25 18:43:18,020 | INFO | [tune] lgbm | n_trials=6 | timeout=7.1 min
2026-09-25 18:43:18,053 | INFO | [group_sample] 34,442/137,768 partidas (25%) -> 258,579 linhas
2026-09-25 18:44:05,524 | INFO | [obj] trial 0: loss=0.32502 | 47.4s | árvores=2393
2026-09-25 18:44:22,649 | INFO | [obj] trial 1: loss=0.32702 | 17.1s | árvores=453
2026-09-25 18:44:58,639 | INFO | [obj] trial 2: loss=0.32541 | 36.0s | árvores=1388
2026-09-25 18:45:52,244 | INFO |     tuning lgbm: 6 trials (3 podados), loss=0.32502 | 2.6 min | best={'learning_rate': 0.04464698683174732, 'num_leaves': 24, 'min_child_samples': 107, 'subsample': 0.8143607587870447, 'colsample_bytree': 0.2542562142100967, 'reg_lambda': 0.6324024717435501, 'n_estimators': 10000}
2026-09-25 18:53:41,477 | INFO | [fit] lgbm early stopping: 6045 árvores | ganho logloss últimas 1000: 0.00023
2026-09-25 18:54:08,280 | INFO |   fold 3: AUC=0.9370 | 10.8 min | decorrido 68 min
2026-09-25 18:54:08,626 | INFO | [run_nested] lgbm: 38.3 min | AUC OOF=0.9370
2026-09-25 19:08:51,380 | INFO | [fit] lgbm early stopping: 7694 árvores | ganho logloss últimas 1000: 0.00015
2026-09-25 19:08:51,975 | INFO | [main] salvo results_lvl8\models\final_lgbm_A.joblib (8.2 MB)
2026-09-25 19:08:52,010 | INFO | == logreg | B | 813 feats | tuning 2.9 min | decorrido 83 min
2026-09-25 19:08:52,393 | INFO |   [fold 1/3] treino=1,034,300 teste=517,150 | trials=6
2026-09-25 19:08:52,474 | INFO | [tune] logreg | n_trials=6 | timeout=1.2 min
2026-09-25 19:08:52,508 | INFO | [group_sample] 34,442/137,769 partidas (25%) -> 258,637 linhas
2026-09-25 19:10:23,808 | INFO | [obj] trial 0: loss=0.35175 | 91.2s
2026-09-25 19:10:23,833 | INFO |     tuning logreg: 1 trials (0 podados), loss=0.35175 | 1.5 min | best={'C': 6.351221010640703}
2026-09-25 19:11:09,019 | INFO | [fit] logreg: 813/813 coef. não nulos | n_iter=15
2026-09-25 19:11:09,425 | INFO |   fold 1: AUC=0.9245 | 2.3 min | decorrido 85 min
2026-09-25 19:11:09,457 | INFO |   [fold 2/3] treino=1,034,300 teste=517,150 | trials=6
2026-09-25 19:11:09,537 | INFO | [tune] logreg | n_trials=6 | timeout=0.9 min
2026-09-25 19:11:09,570 | INFO | [group_sample] 34,442/137,769 partidas (25%) -> 258,367 linhas
2026-09-25 19:12:37,792 | INFO | [obj] trial 0: loss=0.35146 | 88.1s
2026-09-25 19:12:37,817 | INFO |     tuning logreg: 1 trials (0 podados), loss=0.35146 | 1.5 min | best={'C': 6.351221010640703}
2026-09-25 19:13:26,415 | INFO | [fit] logreg: 813/813 coef. não nulos | n_iter=16
2026-09-25 19:13:26,816 | INFO |   fold 2: AUC=0.9239 | 2.3 min | decorrido 87 min
2026-09-25 19:13:26,849 | INFO |   [fold 3/3] treino=1,034,300 teste=517,150 | trials=6
2026-09-25 19:13:26,928 | INFO | [tune] logreg | n_trials=6 | timeout=0.9 min
2026-09-25 19:13:26,961 | INFO | [group_sample] 34,442/137,768 partidas (25%) -> 258,603 linhas
2026-09-25 19:14:54,214 | INFO | [obj] trial 0: loss=0.35197 | 87.2s
2026-09-25 19:14:54,239 | INFO |     tuning logreg: 1 trials (0 podados), loss=0.35197 | 1.5 min | best={'C': 6.351221010640703}
2026-09-25 19:15:36,013 | INFO | [fit] logreg: 813/813 coef. não nulos | n_iter=14
2026-09-25 19:15:36,418 | INFO |   fold 3: AUC=0.9243 | 2.2 min | decorrido 89 min
2026-09-25 19:15:36,748 | INFO | [run_nested] logreg: 6.7 min | AUC OOF=0.9242
2026-09-25 19:16:25,399 | INFO | [fit] logreg: 813/813 coef. não nulos | n_iter=11
2026-09-25 19:16:25,402 | INFO | [main] salvo results_lvl8\models\final_logreg_B.joblib (0.0 MB)
2026-09-25 19:16:25,428 | INFO | == rf | B | 813 feats | tuning 10.1 min | decorrido 90 min
2026-09-25 19:16:25,813 | INFO |   [fold 1/3] treino=1,034,300 teste=517,150 | trials=6
2026-09-25 19:16:25,893 | INFO | [tune] rf | n_trials=6 | timeout=4.0 min
2026-09-25 19:16:25,926 | INFO | [group_sample] 34,442/137,769 partidas (25%) -> 258,545 linhas
2026-09-25 19:16:25,960 | INFO | [dense] (258545, 813) -> denso float32 (0.8 GB)
2026-09-25 19:17:50,548 | INFO | [obj] trial 0: loss=0.36439 | 84.4s
2026-09-25 19:18:05,755 | INFO | [obj] trial 1: loss=0.44612 | 15.2s
2026-09-25 19:18:19,367 | INFO | [obj] trial 2: loss=0.46179 | 13.6s
2026-09-25 19:19:46,213 | INFO | [obj] trial 5: loss=0.36803 | 78.1s
2026-09-25 19:19:46,240 | INFO |     tuning rf: 6 trials (2 podados), loss=0.36439 | 3.3 min | best={'max_depth': 21, 'min_samples_leaf': 2, 'max_features': 0.3}
2026-09-25 19:19:46,384 | INFO | [dense] (1034300, 813) -> denso float32 (3.4 GB)
[Parallel(n_jobs=-1)]: Using backend ThreadingBackend with 16 concurrent workers.
[Parallel(n_jobs=-1)]: Done  18 tasks      | elapsed:    5.4s
[Parallel(n_jobs=-1)]: Done 168 tasks      | elapsed:   31.8s
[Parallel(n_jobs=-1)]: Done 200 out of 200 | elapsed:   36.9s finished
2026-09-25 19:20:28,050 | INFO |   fold 1: AUC=0.9210 | 4.0 min | decorrido 94 min
2026-09-25 19:20:28,098 | INFO |   [fold 2/3] treino=1,034,300 teste=517,150 | trials=6
2026-09-25 19:20:28,178 | INFO | [tune] rf | n_trials=6 | timeout=3.0 min
2026-09-25 19:20:28,212 | INFO | [group_sample] 34,442/137,769 partidas (25%) -> 258,693 linhas
2026-09-25 19:20:28,246 | INFO | [dense] (258693, 813) -> denso float32 (0.8 GB)
2026-09-25 19:21:53,225 | INFO | [obj] trial 0: loss=0.36313 | 84.8s
2026-09-25 19:22:08,413 | INFO | [obj] trial 1: loss=0.44535 | 15.2s
2026-09-25 19:22:22,125 | INFO | [obj] trial 2: loss=0.46074 | 13.7s
2026-09-25 19:23:49,182 | INFO | [obj] trial 5: loss=0.36696 | 78.2s
2026-09-25 19:23:49,209 | INFO |     tuning rf: 6 trials (2 podados), loss=0.36313 | 3.4 min | best={'max_depth': 21, 'min_samples_leaf': 2, 'max_features': 0.3}
2026-09-25 19:23:49,351 | INFO | [dense] (1034300, 813) -> denso float32 (3.4 GB)
[Parallel(n_jobs=-1)]: Using backend ThreadingBackend with 16 concurrent workers.
[Parallel(n_jobs=-1)]: Done  18 tasks      | elapsed:    5.5s
[Parallel(n_jobs=-1)]: Done 168 tasks      | elapsed:   31.8s
[Parallel(n_jobs=-1)]: Done 200 out of 200 | elapsed:   36.8s finished
2026-09-25 19:24:30,775 | INFO |   fold 2: AUC=0.9202 | 4.0 min | decorrido 98 min
2026-09-25 19:24:30,810 | INFO |   [fold 3/3] treino=1,034,300 teste=517,150 | trials=6
2026-09-25 19:24:30,889 | INFO | [tune] rf | n_trials=6 | timeout=3.0 min
2026-09-25 19:24:30,923 | INFO | [group_sample] 34,442/137,768 partidas (25%) -> 258,629 linhas
2026-09-25 19:24:30,957 | INFO | [dense] (258629, 813) -> denso float32 (0.8 GB)
2026-09-25 19:25:55,563 | INFO | [obj] trial 0: loss=0.36360 | 84.4s
2026-09-25 19:26:10,965 | INFO | [obj] trial 1: loss=0.44555 | 15.4s
2026-09-25 19:26:24,660 | INFO | [obj] trial 2: loss=0.46000 | 13.7s
2026-09-25 19:27:51,447 | INFO | [obj] trial 5: loss=0.36739 | 78.0s
2026-09-25 19:27:51,475 | INFO |     tuning rf: 6 trials (2 podados), loss=0.36360 | 3.3 min | best={'max_depth': 21, 'min_samples_leaf': 2, 'max_features': 0.3}
2026-09-25 19:27:51,618 | INFO | [dense] (1034300, 813) -> denso float32 (3.4 GB)
[Parallel(n_jobs=-1)]: Using backend ThreadingBackend with 16 concurrent workers.
[Parallel(n_jobs=-1)]: Done  18 tasks      | elapsed:    5.4s
[Parallel(n_jobs=-1)]: Done 168 tasks      | elapsed:   31.9s
[Parallel(n_jobs=-1)]: Done 200 out of 200 | elapsed:   36.7s finished
2026-09-25 19:28:32,984 | INFO |   fold 3: AUC=0.9209 | 4.0 min | decorrido 102 min
2026-09-25 19:28:33,311 | INFO | [run_nested] rf: 12.1 min | AUC OOF=0.9207
2026-09-25 19:28:33,312 | INFO | [dense] (1551450, 813) -> denso float32 (5.0 GB)
[Parallel(n_jobs=-1)]: Using backend ThreadingBackend with 16 concurrent workers.
[Parallel(n_jobs=-1)]: Done  18 tasks      | elapsed:    6.0s
[Parallel(n_jobs=-1)]: Done 168 tasks      | elapsed:   35.0s
[Parallel(n_jobs=-1)]: Done 200 out of 200 | elapsed:   40.3s finished
2026-09-25 19:29:15,872 | INFO | [main] salvo results_lvl8\models\final_rf_B.joblib (19.0 MB)
2026-09-25 19:29:15,899 | INFO | == lgbm | B | 813 feats | tuning 15.8 min | decorrido 103 min
2026-09-25 19:29:16,282 | INFO |   [fold 1/3] treino=1,034,300 teste=517,150 | trials=6
2026-09-25 19:29:16,364 | INFO | [tune] lgbm | n_trials=6 | timeout=6.3 min
2026-09-25 19:29:16,398 | INFO | [group_sample] 34,442/137,769 partidas (25%) -> 258,496 linhas
2026-09-25 19:29:57,074 | INFO | [obj] trial 0: loss=0.32187 | 40.6s | árvores=2006
2026-09-25 19:30:13,059 | INFO | [obj] trial 1: loss=0.32370 | 15.9s | árvores=411
2026-09-25 19:30:44,172 | INFO | [obj] trial 2: loss=0.32230 | 31.1s | árvores=1170
2026-09-25 19:31:29,875 | INFO |     tuning lgbm: 6 trials (3 podados), loss=0.32187 | 2.2 min | best={'learning_rate': 0.04464698683174732, 'num_leaves': 24, 'min_child_samples': 107, 'subsample': 0.8143607587870447, 'colsample_bytree': 0.2542562142100967, 'reg_lambda': 0.6324024717435501, 'n_estimators': 10000}
2026-09-25 19:39:20,720 | INFO | [fit] lgbm early stopping: 6048 árvores | ganho logloss últimas 1000: 0.00018
2026-09-25 19:39:46,312 | INFO |   fold 1: AUC=0.9383 | 10.5 min | decorrido 114 min
2026-09-25 19:39:46,351 | INFO |   [fold 2/3] treino=1,034,300 teste=517,150 | trials=6
2026-09-25 19:39:46,432 | INFO | [tune] lgbm | n_trials=6 | timeout=4.8 min
2026-09-25 19:39:46,465 | INFO | [group_sample] 34,442/137,769 partidas (25%) -> 258,394 linhas
2026-09-25 19:40:19,014 | INFO | [obj] trial 0: loss=0.32102 | 32.5s | árvores=1545
2026-09-25 19:40:35,065 | INFO | [obj] trial 1: loss=0.32222 | 16.0s | árvores=408
2026-09-25 19:41:04,702 | INFO | [obj] trial 2: loss=0.32141 | 29.6s | árvores=1096
2026-09-25 19:41:46,789 | INFO |     tuning lgbm: 6 trials (3 podados), loss=0.32102 | 2.0 min | best={'learning_rate': 0.04464698683174732, 'num_leaves': 24, 'min_child_samples': 107, 'subsample': 0.8143607587870447, 'colsample_bytree': 0.2542562142100967, 'reg_lambda': 0.6324024717435501, 'n_estimators': 10000}
2026-09-25 19:49:31,063 | INFO | [fit] lgbm early stopping: 5989 árvores | ganho logloss últimas 1000: 0.00013
2026-09-25 19:49:57,843 | INFO |   fold 2: AUC=0.9375 | 10.2 min | decorrido 124 min
2026-09-25 19:49:57,883 | INFO |   [fold 3/3] treino=1,034,300 teste=517,150 | trials=6
2026-09-25 19:49:57,964 | INFO | [tune] lgbm | n_trials=6 | timeout=4.8 min
2026-09-25 19:49:58,002 | INFO | [group_sample] 34,442/137,768 partidas (25%) -> 258,477 linhas
2026-09-25 19:50:40,837 | INFO | [obj] trial 0: loss=0.32425 | 42.8s | árvores=2114
2026-09-25 19:50:57,193 | INFO | [obj] trial 1: loss=0.32613 | 16.3s | árvores=403
2026-09-25 19:51:26,719 | INFO | [obj] trial 2: loss=0.32447 | 29.5s | árvores=1059
2026-09-25 19:52:18,230 | INFO |     tuning lgbm: 6 trials (3 podados), loss=0.32425 | 2.3 min | best={'learning_rate': 0.04464698683174732, 'num_leaves': 24, 'min_child_samples': 107, 'subsample': 0.8143607587870447, 'colsample_bytree': 0.2542562142100967, 'reg_lambda': 0.6324024717435501, 'n_estimators': 10000}
2026-09-25 19:59:02,476 | INFO | [fit] lgbm early stopping: 5133 árvores | ganho logloss últimas 1000: 0.00038
2026-09-25 19:59:27,359 | INFO |   fold 3: AUC=0.9379 | 9.5 min | decorrido 133 min
2026-09-25 19:59:27,744 | INFO | [run_nested] lgbm: 30.2 min | AUC OOF=0.9379
2026-09-25 20:11:46,761 | INFO | [fit] lgbm early stopping: 6473 árvores | ganho logloss últimas 1000: 0.00019
2026-09-25 20:11:47,283 | INFO | [main] salvo results_lvl8\models\final_lgbm_B.joblib (6.9 MB)
2026-09-25 20:12:24,880 | INFO | [bootstrap] 100/500 | 38s
2026-09-25 20:13:01,626 | INFO | [bootstrap] 200/500 | 74s
2026-09-25 20:13:37,749 | INFO | [bootstrap] 300/500 | 110s
2026-09-25 20:14:13,994 | INFO | [bootstrap] 400/500 | 147s
2026-09-25 20:14:50,483 | INFO | [bootstrap] 500/500 | 183s
2026-09-25 20:14:51,059 | INFO | [metrics] n=1,551,450 | auc=0.7177 logloss=0.5966 brier=0.2057 f1=0.7301 match_top4_acc=nan
2026-09-25 20:14:51,794 | INFO | [metrics] n=1,551,450 | auc=0.9144 logloss=0.3738 brier=0.1170 f1=0.8437 match_top4_acc=nan
2026-09-25 20:14:52,512 | INFO | [metrics] n=1,551,450 | auc=0.9169 logloss=0.3691 brier=0.1156 f1=0.8476 match_top4_acc=nan
2026-09-25 20:14:53,234 | INFO | [metrics] n=1,551,450 | auc=0.9370 logloss=0.3192 brier=0.1000 f1=0.8673 match_top4_acc=nan
2026-09-25 20:14:53,961 | INFO | [metrics] n=1,551,450 | auc=0.9242 logloss=0.3499 brier=0.1098 f1=0.8535 match_top4_acc=nan
2026-09-25 20:14:54,674 | INFO | [metrics] n=1,551,450 | auc=0.9207 logloss=0.3609 brier=0.1127 f1=0.8515 match_top4_acc=nan
2026-09-25 20:14:55,397 | INFO | [metrics] n=1,551,450 | auc=0.9379 logloss=0.3171 brier=0.0993 f1=0.8680 match_top4_acc=nan
2026-09-25 20:14:55,405 | INFO | 
         model    auc  logloss  brier     f1  match_top4_acc  auc_lo  auc_hi  logloss_lo  logloss_hi  brier_lo  brier_hi
        lgbm_B 0.9379   0.3171 0.0993 0.8680             NaN  0.9376  0.9382      0.3164      0.3180    0.0990    0.0995
        lgbm_A 0.9370   0.3192 0.1000 0.8673             NaN  0.9367  0.9374      0.3185      0.3201    0.0997    0.1002
      logreg_B 0.9242   0.3499 0.1098 0.8535             NaN  0.9238  0.9246      0.3492      0.3508    0.1096    0.1101
          rf_B 0.9207   0.3609 0.1127 0.8515             NaN  0.9203  0.9211      0.3601      0.3616    0.1125    0.1130
          rf_A 0.9169   0.3691 0.1156 0.8476             NaN  0.9165  0.9173      0.3684      0.3698    0.1153    0.1159
      logreg_A 0.9144   0.3738 0.1170 0.8437             NaN  0.9140  0.9148      0.3728      0.3747    0.1168    0.1173
baseline_level 0.7177   0.5966 0.2057 0.7301             NaN  0.7169  0.7185      0.5960      0.5972    0.2054    0.2059
2026-09-25 20:14:58,220 | INFO | [delong] baseline_level vs logreg_A: z=-471.45 | p=0.00e+00
2026-09-25 20:14:58,237 | INFO | [delong] baseline_level vs rf_A: z=-488.97 | p=0.00e+00
2026-09-25 20:14:58,254 | INFO | [delong] baseline_level vs lgbm_A: z=-557.88 | p=0.00e+00
2026-09-25 20:14:58,270 | INFO | [delong] baseline_level vs logreg_B: z=-532.06 | p=0.00e+00
2026-09-25 20:14:58,287 | INFO | [delong] baseline_level vs rf_B: z=-525.57 | p=0.00e+00
2026-09-25 20:14:58,303 | INFO | [delong] baseline_level vs lgbm_B: z=-565.70 | p=0.00e+00
2026-09-25 20:14:58,319 | INFO | [delong] logreg_A vs rf_A: z=-18.55 | p=8.13e-77
2026-09-25 20:14:58,337 | INFO | [delong] logreg_A vs lgbm_A: z=-186.92 | p=0.00e+00
2026-09-25 20:14:58,355 | INFO | [delong] logreg_A vs logreg_B: z=-115.55 | p=0.00e+00
2026-09-25 20:14:58,373 | INFO | [delong] logreg_A vs rf_B: z=-45.22 | p=0.00e+00
2026-09-25 20:14:58,389 | INFO | [delong] logreg_A vs lgbm_B: z=-189.38 | p=0.00e+00
2026-09-25 20:14:58,406 | INFO | [delong] rf_A vs lgbm_A: z=-191.74 | p=0.00e+00
2026-09-25 20:14:58,423 | INFO | [delong] rf_A vs logreg_B: z=-58.87 | p=0.00e+00
2026-09-25 20:14:58,439 | INFO | [delong] rf_A vs rf_B: z=-66.26 | p=0.00e+00
2026-09-25 20:14:58,455 | INFO | [delong] rf_A vs lgbm_B: z=-193.97 | p=0.00e+00
2026-09-25 20:14:58,472 | INFO | [delong] lgbm_A vs logreg_B: z=132.78 | p=0.00e+00
2026-09-25 20:14:58,489 | INFO | [delong] lgbm_A vs rf_B: z=164.93 | p=0.00e+00
2026-09-25 20:14:58,505 | INFO | [delong] lgbm_A vs lgbm_B: z=-27.98 | p=2.75e-172
2026-09-25 20:14:58,521 | INFO | [delong] logreg_B vs rf_B: z=31.81 | p=4.37e-222
2026-09-25 20:14:58,538 | INFO | [delong] logreg_B vs lgbm_B: z=-148.83 | p=0.00e+00
2026-09-25 20:14:58,554 | INFO | [delong] rf_B vs lgbm_B: z=-178.12 | p=0.00e+00
2026-09-25 20:14:58,560 | INFO | [main] Holm aplicado: 42 comparações (42 significativas a 5%)
2026-09-25 20:14:58,815 | INFO | [main] temporal: teste=patch 16.5 (186,414) | treino=1,365,036
2026-09-25 20:15:41,462 | INFO | [fit] logreg: 807/807 coef. não nulos | n_iter=10
2026-09-25 20:15:41,644 | INFO | [metrics] n=186,414 | auc=0.9102 logloss=0.3912 brier=0.1229 f1=0.8445 match_top4_acc=nan
2026-09-25 20:15:41,677 | INFO | [dense] (1365036, 807) -> denso float32 (4.4 GB)
[Parallel(n_jobs=-1)]: Using backend ThreadingBackend with 16 concurrent workers.
[Parallel(n_jobs=-1)]: Done  18 tasks      | elapsed:    6.4s
[Parallel(n_jobs=-1)]: Done 168 tasks      | elapsed:   40.9s
[Parallel(n_jobs=-1)]: Done 200 out of 200 | elapsed:   46.7s finished
2026-09-25 20:16:31,679 | INFO | [metrics] n=186,414 | auc=0.9177 logloss=0.3699 brier=0.1151 f1=0.8511 match_top4_acc=nan
2026-09-25 20:28:03,734 | INFO | [fit] lgbm early stopping: 6856 árvores | ganho logloss últimas 1000: 0.00023
2026-09-25 20:28:17,031 | INFO | [metrics] n=186,414 | auc=0.9355 logloss=0.3291 brier=0.1031 f1=0.8681 match_top4_acc=nan
2026-09-25 20:29:11,296 | INFO | [fit] logreg: 808/808 coef. não nulos | n_iter=13
2026-09-25 20:29:11,493 | INFO | [metrics] n=186,414 | auc=0.9224 logloss=0.3627 brier=0.1141 f1=0.8555 match_top4_acc=nan
2026-09-25 20:29:11,534 | INFO | [dense] (1365036, 808) -> denso float32 (4.4 GB)
[Parallel(n_jobs=-1)]: Using backend ThreadingBackend with 16 concurrent workers.
[Parallel(n_jobs=-1)]: Done  18 tasks      | elapsed:    6.8s
[Parallel(n_jobs=-1)]: Done 168 tasks      | elapsed:   39.8s
[Parallel(n_jobs=-1)]: Done 200 out of 200 | elapsed:   46.1s finished
2026-09-25 20:30:00,945 | INFO | [metrics] n=186,414 | auc=0.9219 logloss=0.3616 brier=0.1121 f1=0.8562 match_top4_acc=nan
2026-09-25 20:42:33,425 | INFO | [fit] lgbm early stopping: 7614 árvores | ganho logloss últimas 1000: 0.00021
2026-09-25 20:42:48,634 | INFO | [metrics] n=186,414 | auc=0.9370 logloss=0.3245 brier=0.1015 f1=0.8700 match_top4_acc=nan
2026-09-25 20:42:49,487 | INFO | [main] saídas em D:\Estudos\TCC\tft_tcc_uspesalq_v2\results_lvl8 | Total: 177 min
------------------------------------------------------------------------------------------
[5/11] train_lvl8: OK | duração 2:56:39 | log: logs\20260925_120527\05_train_lvl8.log
==========================================================================================
[6/11] train_no_units | 2026-09-25 20:42:49
$ 03_train.py --drop-blocks unit,unit_item --out results_no_units
------------------------------------------------------------------------------------------
2026-09-25 20:42:51,561 | INFO | [main] args: {'inp': 'data/processed', 'out': 'results_no_units', 'models': 'logreg,rf,lgbm', 'trials': 20, 'outer': 3, 'inner': 3, 'tune_frac': 0.25, 'n_boot': 500, 'budget_min': 240, 'min_level': 0, 'drop_agg': '', 'drop_blocks': 'unit,unit_item', 'log_level': 'INFO'}
2026-09-25 20:42:51,566 | INFO | [load] lendo data\processed\features.parquet
2026-09-25 20:42:51,574 | INFO | [load] removidas 625 features (blocos=['unit', 'unit_item'], features=[])
2026-09-25 20:42:51,576 | INFO | [load] 187 features | 186 no cenário A
2026-09-25 20:42:51,985 | INFO | [load] meta: 1,653,232 linhas | 206,654 partidas | top4=0.500 | patches=['16.1', '16.2', '16.3', '16.4', '16.5']
2026-09-25 20:42:54,378 | INFO | [load] bloco 1/2: nnz=50,805,792 | 413 MB | 2.4s
2026-09-25 20:42:55,460 | INFO | [load] bloco 2/2: nnz=6,911,745 | 62 MB | 1.1s
2026-09-25 20:42:56,384 | INFO | [load] XA: (1653232, 191), densidade=0.1880, 482 MB | XB: (1653232, 192) | tempo 4.8s
2026-09-25 20:42:58,739 | INFO | [main] baseline AUC OOF=0.7408
2026-09-25 20:42:58,739 | INFO | == logreg | A | 191 feats | tuning 4.3 min | decorrido 0 min
2026-09-25 20:42:59,178 | INFO |   [fold 1/3] treino=1,102,152 teste=551,080 | trials=20
2026-09-25 20:42:59,255 | INFO | [tune] logreg | n_trials=20 | timeout=1.7 min
2026-09-25 20:42:59,296 | INFO | [group_sample] 34,442/137,769 partidas (25%) -> 275,536 linhas
2026-09-25 20:43:19,196 | INFO | [obj] trial 0: loss=0.39124 | 19.8s
2026-09-25 20:43:56,515 | INFO | [obj] trial 1: loss=0.38094 | 37.3s
2026-09-25 20:44:41,476 | INFO | [obj] trial 2: loss=0.38097 | 44.9s
2026-09-25 20:44:51,581 | INFO |     tuning logreg: 4 trials (1 podados), loss=0.38094 | 1.9 min | best={'C': 6.351221010640703}
2026-09-25 20:45:08,992 | INFO | [fit] logreg: 191/191 coef. não nulos | n_iter=12
2026-09-25 20:45:09,325 | INFO |   fold 1: AUC=0.9142 | 2.2 min | decorrido 2 min
2026-09-25 20:45:09,363 | INFO |   [fold 2/3] treino=1,102,152 teste=551,080 | trials=6
2026-09-25 20:45:09,427 | INFO | [tune] logreg | n_trials=6 | timeout=1.3 min
2026-09-25 20:45:09,462 | INFO | [group_sample] 34,442/137,769 partidas (25%) -> 275,536 linhas
2026-09-25 20:45:40,924 | INFO | [obj] trial 0: loss=0.37821 | 31.4s
2026-09-25 20:46:08,424 | INFO | [obj] trial 1: loss=0.38913 | 27.5s
2026-09-25 20:46:39,936 | INFO | [obj] trial 2: loss=0.37821 | 31.5s
2026-09-25 20:46:39,961 | INFO |     tuning logreg: 3 trials (0 podados), loss=0.37821 | 1.5 min | best={'C': 6.351221010640703}
2026-09-25 20:46:57,449 | INFO | [fit] logreg: 191/191 coef. não nulos | n_iter=12
2026-09-25 20:46:57,782 | INFO |   fold 2: AUC=0.9142 | 1.8 min | decorrido 4 min
2026-09-25 20:46:57,826 | INFO |   [fold 3/3] treino=1,102,160 teste=551,072 | trials=6
2026-09-25 20:46:57,890 | INFO | [tune] logreg | n_trials=6 | timeout=1.3 min
2026-09-25 20:46:57,924 | INFO | [group_sample] 34,442/137,770 partidas (25%) -> 275,536 linhas
2026-09-25 20:47:30,239 | INFO | [obj] trial 0: loss=0.37914 | 32.2s
2026-09-25 20:48:02,798 | INFO | [obj] trial 1: loss=0.38938 | 32.5s
2026-09-25 20:48:35,072 | INFO | [obj] trial 2: loss=0.37914 | 32.2s
2026-09-25 20:48:35,097 | INFO |     tuning logreg: 3 trials (0 podados), loss=0.37914 | 1.6 min | best={'C': 6.351221010640703}
2026-09-25 20:48:51,232 | INFO | [fit] logreg: 191/191 coef. não nulos | n_iter=11
2026-09-25 20:48:51,566 | INFO |   fold 3: AUC=0.9142 | 1.9 min | decorrido 6 min
2026-09-25 20:48:51,920 | INFO | [run_nested] logreg: 5.9 min | AUC OOF=0.9142
2026-09-25 20:49:11,996 | INFO | [fit] logreg: 191/191 coef. não nulos | n_iter=9
2026-09-25 20:49:11,998 | INFO | [main] salvo results_no_units\models\final_logreg_A.joblib (0.0 MB)
2026-09-25 20:49:12,024 | INFO | == rf | A | 191 feats | tuning 15.1 min | decorrido 6 min
2026-09-25 20:49:12,438 | INFO |   [fold 1/3] treino=1,102,152 teste=551,080 | trials=20
2026-09-25 20:49:12,502 | INFO | [tune] rf | n_trials=20 | timeout=6.0 min
2026-09-25 20:49:12,537 | INFO | [group_sample] 34,442/137,769 partidas (25%) -> 275,536 linhas
2026-09-25 20:49:12,564 | INFO | [dense] (275536, 191) -> denso float32 (0.2 GB)
2026-09-25 20:49:19,804 | INFO | [obj] trial 0: loss=0.40244 | 7.1s
2026-09-25 20:49:26,896 | INFO | [obj] trial 1: loss=0.40186 | 7.1s
2026-09-25 20:49:33,631 | INFO | [obj] trial 2: loss=0.42514 | 6.7s
2026-09-25 20:49:40,866 | INFO | [obj] trial 3: loss=0.39527 | 7.2s
2026-09-25 20:50:10,649 | INFO | [obj] trial 4: loss=0.35521 | 29.8s
2026-09-25 20:50:38,808 | INFO | [obj] trial 5: loss=0.35797 | 28.1s
2026-09-25 20:50:58,096 | INFO | [obj] trial 6: loss=0.35596 | 19.3s
2026-09-25 20:51:25,160 | INFO | [obj] trial 7: loss=0.36142 | 27.0s
2026-09-25 20:51:54,775 | INFO | [obj] trial 8: loss=0.35521 | 29.6s
2026-09-25 20:52:37,661 | INFO | [obj] trial 11: loss=0.35615 | 29.0s
2026-09-25 20:53:09,852 | INFO | [obj] trial 13: loss=0.35491 | 29.6s
2026-09-25 20:53:46,557 | INFO | [obj] trial 15: loss=0.35468 | 30.7s
2026-09-25 20:54:16,707 | INFO | [obj] trial 16: loss=0.35473 | 30.1s
2026-09-25 20:54:47,457 | INFO | [obj] trial 17: loss=0.35468 | 30.7s
2026-09-25 20:54:59,744 | INFO |     tuning rf: 20 trials (6 podados), loss=0.35468 | 5.8 min | best={'max_depth': 24, 'min_samples_leaf': 2, 'max_features': 0.5}
2026-09-25 20:54:59,842 | INFO | [dense] (1102152, 191) -> denso float32 (0.8 GB)
[Parallel(n_jobs=-1)]: Using backend ThreadingBackend with 16 concurrent workers.
[Parallel(n_jobs=-1)]: Done  18 tasks      | elapsed:    2.3s
[Parallel(n_jobs=-1)]: Done 168 tasks      | elapsed:   12.5s
[Parallel(n_jobs=-1)]: Done 200 out of 200 | elapsed:   14.7s finished
2026-09-25 20:55:17,320 | INFO |   fold 1: AUC=0.9238 | 6.1 min | decorrido 12 min
2026-09-25 20:55:17,360 | INFO |   [fold 2/3] treino=1,102,152 teste=551,080 | trials=6
2026-09-25 20:55:17,438 | INFO | [tune] rf | n_trials=6 | timeout=4.5 min
2026-09-25 20:55:17,475 | INFO | [group_sample] 34,442/137,769 partidas (25%) -> 275,536 linhas
2026-09-25 20:55:17,503 | INFO | [dense] (275536, 191) -> denso float32 (0.2 GB)
2026-09-25 20:55:48,838 | INFO | [obj] trial 0: loss=0.35645 | 31.2s
2026-09-25 20:55:56,502 | INFO | [obj] trial 1: loss=0.40376 | 7.6s
2026-09-25 20:56:04,167 | INFO | [obj] trial 2: loss=0.40280 | 7.6s
2026-09-25 20:56:14,153 | INFO | [obj] trial 4: loss=0.39609 | 7.7s
2026-09-25 20:56:42,921 | INFO | [obj] trial 5: loss=0.35941 | 28.7s
2026-09-25 20:56:42,953 | INFO |     tuning rf: 6 trials (1 podados), loss=0.35645 | 1.4 min | best={'max_depth': 24, 'min_samples_leaf': 2, 'max_features': 0.5}
2026-09-25 20:56:43,053 | INFO | [dense] (1102152, 191) -> denso float32 (0.8 GB)
[Parallel(n_jobs=-1)]: Using backend ThreadingBackend with 16 concurrent workers.
[Parallel(n_jobs=-1)]: Done  18 tasks      | elapsed:    2.3s
[Parallel(n_jobs=-1)]: Done 168 tasks      | elapsed:   13.2s
[Parallel(n_jobs=-1)]: Done 200 out of 200 | elapsed:   15.1s finished
2026-09-25 20:57:00,904 | INFO |   fold 2: AUC=0.9236 | 1.7 min | decorrido 14 min
2026-09-25 20:57:00,938 | INFO |   [fold 3/3] treino=1,102,160 teste=551,072 | trials=6
2026-09-25 20:57:01,004 | INFO | [tune] rf | n_trials=6 | timeout=4.5 min
2026-09-25 20:57:01,038 | INFO | [group_sample] 34,442/137,770 partidas (25%) -> 275,536 linhas
2026-09-25 20:57:01,067 | INFO | [dense] (275536, 191) -> denso float32 (0.2 GB)
2026-09-25 20:57:32,075 | INFO | [obj] trial 0: loss=0.35660 | 30.9s
2026-09-25 20:57:40,286 | INFO | [obj] trial 1: loss=0.40380 | 8.2s
2026-09-25 20:57:47,914 | INFO | [obj] trial 2: loss=0.40291 | 7.6s
2026-09-25 20:57:58,201 | INFO | [obj] trial 4: loss=0.39647 | 7.7s
2026-09-25 20:58:29,674 | INFO | [obj] trial 5: loss=0.35933 | 31.4s
2026-09-25 20:58:29,704 | INFO |     tuning rf: 6 trials (1 podados), loss=0.35660 | 1.5 min | best={'max_depth': 24, 'min_samples_leaf': 2, 'max_features': 0.5}
2026-09-25 20:58:29,818 | INFO | [dense] (1102160, 191) -> denso float32 (0.8 GB)
[Parallel(n_jobs=-1)]: Using backend ThreadingBackend with 16 concurrent workers.
[Parallel(n_jobs=-1)]: Done  18 tasks      | elapsed:    2.4s
[Parallel(n_jobs=-1)]: Done 168 tasks      | elapsed:   14.0s
[Parallel(n_jobs=-1)]: Done 200 out of 200 | elapsed:   16.2s finished
2026-09-25 20:58:49,081 | INFO |   fold 3: AUC=0.9232 | 1.8 min | decorrido 16 min
2026-09-25 20:58:49,458 | INFO | [run_nested] rf: 9.6 min | AUC OOF=0.9235
2026-09-25 20:58:49,458 | INFO | [dense] (1653232, 191) -> denso float32 (1.3 GB)
[Parallel(n_jobs=-1)]: Using backend ThreadingBackend with 16 concurrent workers.
[Parallel(n_jobs=-1)]: Done  18 tasks      | elapsed:    3.0s
[Parallel(n_jobs=-1)]: Done 168 tasks      | elapsed:   16.4s
[Parallel(n_jobs=-1)]: Done 200 out of 200 | elapsed:   18.8s finished
2026-09-25 20:59:09,560 | INFO | [main] salvo results_no_units\models\final_rf_A.joblib (20.9 MB)
2026-09-25 20:59:09,590 | INFO | == lgbm | A | 191 feats | tuning 23.8 min | decorrido 16 min
2026-09-25 20:59:09,982 | INFO |   [fold 1/3] treino=1,102,152 teste=551,080 | trials=20
2026-09-25 20:59:10,049 | INFO | [tune] lgbm | n_trials=20 | timeout=9.5 min
2026-09-25 20:59:10,089 | INFO | [group_sample] 34,442/137,769 partidas (25%) -> 275,536 linhas
2026-09-25 20:59:21,561 | INFO | [obj] trial 0: loss=0.32737 | 11.4s | árvores=475
2026-09-25 20:59:46,078 | INFO | [obj] trial 1: loss=0.32606 | 24.5s | árvores=1491
2026-09-25 20:59:54,175 | INFO | [obj] trial 2: loss=0.32827 | 8.1s | árvores=447
2026-09-25 21:00:10,835 | INFO | [obj] trial 3: loss=0.32621 | 16.6s | árvores=1113
2026-09-25 21:00:37,479 | INFO | [obj] trial 5: loss=0.32630 | 20.5s | árvores=1009
2026-09-25 21:01:30,081 | INFO | [obj] trial 9: loss=0.32537 | 30.0s | árvores=2606
2026-09-25 21:02:18,007 | INFO | [obj] trial 10: loss=0.32529 | 47.9s | árvores=4539
2026-09-25 21:02:42,614 | INFO | [obj] trial 11: loss=0.32583 | 24.6s | árvores=2185
2026-09-25 21:03:23,604 | INFO | [obj] trial 12: loss=0.32566 | 41.0s | árvores=3711
2026-09-25 21:03:53,002 | INFO | [obj] trial 13: loss=0.32574 | 29.4s | árvores=1959
2026-09-25 21:04:21,294 | INFO | [obj] trial 14: loss=0.32550 | 28.3s | árvores=2116
2026-09-25 21:05:07,694 | INFO | [obj] trial 15: loss=0.32561 | 46.4s | árvores=4499
2026-09-25 21:05:55,300 | INFO | [obj] trial 16: loss=0.32512 | 47.6s | árvores=3884
2026-09-25 21:06:42,550 | INFO | [obj] trial 18: loss=0.32553 | 28.8s | árvores=1981
2026-09-25 21:07:28,097 | INFO | [obj] trial 19: loss=0.32523 | 45.5s | árvores=3875
2026-09-25 21:07:28,128 | INFO |     tuning lgbm: 20 trials (5 podados), loss=0.32512 | 8.3 min | best={'learning_rate': 0.03140570343331407, 'num_leaves': 20, 'min_child_samples': 97, 'subsample': 0.7574820079030267, 'colsample_bytree': 0.3804392518553657, 'reg_lambda': 5.817101458598127, 'n_estimators': 10000}
2026-09-25 21:15:11,720 | INFO | [fit] lgbm early stopping: 9991 árvores | ganho logloss últimas 1000: 0.00010
2026-09-25 21:16:13,128 | INFO |   fold 1: AUC=0.9384 | 17.1 min | decorrido 33 min
2026-09-25 21:16:13,167 | INFO |   [fold 2/3] treino=1,102,152 teste=551,080 | trials=6
2026-09-25 21:16:13,234 | INFO | [tune] lgbm | n_trials=6 | timeout=7.1 min
2026-09-25 21:16:13,275 | INFO | [group_sample] 34,442/137,769 partidas (25%) -> 275,536 linhas
2026-09-25 21:16:55,688 | INFO | [obj] trial 0: loss=0.31986 | 42.4s | árvores=3489
2026-09-25 21:17:07,250 | INFO | [obj] trial 1: loss=0.32216 | 11.5s | árvores=492
2026-09-25 21:17:29,215 | INFO | [obj] trial 2: loss=0.32090 | 21.9s | árvores=1341
2026-09-25 21:18:04,016 | INFO |     tuning lgbm: 6 trials (3 podados), loss=0.31986 | 1.8 min | best={'learning_rate': 0.03140570343331407, 'num_leaves': 20, 'min_child_samples': 97, 'subsample': 0.7574820079030267, 'colsample_bytree': 0.3804392518553657, 'reg_lambda': 5.817101458598127, 'n_estimators': 10000}
2026-09-25 21:25:52,684 | INFO | [fit] lgbm early stopping: 9994 árvores | ganho logloss últimas 1000: 0.00012
2026-09-25 21:26:51,101 | INFO |   fold 2: AUC=0.9387 | 10.6 min | decorrido 44 min
2026-09-25 21:26:51,140 | INFO |   [fold 3/3] treino=1,102,160 teste=551,072 | trials=6
2026-09-25 21:26:51,205 | INFO | [tune] lgbm | n_trials=6 | timeout=7.1 min
2026-09-25 21:26:51,238 | INFO | [group_sample] 34,442/137,770 partidas (25%) -> 275,536 linhas
2026-09-25 21:27:38,509 | INFO | [obj] trial 0: loss=0.32165 | 47.2s | árvores=3770
2026-09-25 21:27:50,436 | INFO | [obj] trial 1: loss=0.32364 | 11.9s | árvores=484
2026-09-25 21:28:15,126 | INFO | [obj] trial 2: loss=0.32265 | 24.7s | árvores=1484
2026-09-25 21:28:52,363 | INFO |     tuning lgbm: 6 trials (3 podados), loss=0.32165 | 2.0 min | best={'learning_rate': 0.03140570343331407, 'num_leaves': 20, 'min_child_samples': 97, 'subsample': 0.7574820079030267, 'colsample_bytree': 0.3804392518553657, 'reg_lambda': 5.817101458598127, 'n_estimators': 10000}
2026-09-25 21:36:38,231 | INFO | [fit] lgbm early stopping: 9993 árvores | ganho logloss últimas 1000: 0.00011
2026-09-25 21:37:38,631 | INFO |   fold 3: AUC=0.9384 | 10.8 min | decorrido 55 min
2026-09-25 21:37:38,994 | INFO | [run_nested] lgbm: 38.5 min | AUC OOF=0.9385
2026-09-25 21:49:16,217 | INFO | [fit] lgbm early stopping: 9954 árvores | ganho logloss últimas 1000: 0.00019
2026-09-25 21:49:16,862 | INFO | [main] salvo results_no_units\models\final_lgbm_A.joblib (9.0 MB)
2026-09-25 21:49:16,893 | INFO | == logreg | B | 192 feats | tuning 2.9 min | decorrido 66 min
2026-09-25 21:49:17,275 | INFO |   [fold 1/3] treino=1,102,152 teste=551,080 | trials=6
2026-09-25 21:49:17,342 | INFO | [tune] logreg | n_trials=6 | timeout=1.2 min
2026-09-25 21:49:17,377 | INFO | [group_sample] 34,442/137,769 partidas (25%) -> 275,536 linhas
2026-09-25 21:49:37,864 | INFO | [obj] trial 0: loss=0.35011 | 20.4s
2026-09-25 21:49:59,657 | INFO | [obj] trial 1: loss=0.35612 | 21.8s
2026-09-25 21:50:21,119 | INFO | [obj] trial 2: loss=0.35011 | 21.4s
2026-09-25 21:50:27,836 | INFO |     tuning logreg: 4 trials (1 podados), loss=0.35011 | 1.2 min | best={'C': 6.351221010640703}
2026-09-25 21:50:41,679 | INFO | [fit] logreg: 192/192 coef. não nulos | n_iter=9
2026-09-25 21:50:42,031 | INFO |   fold 1: AUC=0.9250 | 1.4 min | decorrido 68 min
2026-09-25 21:50:42,064 | INFO |   [fold 2/3] treino=1,102,152 teste=551,080 | trials=6
2026-09-25 21:50:42,133 | INFO | [tune] logreg | n_trials=6 | timeout=0.9 min
2026-09-25 21:50:42,181 | INFO | [group_sample] 34,442/137,769 partidas (25%) -> 275,536 linhas
2026-09-25 21:50:59,353 | INFO | [obj] trial 0: loss=0.34814 | 17.1s
2026-09-25 21:51:34,628 | INFO | [obj] trial 1: loss=0.35422 | 35.2s
2026-09-25 21:51:34,653 | INFO |     tuning logreg: 2 trials (0 podados), loss=0.34814 | 0.9 min | best={'C': 6.351221010640703}
2026-09-25 21:51:48,295 | INFO | [fit] logreg: 192/192 coef. não nulos | n_iter=9
2026-09-25 21:51:48,659 | INFO |   fold 2: AUC=0.9249 | 1.1 min | decorrido 69 min
2026-09-25 21:51:48,693 | INFO |   [fold 3/3] treino=1,102,160 teste=551,072 | trials=6
2026-09-25 21:51:48,759 | INFO | [tune] logreg | n_trials=6 | timeout=0.9 min
2026-09-25 21:51:48,793 | INFO | [group_sample] 34,442/137,770 partidas (25%) -> 275,536 linhas
2026-09-25 21:52:08,538 | INFO | [obj] trial 0: loss=0.34761 | 19.6s
2026-09-25 21:52:32,686 | INFO | [obj] trial 1: loss=0.35414 | 24.1s
2026-09-25 21:52:52,636 | INFO | [obj] trial 2: loss=0.34761 | 19.9s
2026-09-25 21:52:52,673 | INFO |     tuning logreg: 3 trials (0 podados), loss=0.34761 | 1.1 min | best={'C': 6.351221010640703}
2026-09-25 21:53:07,204 | INFO | [fit] logreg: 192/192 coef. não nulos | n_iter=9
2026-09-25 21:53:07,546 | INFO |   fold 3: AUC=0.9251 | 1.3 min | decorrido 70 min
2026-09-25 21:53:07,923 | INFO | [run_nested] logreg: 3.8 min | AUC OOF=0.9250
2026-09-25 21:53:28,730 | INFO | [fit] logreg: 192/192 coef. não nulos | n_iter=9
2026-09-25 21:53:28,732 | INFO | [main] salvo results_no_units\models\final_logreg_B.joblib (0.0 MB)
2026-09-25 21:53:28,759 | INFO | == rf | B | 192 feats | tuning 10.1 min | decorrido 71 min
2026-09-25 21:53:29,175 | INFO |   [fold 1/3] treino=1,102,152 teste=551,080 | trials=6
2026-09-25 21:53:29,242 | INFO | [tune] rf | n_trials=6 | timeout=4.0 min
2026-09-25 21:53:29,278 | INFO | [group_sample] 34,442/137,769 partidas (25%) -> 275,536 linhas
2026-09-25 21:53:29,307 | INFO | [dense] (275536, 192) -> denso float32 (0.2 GB)
2026-09-25 21:54:04,371 | INFO | [obj] trial 0: loss=0.35146 | 35.0s
2026-09-25 21:54:12,288 | INFO | [obj] trial 1: loss=0.39840 | 7.9s
2026-09-25 21:54:20,588 | INFO | [obj] trial 2: loss=0.39780 | 8.3s
2026-09-25 21:54:32,331 | INFO | [obj] trial 4: loss=0.39090 | 9.2s
2026-09-25 21:55:07,705 | INFO | [obj] trial 5: loss=0.35362 | 35.3s
2026-09-25 21:55:07,744 | INFO |     tuning rf: 6 trials (1 podados), loss=0.35146 | 1.6 min | best={'max_depth': 24, 'min_samples_leaf': 2, 'max_features': 0.5}
2026-09-25 21:55:07,846 | INFO | [dense] (1102152, 192) -> denso float32 (0.8 GB)
[Parallel(n_jobs=-1)]: Using backend ThreadingBackend with 16 concurrent workers.
[Parallel(n_jobs=-1)]: Done  18 tasks      | elapsed:    2.5s
[Parallel(n_jobs=-1)]: Done 168 tasks      | elapsed:   14.0s
[Parallel(n_jobs=-1)]: Done 200 out of 200 | elapsed:   15.9s finished
2026-09-25 21:55:26,684 | INFO |   fold 1: AUC=0.9264 | 2.0 min | decorrido 73 min
2026-09-25 21:55:26,722 | INFO |   [fold 2/3] treino=1,102,152 teste=551,080 | trials=6
2026-09-25 21:55:26,790 | INFO | [tune] rf | n_trials=6 | timeout=3.0 min
2026-09-25 21:55:26,829 | INFO | [group_sample] 34,442/137,769 partidas (25%) -> 275,536 linhas
2026-09-25 21:55:26,858 | INFO | [dense] (275536, 192) -> denso float32 (0.2 GB)
2026-09-25 21:56:00,519 | INFO | [obj] trial 0: loss=0.35082 | 33.5s
2026-09-25 21:56:08,221 | INFO | [obj] trial 1: loss=0.39723 | 7.7s
2026-09-25 21:56:15,861 | INFO | [obj] trial 2: loss=0.39652 | 7.6s
2026-09-25 21:56:26,165 | INFO | [obj] trial 4: loss=0.38969 | 7.8s
2026-09-25 21:56:57,213 | INFO | [obj] trial 5: loss=0.35317 | 31.0s
2026-09-25 21:56:57,240 | INFO |     tuning rf: 6 trials (1 podados), loss=0.35082 | 1.5 min | best={'max_depth': 24, 'min_samples_leaf': 2, 'max_features': 0.5}
2026-09-25 21:56:57,348 | INFO | [dense] (1102152, 192) -> denso float32 (0.8 GB)
[Parallel(n_jobs=-1)]: Using backend ThreadingBackend with 16 concurrent workers.
[Parallel(n_jobs=-1)]: Done  18 tasks      | elapsed:    2.5s
[Parallel(n_jobs=-1)]: Done 168 tasks      | elapsed:   15.6s
[Parallel(n_jobs=-1)]: Done 200 out of 200 | elapsed:   18.0s finished
2026-09-25 21:57:18,615 | INFO |   fold 2: AUC=0.9262 | 1.9 min | decorrido 74 min
2026-09-25 21:57:18,664 | INFO |   [fold 3/3] treino=1,102,160 teste=551,072 | trials=6
2026-09-25 21:57:18,739 | INFO | [tune] rf | n_trials=6 | timeout=3.0 min
2026-09-25 21:57:18,791 | INFO | [group_sample] 34,442/137,770 partidas (25%) -> 275,536 linhas
2026-09-25 21:57:18,826 | INFO | [dense] (275536, 192) -> denso float32 (0.2 GB)
2026-09-25 21:57:55,616 | INFO | [obj] trial 0: loss=0.35074 | 36.7s
2026-09-25 21:58:03,123 | INFO | [obj] trial 1: loss=0.39707 | 7.5s
2026-09-25 21:58:10,486 | INFO | [obj] trial 2: loss=0.39657 | 7.3s
2026-09-25 21:58:20,269 | INFO | [obj] trial 4: loss=0.38984 | 7.4s
2026-09-25 21:58:53,520 | INFO | [obj] trial 5: loss=0.35274 | 33.2s
2026-09-25 21:58:53,567 | INFO |     tuning rf: 6 trials (1 podados), loss=0.35074 | 1.6 min | best={'max_depth': 24, 'min_samples_leaf': 2, 'max_features': 0.5}
2026-09-25 21:58:53,670 | INFO | [dense] (1102160, 192) -> denso float32 (0.8 GB)
[Parallel(n_jobs=-1)]: Using backend ThreadingBackend with 16 concurrent workers.
[Parallel(n_jobs=-1)]: Done  18 tasks      | elapsed:    2.2s
[Parallel(n_jobs=-1)]: Done 168 tasks      | elapsed:   13.6s
[Parallel(n_jobs=-1)]: Done 200 out of 200 | elapsed:   15.6s finished
2026-09-25 21:59:12,189 | INFO |   fold 3: AUC=0.9261 | 1.9 min | decorrido 76 min
2026-09-25 21:59:12,548 | INFO | [run_nested] rf: 5.7 min | AUC OOF=0.9262
2026-09-25 21:59:12,548 | INFO | [dense] (1653232, 192) -> denso float32 (1.3 GB)
[Parallel(n_jobs=-1)]: Using backend ThreadingBackend with 16 concurrent workers.
[Parallel(n_jobs=-1)]: Done  18 tasks      | elapsed:    2.7s
[Parallel(n_jobs=-1)]: Done 168 tasks      | elapsed:   15.8s
[Parallel(n_jobs=-1)]: Done 200 out of 200 | elapsed:   18.0s finished
2026-09-25 21:59:31,755 | INFO | [main] salvo results_no_units\models\final_rf_B.joblib (20.7 MB)
2026-09-25 21:59:31,784 | INFO | == lgbm | B | 192 feats | tuning 15.8 min | decorrido 77 min
2026-09-25 21:59:32,168 | INFO |   [fold 1/3] treino=1,102,152 teste=551,080 | trials=6
2026-09-25 21:59:32,236 | INFO | [tune] lgbm | n_trials=6 | timeout=6.3 min
2026-09-25 21:59:32,272 | INFO | [group_sample] 34,442/137,769 partidas (25%) -> 275,536 linhas
2026-09-25 22:00:13,693 | INFO | [obj] trial 0: loss=0.32262 | 41.4s | árvores=3292
2026-09-25 22:00:24,454 | INFO | [obj] trial 1: loss=0.32377 | 10.7s | árvores=435
2026-09-25 22:00:44,279 | INFO | [obj] trial 2: loss=0.32295 | 19.8s | árvores=1107
2026-09-25 22:01:17,389 | INFO |     tuning lgbm: 6 trials (3 podados), loss=0.32262 | 1.8 min | best={'learning_rate': 0.03140570343331407, 'num_leaves': 20, 'min_child_samples': 97, 'subsample': 0.7574820079030267, 'colsample_bytree': 0.3804392518553657, 'reg_lambda': 5.817101458598127, 'n_estimators': 10000}
2026-09-25 22:09:06,310 | INFO | [fit] lgbm early stopping: 9998 árvores | ganho logloss últimas 1000: 0.00013
2026-09-25 22:10:08,287 | INFO |   fold 1: AUC=0.9395 | 10.6 min | decorrido 87 min
2026-09-25 22:10:08,332 | INFO |   [fold 2/3] treino=1,102,152 teste=551,080 | trials=6
2026-09-25 22:10:08,406 | INFO | [tune] lgbm | n_trials=6 | timeout=4.8 min
2026-09-25 22:10:08,448 | INFO | [group_sample] 34,442/137,769 partidas (25%) -> 275,536 linhas
2026-09-25 22:10:52,881 | INFO | [obj] trial 0: loss=0.31745 | 44.4s | árvores=3517
2026-09-25 22:11:04,962 | INFO | [obj] trial 1: loss=0.31886 | 12.0s | árvores=491
2026-09-25 22:11:29,066 | INFO | [obj] trial 2: loss=0.31764 | 24.1s | árvores=1395
2026-09-25 22:12:06,401 | INFO |     tuning lgbm: 6 trials (3 podados), loss=0.31745 | 2.0 min | best={'learning_rate': 0.03140570343331407, 'num_leaves': 20, 'min_child_samples': 97, 'subsample': 0.7574820079030267, 'colsample_bytree': 0.3804392518553657, 'reg_lambda': 5.817101458598127, 'n_estimators': 10000}
2026-09-25 22:19:32,325 | INFO | [fit] lgbm early stopping: 9172 árvores | ganho logloss últimas 1000: 0.00014
2026-09-25 22:20:25,425 | INFO |   fold 2: AUC=0.9397 | 10.3 min | decorrido 98 min
2026-09-25 22:20:25,467 | INFO |   [fold 3/3] treino=1,102,160 teste=551,072 | trials=6
2026-09-25 22:20:25,539 | INFO | [tune] lgbm | n_trials=6 | timeout=4.8 min
2026-09-25 22:20:25,577 | INFO | [group_sample] 34,442/137,770 partidas (25%) -> 275,536 linhas
2026-09-25 22:21:08,219 | INFO | [obj] trial 0: loss=0.32362 | 42.6s | árvores=3352
2026-09-25 22:21:17,966 | INFO | [obj] trial 1: loss=0.32571 | 9.7s | árvores=345
2026-09-25 22:21:41,850 | INFO | [obj] trial 2: loss=0.32446 | 23.8s | árvores=1423
2026-09-25 22:22:18,444 | INFO |     tuning lgbm: 6 trials (3 podados), loss=0.32362 | 1.9 min | best={'learning_rate': 0.03140570343331407, 'num_leaves': 20, 'min_child_samples': 97, 'subsample': 0.7574820079030267, 'colsample_bytree': 0.3804392518553657, 'reg_lambda': 5.817101458598127, 'n_estimators': 10000}
2026-09-25 22:30:07,826 | INFO | [fit] lgbm early stopping: 9919 árvores | ganho logloss últimas 1000: 0.00008
2026-09-25 22:31:09,358 | INFO |   fold 3: AUC=0.9396 | 10.7 min | decorrido 108 min
2026-09-25 22:31:09,773 | INFO | [run_nested] lgbm: 31.6 min | AUC OOF=0.9396
2026-09-25 22:42:51,588 | INFO | [fit] lgbm early stopping: 9979 árvores | ganho logloss últimas 1000: 0.00019
2026-09-25 22:42:52,247 | INFO | [main] salvo results_no_units\models\final_lgbm_B.joblib (9.0 MB)
2026-09-25 22:43:32,674 | INFO | [bootstrap] 100/500 | 40s
2026-09-25 22:44:11,523 | INFO | [bootstrap] 200/500 | 79s
2026-09-25 22:44:50,673 | INFO | [bootstrap] 300/500 | 118s
2026-09-25 22:45:29,141 | INFO | [bootstrap] 400/500 | 157s
2026-09-25 22:46:08,369 | INFO | [bootstrap] 500/500 | 196s
2026-09-25 22:46:09,140 | INFO | [metrics] n=1,653,232 | auc=0.7408 logloss=0.5789 brier=0.1983 f1=0.7262 match_top4_acc=0.6871
2026-09-25 22:46:10,355 | INFO | [metrics] n=1,653,232 | auc=0.9142 logloss=0.3784 brier=0.1170 f1=0.8363 match_top4_acc=0.8596
2026-09-25 22:46:11,545 | INFO | [metrics] n=1,653,232 | auc=0.9235 logloss=0.3541 brier=0.1109 f1=0.8451 match_top4_acc=0.8701
2026-09-25 22:46:12,730 | INFO | [metrics] n=1,653,232 | auc=0.9385 logloss=0.3160 brier=0.0989 f1=0.8612 match_top4_acc=0.8906
2026-09-25 22:46:13,925 | INFO | [metrics] n=1,653,232 | auc=0.9250 logloss=0.3489 brier=0.1092 f1=0.8467 match_top4_acc=0.8733
2026-09-25 22:46:15,088 | INFO | [metrics] n=1,653,232 | auc=0.9262 logloss=0.3481 brier=0.1087 f1=0.8484 match_top4_acc=0.8736
2026-09-25 22:46:16,278 | INFO | [metrics] n=1,653,232 | auc=0.9396 logloss=0.3131 brier=0.0979 f1=0.8627 match_top4_acc=0.8925
2026-09-25 22:46:16,287 | INFO | 
         model    auc  logloss  brier     f1  match_top4_acc  auc_lo  auc_hi  logloss_lo  logloss_hi  brier_lo  brier_hi
        lgbm_B 0.9396   0.3131 0.0979 0.8627          0.8925  0.9393  0.9399      0.3125      0.3139    0.0977    0.0982
        lgbm_A 0.9385   0.3160 0.0989 0.8612          0.8906  0.9382  0.9387      0.3154      0.3167    0.0987    0.0992
          rf_B 0.9262   0.3481 0.1087 0.8484          0.8736  0.9259  0.9265      0.3475      0.3488    0.1085    0.1089
      logreg_B 0.9250   0.3489 0.1092 0.8467          0.8733  0.9247  0.9253      0.3482      0.3497    0.1090    0.1095
          rf_A 0.9235   0.3541 0.1109 0.8451          0.8701  0.9232  0.9238      0.3535      0.3548    0.1106    0.1111
      logreg_A 0.9142   0.3784 0.1170 0.8363          0.8596  0.9138  0.9146      0.3775      0.3794    0.1168    0.1173
baseline_level 0.7408   0.5789 0.1983 0.7262          0.6871  0.7401  0.7415      0.5782      0.5795    0.1980    0.1986
2026-09-25 22:46:19,335 | INFO | [delong] baseline_level vs logreg_A: z=-450.86 | p=0.00e+00
2026-09-25 22:46:19,355 | INFO | [delong] baseline_level vs rf_A: z=-496.66 | p=0.00e+00
2026-09-25 22:46:19,374 | INFO | [delong] baseline_level vs lgbm_A: z=-546.46 | p=0.00e+00
2026-09-25 22:46:19,392 | INFO | [delong] baseline_level vs logreg_B: z=-518.38 | p=0.00e+00
2026-09-25 22:46:19,412 | INFO | [delong] baseline_level vs rf_B: z=-520.73 | p=0.00e+00
2026-09-25 22:46:19,431 | INFO | [delong] baseline_level vs lgbm_B: z=-555.00 | p=0.00e+00
2026-09-25 22:46:19,449 | INFO | [delong] logreg_A vs rf_A: z=-72.70 | p=0.00e+00
2026-09-25 22:46:19,468 | INFO | [delong] logreg_A vs lgbm_A: z=-193.07 | p=0.00e+00
2026-09-25 22:46:19,486 | INFO | [delong] logreg_A vs logreg_B: z=-116.04 | p=0.00e+00
2026-09-25 22:46:19,504 | INFO | [delong] logreg_A vs rf_B: z=-91.03 | p=0.00e+00
2026-09-25 22:46:19,523 | INFO | [delong] logreg_A vs lgbm_B: z=-197.74 | p=0.00e+00
2026-09-25 22:46:19,543 | INFO | [delong] rf_A vs lgbm_A: z=-171.26 | p=0.00e+00
2026-09-25 22:46:19,561 | INFO | [delong] rf_A vs logreg_B: z=-13.03 | p=7.92e-39
2026-09-25 22:46:19,579 | INFO | [delong] rf_A vs rf_B: z=-62.61 | p=0.00e+00
2026-09-25 22:46:19,597 | INFO | [delong] rf_A vs lgbm_B: z=-178.00 | p=0.00e+00
2026-09-25 22:46:19,618 | INFO | [delong] lgbm_A vs logreg_B: z=136.38 | p=0.00e+00
2026-09-25 22:46:19,637 | INFO | [delong] lgbm_A vs rf_B: z=145.10 | p=0.00e+00
2026-09-25 22:46:19,654 | INFO | [delong] lgbm_A vs lgbm_B: z=-42.78 | p=0.00e+00
2026-09-25 22:46:19,672 | INFO | [delong] logreg_B vs rf_B: z=-12.00 | p=3.58e-33
2026-09-25 22:46:19,690 | INFO | [delong] logreg_B vs lgbm_B: z=-156.93 | p=0.00e+00
2026-09-25 22:46:19,708 | INFO | [delong] rf_B vs lgbm_B: z=-163.15 | p=0.00e+00
2026-09-25 22:46:19,714 | INFO | [main] Holm aplicado: 42 comparações (42 significativas a 5%)
2026-09-25 22:46:19,953 | INFO | [main] temporal: teste=patch 16.5 (201,624) | treino=1,451,608
2026-09-25 22:46:44,160 | INFO | [fit] logreg: 186/186 coef. não nulos | n_iter=11
2026-09-25 22:46:44,384 | INFO | [metrics] n=201,624 | auc=0.9134 logloss=0.3782 brier=0.1189 f1=0.8371 match_top4_acc=0.8569
2026-09-25 22:46:44,417 | INFO | [dense] (1451608, 186) -> denso float32 (1.1 GB)
[Parallel(n_jobs=-1)]: Using backend ThreadingBackend with 16 concurrent workers.
[Parallel(n_jobs=-1)]: Done  18 tasks      | elapsed:    2.9s
[Parallel(n_jobs=-1)]: Done 168 tasks      | elapsed:   16.5s
[Parallel(n_jobs=-1)]: Done 200 out of 200 | elapsed:   18.8s finished
2026-09-25 22:47:04,930 | INFO | [metrics] n=201,624 | auc=0.9227 logloss=0.3598 brier=0.1121 f1=0.8478 match_top4_acc=0.8710
2026-09-25 22:57:18,788 | INFO | [fit] lgbm early stopping: 9993 árvores | ganho logloss últimas 1000: 0.00018
2026-09-25 22:57:42,120 | INFO | [metrics] n=201,624 | auc=0.9379 logloss=0.3193 brier=0.0998 f1=0.8625 match_top4_acc=0.8910
2026-09-25 22:58:02,457 | INFO | [fit] logreg: 187/187 coef. não nulos | n_iter=9
2026-09-25 22:58:02,674 | INFO | [metrics] n=201,624 | auc=0.9239 logloss=0.3554 brier=0.1119 f1=0.8475 match_top4_acc=0.8725
2026-09-25 22:58:02,714 | INFO | [dense] (1451608, 187) -> denso float32 (1.1 GB)
[Parallel(n_jobs=-1)]: Using backend ThreadingBackend with 16 concurrent workers.
[Parallel(n_jobs=-1)]: Done  18 tasks      | elapsed:    2.7s
[Parallel(n_jobs=-1)]: Done 168 tasks      | elapsed:   16.1s
[Parallel(n_jobs=-1)]: Done 200 out of 200 | elapsed:   18.5s finished
2026-09-25 22:58:22,924 | INFO | [metrics] n=201,624 | auc=0.9256 logloss=0.3537 brier=0.1098 f1=0.8512 match_top4_acc=0.8748
2026-09-25 23:08:38,786 | INFO | [fit] lgbm early stopping: 9993 árvores | ganho logloss últimas 1000: 0.00014
2026-09-25 23:09:01,570 | INFO | [metrics] n=201,624 | auc=0.9387 logloss=0.3173 brier=0.0991 f1=0.8641 match_top4_acc=0.8922
2026-09-25 23:09:02,385 | INFO | [main] saídas em D:\Estudos\TCC\tft_tcc_uspesalq_v2\results_no_units | Total: 146 min
------------------------------------------------------------------------------------------
[6/11] train_no_units: OK | duração 2:26:12 | log: logs\20260925_120527\06_train_no_units.log
==========================================================================================
[7/11] shap | 2026-09-25 23:09:02
$ 04_shap.py --res results --models lgbm --top-inter 40
------------------------------------------------------------------------------------------
2026-09-25 23:11:18,277 | [lgbm_A] SHAP em 5000 linhas × 816 features
2026-09-25 23:11:40,746 |   H1b SHAP médio por nº de traits ouro+: {0: 0.018, 1: -0.023, 2: 0.062, 3: 0.242}
